sku,name,brand,category,type,price,stock,image,description,active
HBC-150VA,Wixim DC-AC Inverter HBC-150VA 150VA DC12V Modified Square Wave w/ Charger,Wixim,Electrical & Lighting,DC-AC Inverter,4560.00,20,wixim-p4-1.webp,,yes
HBC-250VA,Wixim DC-AC Inverter HBC-250VA 250VA DC12V Modified Square Wave w/ Charger,Wixim,Electrical & Lighting,DC-AC Inverter,5760.00,20,wixim-p4-1.webp,,yes
HBC-350VA,Wixim DC-AC Inverter HBC-350VA 350VA DC12V Modified Square Wave w/ Charger,Wixim,Electrical & Lighting,DC-AC Inverter,6480.00,20,wixim-p4-1.webp,,yes
HBC-500VA,Wixim DC-AC Inverter HBC-500VA 500VA DC12V Modified Square Wave w/ Charger,Wixim,Electrical & Lighting,DC-AC Inverter,7320.00,20,wixim-p4-1.webp,,yes
HBC-1000VA,Wixim DC-AC Inverter HBC-1000VA 1000VA DC24V Modified Square Wave w/ Charger,Wixim,Electrical & Lighting,DC-AC Inverter,10800.00,20,wixim-p4-1.webp,,yes
HBC-1500VA,Wixim DC-AC Inverter HBC-1500VA 1500VA DC24V Modified Square Wave w/ Charger,Wixim,Electrical & Lighting,DC-AC Inverter,15300.00,20,wixim-p4-1.webp,,yes
HBC-2000VA,Wixim DC-AC Inverter HBC-2000VA 2000VA DC24V Modified Square Wave w/ Charger,Wixim,Electrical & Lighting,DC-AC Inverter,20400.00,20,wixim-p4-1.webp,,yes
HBC-3000VA,Wixim DC-AC Inverter HBC-3000VA 3000VA DC48V Modified Square Wave w/ Charger,Wixim,Electrical & Lighting,DC-AC Inverter,36720.00,20,wixim-p4-1.webp,,yes
HBC-5000VA,Wixim DC-AC Inverter HBC-5000VA 5000VA DC48V Modified Square Wave w/ Charger,Wixim,Electrical & Lighting,DC-AC Inverter,53040.00,20,wixim-p4-1.webp,,yes
LEAD-ACID-BATTERY-12V7AH,Wixim Regulated Lead-Acid Battery 12V 7Ah (20HR),Wixim,Electrical & Lighting,Regulated Lead-Acid Battery,1320.00,20,wixim-p4-2.webp,,yes
LEAD-ACID-BATTERY-12V50AH,Wixim Regulated Lead-Acid Battery 12V 50Ah (10HR),Wixim,Electrical & Lighting,Regulated Lead-Acid Battery,11040.00,20,wixim-p4-3.webp,,yes
TDGC2-250VA,Wixim Variac TDGC2-250VA Single Phase 250VA,Wixim,Electrical & Lighting,Variac,2880.00,20,wixim-p5-1.webp,,yes
TDGC2-500VA,Wixim Variac TDGC2-500VA Single Phase 500VA,Wixim,Electrical & Lighting,Variac,3120.00,20,wixim-p5-1.webp,,yes
TDGC2-1000VA,Wixim Variac TDGC2-1000VA Single Phase 1000VA,Wixim,Electrical & Lighting,Variac,5040.00,20,wixim-p5-1.webp,,yes
TDCC2-2000VA,Wixim Variac TDCC2-2000VA Single Phase 2000VA,Wixim,Electrical & Lighting,Variac,6600.00,20,wixim-p5-1.webp,,yes
TDGC2-3000VA,Wixim Variac TDGC2-3000VA Single Phase 3000VA,Wixim,Electrical & Lighting,Variac,8640.00,20,wixim-p5-1.webp,,yes
TDGC2-5000VA,Wixim Variac TDGC2-5000VA Single Phase 5000VA,Wixim,Electrical & Lighting,Variac,14400.00,20,wixim-p5-1.webp,,yes
TDGC2-10KVA,Wixim Variac TDGC2-10KVA Single Phase 10KVA,Wixim,Electrical & Lighting,Variac,31200.00,20,wixim-p5-1.webp,,yes
TDGC2-15KVA,Wixim Variac TDGC2-15KVA Single Phase 15KVA,Wixim,Electrical & Lighting,Variac,45600.00,20,wixim-p5-1.webp,,yes
TDGC2-20KVA,Wixim Variac TDGC2-20KVA Single Phase 20KVA,Wixim,Electrical & Lighting,Variac,61200.00,20,wixim-p5-1.webp,,yes
TDGC2-30KVA,Wixim Variac TDGC2-30KVA Single Phase 30KVA,Wixim,Electrical & Lighting,Variac,103200.00,20,wixim-p5-1.webp,,yes
TSGC2-1.5KVA,Wixim Variac TSGC2-1.5KVA Three Phase 1.5KVA,Wixim,Electrical & Lighting,Variac,12000.00,20,wixim-p5-1.webp,,yes
TSGC2-3KVA,Wixim Variac TSGC2-3KVA Three Phase 3KVA,Wixim,Electrical & Lighting,Variac,18000.00,20,wixim-p5-1.webp,,yes
TSGC2-6KVA,Wixim Variac TSGC2-6KVA Three Phase 6KVA,Wixim,Electrical & Lighting,Variac,31200.00,20,wixim-p5-1.webp,,yes
TSCC2-9KVA,Wixim Variac TSCC2-9KVA Three Phase 9KVA,Wixim,Electrical & Lighting,Variac,50400.00,20,wixim-p5-1.webp,,yes
TSGC2-15VA,Wixim Variac TSGC2-15VA Three Phase 15KVA,Wixim,Electrical & Lighting,Variac,69600.00,20,wixim-p5-1.webp,,yes
TSGC2-20KVA,Wixim Variac TSGC2-20KVA Three Phase 20KVA,Wixim,Electrical & Lighting,Variac,98400.00,20,wixim-p5-1.webp,,yes
TSGC2-30KVA,Wixim Variac TSGC2-30KVA Three Phase 30KVA,Wixim,Electrical & Lighting,Variac,138000.00,20,wixim-p5-1.webp,,yes
BK-30VA,Wixim Control Transformer BK-30VA Single Phase 30VA,Wixim,Electrical & Lighting,Control Transformer,1200.00,20,wixim-p6-1.webp,,yes
BK-50VA,Wixim Control Transformer BK-50VA Single Phase 50VA,Wixim,Electrical & Lighting,Control Transformer,1560.00,20,wixim-p6-1.webp,,yes
BK-75VA,Wixim Control Transformer BK-75VA Single Phase 75VA,Wixim,Electrical & Lighting,Control Transformer,1680.00,20,wixim-p6-1.webp,,yes
BK-100VA,Wixim Control Transformer BK-100VA Single Phase 100VA,Wixim,Electrical & Lighting,Control Transformer,2400.00,20,wixim-p6-1.webp,,yes
BK-150VA,Wixim Control Transformer BK-150VA Single Phase 150VA,Wixim,Electrical & Lighting,Control Transformer,2520.00,20,wixim-p6-1.webp,,yes
BK-200VA,Wixim Control Transformer BK-200VA Single Phase 200VA,Wixim,Electrical & Lighting,Control Transformer,2700.00,20,wixim-p6-1.webp,,yes
BK-250VA,Wixim Control Transformer BK-250VA Single Phase 250VA,Wixim,Electrical & Lighting,Control Transformer,3240.00,20,wixim-p6-1.webp,,yes
BK-300VA,Wixim Control Transformer BK-300VA Single Phase 300VA,Wixim,Electrical & Lighting,Control Transformer,3480.00,20,wixim-p6-1.webp,,yes
BK-350VA,Wixim Control Transformer BK-350VA Single Phase 350VA,Wixim,Electrical & Lighting,Control Transformer,3960.00,20,wixim-p6-1.webp,,yes
BK-400VA,Wixim Control Transformer BK-400VA Single Phase 400VA,Wixim,Electrical & Lighting,Control Transformer,4440.00,20,wixim-p6-1.webp,,yes
BK-500VA,Wixim Control Transformer BK-500VA Single Phase 500VA,Wixim,Electrical & Lighting,Control Transformer,4800.00,20,wixim-p6-1.webp,,yes
BK-750VA,Wixim Control Transformer BK-750VA Single Phase 750VA,Wixim,Electrical & Lighting,Control Transformer,6600.00,20,wixim-p6-1.webp,,yes
BK-1000VA,Wixim Control Transformer BK-1000VA Single Phase 1000VA,Wixim,Electrical & Lighting,Control Transformer,7920.00,20,wixim-p6-1.webp,,yes
BK-1500VA,Wixim Control Transformer BK-1500VA Single Phase 1500VA,Wixim,Electrical & Lighting,Control Transformer,10560.00,20,wixim-p6-1.webp,,yes
BK-2000VA,Wixim Control Transformer BK-2000VA Single Phase 2000VA,Wixim,Electrical & Lighting,Control Transformer,12240.00,20,wixim-p6-1.webp,,yes
BK-2500VA,Wixim Control Transformer BK-2500VA Single Phase 2500VA,Wixim,Electrical & Lighting,Control Transformer,15120.00,20,wixim-p6-1.webp,,yes
BK-3000VA,Wixim Control Transformer BK-3000VA Single Phase 3000VA,Wixim,Electrical & Lighting,Control Transformer,23400.00,20,wixim-p6-1.webp,,yes
BK-4000VA,Wixim Control Transformer BK-4000VA Single Phase 4000VA,Wixim,Electrical & Lighting,Control Transformer,29400.00,20,wixim-p6-1.webp,,yes
BK-5000VA,Wixim Control Transformer BK-5000VA Single Phase 5000VA,Wixim,Electrical & Lighting,Control Transformer,33240.00,20,wixim-p6-1.webp,,yes
BK-6000VA,Wixim Control Transformer BK-6000VA Single Phase 6000VA,Wixim,Electrical & Lighting,Control Transformer,40320.00,20,wixim-p6-1.webp,,yes
BK-7500VA,Wixim Control Transformer BK-7500VA Single Phase 7500VA,Wixim,Electrical & Lighting,Control Transformer,51360.00,20,wixim-p6-1.webp,,yes
BK-8000VA,Wixim Control Transformer BK-8000VA Single Phase 8000VA,Wixim,Electrical & Lighting,Control Transformer,58800.00,20,wixim-p6-1.webp,,yes
BK-10KVA,Wixim Control Transformer BK-10KVA Single Phase 10KVA,Wixim,Electrical & Lighting,Control Transformer,61200.00,20,wixim-p6-1.webp,,yes
BK-15KVA,Wixim Control Transformer BK-15KVA Single Phase 15KVA,Wixim,Electrical & Lighting,Control Transformer,67200.00,20,wixim-p6-1.webp,,yes
BK-20KVA,Wixim Control Transformer BK-20KVA Single Phase 20KVA,Wixim,Electrical & Lighting,Control Transformer,79200.00,20,wixim-p6-1.webp,,yes
BK-30KVA,Wixim Control Transformer BK-30KVA Single Phase 30KVA,Wixim,Electrical & Lighting,Control Transformer,96000.00,20,wixim-p6-1.webp,,yes
SG-100VA,Wixim Control Transformer SG-100VA Three Phase 100VA,Wixim,Electrical & Lighting,Control Transformer,3600.00,20,wixim-p6-2.webp,,yes
SG-200VA,Wixim Control Transformer SG-200VA Three Phase 200VA,Wixim,Electrical & Lighting,Control Transformer,5040.00,20,wixim-p6-2.webp,,yes
SG-300VA,Wixim Control Transformer SG-300VA Three Phase 300VA,Wixim,Electrical & Lighting,Control Transformer,6240.00,20,wixim-p6-2.webp,,yes
SG-500VA,Wixim Control Transformer SG-500VA Three Phase 500VA,Wixim,Electrical & Lighting,Control Transformer,6960.00,20,wixim-p6-2.webp,,yes
SG-1KVA,Wixim Control Transformer SG-1KVA Three Phase 1KVA,Wixim,Electrical & Lighting,Control Transformer,9840.00,20,wixim-p6-2.webp,,yes
SG-1.5KVA,Wixim Control Transformer SG-1.5KVA Three Phase 1.5KVA,Wixim,Electrical & Lighting,Control Transformer,13200.00,20,wixim-p6-2.webp,,yes
SG-2KVA,Wixim Control Transformer SG-2KVA Three Phase 2KVA,Wixim,Electrical & Lighting,Control Transformer,16800.00,20,wixim-p6-2.webp,,yes
SG-2.5KVA,Wixim Control Transformer SG-2.5KVA Three Phase 2.5KVA,Wixim,Electrical & Lighting,Control Transformer,18000.00,20,wixim-p6-2.webp,,yes
SG-3KVA,Wixim Control Transformer SG-3KVA Three Phase 3KVA,Wixim,Electrical & Lighting,Control Transformer,24000.00,20,wixim-p6-2.webp,,yes
SG-5KVA,Wixim Control Transformer SG-5KVA Three Phase 5KVA,Wixim,Electrical & Lighting,Control Transformer,36000.00,20,wixim-p6-2.webp,,yes
SG-7.5KVA,Wixim Control Transformer SG-7.5KVA Three Phase 7.5KVA,Wixim,Electrical & Lighting,Control Transformer,60000.00,20,wixim-p6-2.webp,,yes
SG-10KVA,Wixim Control Transformer SG-10KVA Three Phase 10KVA,Wixim,Electrical & Lighting,Control Transformer,69600.00,20,wixim-p6-2.webp,,yes
SG-15KVA,Wixim Control Transformer SG-15KVA Three Phase 15KVA,Wixim,Electrical & Lighting,Control Transformer,84000.00,20,wixim-p6-2.webp,,yes
SG-20KVA,Wixim Control Transformer SG-20KVA Three Phase 20KVA,Wixim,Electrical & Lighting,Control Transformer,98400.00,20,wixim-p6-2.webp,,yes
SG-25KVA,Wixim Control Transformer SG-25KVA Three Phase 25KVA,Wixim,Electrical & Lighting,Control Transformer,110400.00,20,wixim-p6-2.webp,,yes
SG-30KVA,Wixim Control Transformer SG-30KVA Three Phase 30KVA,Wixim,Electrical & Lighting,Control Transformer,151200.00,20,wixim-p6-2.webp,,yes
SG-50KVA,Wixim Control Transformer SG-50KVA Three Phase 50KVA,Wixim,Electrical & Lighting,Control Transformer,180000.00,20,wixim-p6-2.webp,,yes
SG-75KVA,Wixim Control Transformer SG-75KVA Three Phase 75KVA,Wixim,Electrical & Lighting,Control Transformer,216000.00,20,wixim-p6-2.webp,,yes
SG-100KVA,Wixim Control Transformer SG-100KVA Three Phase 100KVA,Wixim,Electrical & Lighting,Control Transformer,264000.00,20,wixim-p6-2.webp,,yes
GYB-100B,Wixim Round Meter Base GYB-100B 1 Phase 100A 4 Jaw,Wixim,Electrical & Lighting,Round Meter Base,480.00,20,wixim-p6-3.webp,,yes
ZXT-1KVA,Wixim Online UPS ZXT-1KVA 700W Sine Wave High Frequency (12Ah x2 battery),Wixim,Electrical & Lighting,UPS,21600.00,20,wixim-p7-1.webp,,yes
ZXT-1.5KVA,Wixim Online UPS ZXT-1.5KVA 1000W Sine Wave High Frequency (12Ah x2 battery),Wixim,Electrical & Lighting,UPS,26400.00,20,wixim-p7-1.webp,,yes
ZXT-2KVA,Wixim Online UPS ZXT-2KVA 1400W Sine Wave High Frequency (12Ah x2 battery),Wixim,Electrical & Lighting,UPS,42000.00,20,wixim-p7-1.webp,,yes
ZXT-3KVA,Wixim Online UPS ZXT-3KVA 2100W Sine Wave High Frequency (12Ah x4 battery),Wixim,Electrical & Lighting,UPS,57600.00,20,wixim-p7-1.webp,,yes
ZXT-4KVA,Wixim Online UPS ZXT-4KVA 2800W Sine Wave High Frequency (12Ah x4 battery),Wixim,Electrical & Lighting,UPS,79200.00,20,wixim-p7-1.webp,,yes
ZXT-5KVA,Wixim Online UPS ZXT-5KVA 3500W Sine Wave High Frequency (48V battery),Wixim,Electrical & Lighting,UPS,91200.00,20,wixim-p7-1.webp,,yes
MD-8KVA,Wixim Online UPS MD-8KVA 6400W Sine Wave High Frequency (96V battery),Wixim,Electrical & Lighting,UPS,276000.00,20,wixim-p7-1.webp,,yes
MD-10KVA,Wixim Online UPS MD-10KVA 8000W Sine Wave High Frequency (96V battery),Wixim,Electrical & Lighting,UPS,312000.00,20,wixim-p7-1.webp,,yes
UPS-SUPERPOWER-600VA,Wixim UPS Superpower Series 600VA 360W Off-Line Square Wave,Wixim,Electrical & Lighting,UPS,6000.00,20,wixim-p7-2.webp,,yes
UPS-SUPERPOWER-1000VA,Wixim UPS Superpower Series 1000VA 600W Off-Line Square Wave,Wixim,Electrical & Lighting,UPS,9600.00,20,wixim-p7-2.webp,,yes
UPS-SUPERPOWER-1200VA,Wixim UPS Superpower Series 1200VA 720W Off-Line Square Wave,Wixim,Electrical & Lighting,UPS,10800.00,20,wixim-p7-2.webp,,yes
UPS-SUPERPOWER-1500VA,Wixim UPS Superpower Series 1500VA 900W Off-Line Square Wave,Wixim,Electrical & Lighting,UPS,15600.00,20,wixim-p7-2.webp,,yes
S-15,Wixim Switching Power Supply S-15 15W AC-DC Single Output,Wixim,Electrical & Lighting,Power Supply,840.00,20,wixim-p8-1.webp,,yes
S-25,Wixim Switching Power Supply S-25 25W AC-DC Single Output,Wixim,Electrical & Lighting,Power Supply,888.00,20,wixim-p8-1.webp,,yes
S-35,Wixim Switching Power Supply S-35 35W AC-DC Single Output,Wixim,Electrical & Lighting,Power Supply,984.00,20,wixim-p8-1.webp,,yes
S-50,Wixim Switching Power Supply S-50 50W AC-DC Single Output,Wixim,Electrical & Lighting,Power Supply,1152.00,20,wixim-p8-1.webp,,yes
S-60,Wixim Switching Power Supply S-60 60W AC-DC Single Output,Wixim,Electrical & Lighting,Power Supply,1224.00,20,wixim-p8-1.webp,,yes
S-75,Wixim Switching Power Supply S-75 75W AC-DC Single Output,Wixim,Electrical & Lighting,Power Supply,1440.00,20,wixim-p8-1.webp,,yes
S-100,Wixim Switching Power Supply S-100 100W AC-DC Single Output,Wixim,Electrical & Lighting,Power Supply,1632.00,20,wixim-p8-1.webp,,yes
S-120,Wixim Switching Power Supply S-120 120W AC-DC Single Output,Wixim,Electrical & Lighting,Power Supply,1800.00,20,wixim-p8-1.webp,,yes
S-150,Wixim Switching Power Supply S-150 150W AC-DC Single Output,Wixim,Electrical & Lighting,Power Supply,1968.00,20,wixim-p8-1.webp,,yes
S-200,Wixim Switching Power Supply S-200 200W AC-DC Single Output,Wixim,Electrical & Lighting,Power Supply,2280.00,20,wixim-p8-1.webp,,yes
S-250,Wixim Switching Power Supply S-250 250W AC-DC Single Output,Wixim,Electrical & Lighting,Power Supply,2640.00,20,wixim-p8-1.webp,,yes
S-300,Wixim Switching Power Supply S-300 300W AC-DC Single Output,Wixim,Electrical & Lighting,Power Supply,3264.00,20,wixim-p8-1.webp,,yes
S-350,Wixim Switching Power Supply S-350 350W AC-DC Single Output,Wixim,Electrical & Lighting,Power Supply,3480.00,20,wixim-p8-1.webp,,yes
S-400,Wixim Switching Power Supply S-400 400W AC-DC Single Output,Wixim,Electrical & Lighting,Power Supply,4560.00,20,wixim-p8-1.webp,,yes
S-500,Wixim Switching Power Supply S-500 500W AC-DC Single Output,Wixim,Electrical & Lighting,Power Supply,6240.00,20,wixim-p8-1.webp,,yes
GV2-ME04,Wixim Motor Protection Circuit Breaker GV2-ME04 0.63A (setting 0.4-0.63A),Wixim,Electrical & Lighting,Motor Protection Circuit Breaker,1320.00,20,wixim-p9-1.webp,,yes
GV2-ME05,Wixim Motor Protection Circuit Breaker GV2-ME05 1.0A (setting 0.63-1.0A),Wixim,Electrical & Lighting,Motor Protection Circuit Breaker,1320.00,20,wixim-p9-1.webp,,yes
GV2-ME06,Wixim Motor Protection Circuit Breaker GV2-ME06 1.6A (setting 1-1.6A),Wixim,Electrical & Lighting,Motor Protection Circuit Breaker,1320.00,20,wixim-p9-1.webp,,yes
GV2-ME07,Wixim Motor Protection Circuit Breaker GV2-ME07 2.5A (setting 1.6-2.5A),Wixim,Electrical & Lighting,Motor Protection Circuit Breaker,1320.00,20,wixim-p9-1.webp,,yes
GV2-ME08,Wixim Motor Protection Circuit Breaker GV2-ME08 4.0A (setting 2.5-4A),Wixim,Electrical & Lighting,Motor Protection Circuit Breaker,1320.00,20,wixim-p9-1.webp,,yes
GV2-ME10,Wixim Motor Protection Circuit Breaker GV2-ME10 6.3A (setting 4-6.3A),Wixim,Electrical & Lighting,Motor Protection Circuit Breaker,1320.00,20,wixim-p9-1.webp,,yes
GV2-ME14,Wixim Motor Protection Circuit Breaker GV2-ME14 10A (setting 6-10A),Wixim,Electrical & Lighting,Motor Protection Circuit Breaker,1440.00,20,wixim-p9-1.webp,,yes
GV2-ME16,Wixim Motor Protection Circuit Breaker GV2-ME16 14A (setting 9-14A),Wixim,Electrical & Lighting,Motor Protection Circuit Breaker,1440.00,20,wixim-p9-1.webp,,yes
GV2-ME20,Wixim Motor Protection Circuit Breaker GV2-ME20 18A (setting 13-18A),Wixim,Electrical & Lighting,Motor Protection Circuit Breaker,1440.00,20,wixim-p9-1.webp,,yes
GV2-ME21,Wixim Motor Protection Circuit Breaker GV2-ME21 23A (setting 17-23A),Wixim,Electrical & Lighting,Motor Protection Circuit Breaker,1440.00,20,wixim-p9-1.webp,,yes
GV2-ME22,Wixim Motor Protection Circuit Breaker GV2-ME22 25A (setting 20-25A),Wixim,Electrical & Lighting,Motor Protection Circuit Breaker,1560.00,20,wixim-p9-1.webp,,yes
GV2-ME32,Wixim Motor Protection Circuit Breaker GV2-ME32 32A (setting 24-32A),Wixim,Electrical & Lighting,Motor Protection Circuit Breaker,1560.00,20,wixim-p9-1.webp,,yes
GV2-MC02,Wixim Motor Protection Circuit Breaker Enclosure GV2-MC02 IP55,Wixim,Electrical & Lighting,Motor Protection Circuit Breaker,696.00,20,wixim-p9-2.webp,,yes
Z3J-2C3,Wixim Photoelectric Switch Z3J-2C3 Built-In Amplifier 2m,Wixim,Electrical & Lighting,Photoelectric Switch,5040.00,20,wixim-p9-3.webp,,yes
Z3J-3C3,Wixim Photoelectric Switch Z3J-3C3 Built-In Amplifier 3m,Wixim,Electrical & Lighting,Photoelectric Switch,5040.00,20,wixim-p9-3.webp,,yes
Z3J-DS15E,Wixim Photoelectric Switch Z3J-DS15E Built-In Amplifier 15cm,Wixim,Electrical & Lighting,Photoelectric Switch,5040.00,20,wixim-p9-3.webp,,yes
Z3J-DS30E3,Wixim Photoelectric Switch Z3J-DS30E3 Built-In Amplifier 30cm,Wixim,Electrical & Lighting,Photoelectric Switch,5040.00,20,wixim-p9-3.webp,,yes
Z3J-DS50E3,Wixim Photoelectric Switch Z3J-DS50E3 Built-In Amplifier 50cm,Wixim,Electrical & Lighting,Photoelectric Switch,5040.00,20,wixim-p9-3.webp,,yes
Z3J-VS2RE3,Wixim Photoelectric Switch Z3J-VS2RE3 Built-In Amplifier 10mm Red mark sensor,Wixim,Electrical & Lighting,Photoelectric Switch,5040.00,20,wixim-p9-3.webp,,yes
Z3J-VS2GE3,Wixim Photoelectric Switch Z3J-VS2GE3 Built-In Amplifier 10mm Green mark sensor,Wixim,Electrical & Lighting,Photoelectric Switch,5040.00,20,wixim-p9-3.webp,,yes
KS-R22,Wixim Photoelectric Switch KS-R22 Red Light Source,Wixim,Electrical & Lighting,Photoelectric Switch,3600.00,20,wixim-p9-4.webp,,yes
KS-G22,Wixim Photoelectric Switch KS-G22 Green Light Source,Wixim,Electrical & Lighting,Photoelectric Switch,3600.00,20,wixim-p9-4.webp,,yes
KS-W22,Wixim Photoelectric Switch KS-W22 White Light Source,Wixim,Electrical & Lighting,Photoelectric Switch,3600.00,20,wixim-p9-4.webp,,yes
KS-B22,Wixim Photoelectric Switch KS-B22 Blue Light Source,Wixim,Electrical & Lighting,Photoelectric Switch,3600.00,20,wixim-p9-4.webp,,yes
KS-RG22,Wixim Photoelectric Switch KS-RG22 Red-Green Light Source,Wixim,Electrical & Lighting,Photoelectric Switch,3600.00,20,wixim-p9-4.webp,,yes
KS-BG22,Wixim Photoelectric Switch KS-BG22 Blue-Green Light Source,Wixim,Electrical & Lighting,Photoelectric Switch,3600.00,20,wixim-p9-4.webp,,yes
KS-GW22,Wixim Photoelectric Switch KS-GW22 Green-White Light Source,Wixim,Electrical & Lighting,Photoelectric Switch,3600.00,20,wixim-p9-4.webp,,yes
KS-RW22,Wixim Photoelectric Switch KS-RW22 Red-White Light Source,Wixim,Electrical & Lighting,Photoelectric Switch,3600.00,20,wixim-p9-4.webp,,yes
CJX2-D0910,Wixim Magnetic Contactor CJX2-D0910 9A,Wixim,Electrical & Lighting,Magnetic Contactor,528.00,20,wixim-p10-1.webp,,yes
CJX2-D1210,Wixim Magnetic Contactor CJX2-D1210 12A,Wixim,Electrical & Lighting,Magnetic Contactor,600.00,20,wixim-p10-1.webp,,yes
CJX2-D1810,Wixim Magnetic Contactor CJX2-D1810 18A,Wixim,Electrical & Lighting,Magnetic Contactor,672.00,20,wixim-p10-1.webp,,yes
CJX2-D2510,Wixim Magnetic Contactor CJX2-D2510 25A,Wixim,Electrical & Lighting,Magnetic Contactor,864.00,20,wixim-p10-1.webp,,yes
CJX2-D3210,Wixim Magnetic Contactor CJX2-D3210 32A,Wixim,Electrical & Lighting,Magnetic Contactor,1176.00,20,wixim-p10-1.webp,,yes
CJX2-D4011,Wixim Magnetic Contactor CJX2-D4011 40A,Wixim,Electrical & Lighting,Magnetic Contactor,2040.00,20,wixim-p10-2.webp,,yes
CJX2-D5011,Wixim Magnetic Contactor CJX2-D5011 50A,Wixim,Electrical & Lighting,Magnetic Contactor,2160.00,20,wixim-p10-2.webp,,yes
CJX2-D6511,Wixim Magnetic Contactor CJX2-D6511 65A,Wixim,Electrical & Lighting,Magnetic Contactor,2520.00,20,wixim-p10-2.webp,,yes
CJX2-D8011,Wixim Magnetic Contactor CJX2-D8011 80A,Wixim,Electrical & Lighting,Magnetic Contactor,3360.00,20,wixim-p10-2.webp,,yes
CJX2-D9511,Wixim Magnetic Contactor CJX2-D9511 95A,Wixim,Electrical & Lighting,Magnetic Contactor,3840.00,20,wixim-p10-2.webp,,yes
CJX2-F115,Wixim Magnetic Contactor CJX2-F115 115A,Wixim,Electrical & Lighting,Magnetic Contactor,8880.00,20,wixim-p10-3.webp,,yes
CJX2-F150,Wixim Magnetic Contactor CJX2-F150 150A,Wixim,Electrical & Lighting,Magnetic Contactor,9360.00,20,wixim-p10-3.webp,,yes
CJX2-F185,Wixim Magnetic Contactor CJX2-F185 185A,Wixim,Electrical & Lighting,Magnetic Contactor,14400.00,20,wixim-p10-3.webp,,yes
CJX2-F225,Wixim Magnetic Contactor CJX2-F225 225A,Wixim,Electrical & Lighting,Magnetic Contactor,14400.00,20,wixim-p10-3.webp,,yes
CJX2-F265,Wixim Magnetic Contactor CJX2-F265 265A,Wixim,Electrical & Lighting,Magnetic Contactor,20400.00,20,wixim-p10-3.webp,,yes
CJX2-F330,Wixim Magnetic Contactor CJX2-F330 330A,Wixim,Electrical & Lighting,Magnetic Contactor,21600.00,20,wixim-p10-3.webp,,yes
CJX2-F400,Wixim Magnetic Contactor CJX2-F400 400A,Wixim,Electrical & Lighting,Magnetic Contactor,22800.00,20,wixim-p10-3.webp,,yes
CJX2-F500,Wixim Magnetic Contactor CJX2-F500 500A,Wixim,Electrical & Lighting,Magnetic Contactor,26400.00,20,wixim-p10-3.webp,,yes
CJX2-F630,Wixim Magnetic Contactor CJX2-F630 630A,Wixim,Electrical & Lighting,Magnetic Contactor,38400.00,20,wixim-p10-3.webp,,yes
LR2-D13,Wixim Thermal Overload Relay LR2-D13 1.0-25A for LC1-D09~D18,Wixim,Electrical & Lighting,Thermal Overload Relay,468.00,20,wixim-p10-4.webp,,yes
LR2-D23,Wixim Thermal Overload Relay LR2-D23 23-40A for LC1-D25~D32,Wixim,Electrical & Lighting,Thermal Overload Relay,840.00,20,wixim-p10-4.webp,,yes
LR2-D33,Wixim Thermal Overload Relay LR2-D33 23-93A for LC1-D40~D95,Wixim,Electrical & Lighting,Thermal Overload Relay,1320.00,20,wixim-p10-4.webp,,yes
F4-11,Wixim Auxiliary Contact Block F4-11 2P Top Mounting 1NO-1NC,Wixim,Electrical & Lighting,Auxiliary Contact Block,132.00,20,wixim-p10-5.webp,,yes
F4-20,Wixim Auxiliary Contact Block F4-20 2P Top Mounting 2NO,Wixim,Electrical & Lighting,Auxiliary Contact Block,132.00,20,wixim-p10-5.webp,,yes
F4-02,Wixim Auxiliary Contact Block F4-02 2P Top Mounting 2NC,Wixim,Electrical & Lighting,Auxiliary Contact Block,132.00,20,wixim-p10-5.webp,,yes
LAD-N11,Wixim Auxiliary Contact Block LAD-N11 2P Top Mounting New Model,Wixim,Electrical & Lighting,Auxiliary Contact Block,180.00,20,wixim-p10-6.webp,,yes
F4-22,Wixim Auxiliary Contact Block F4-22 4P Top Mounting 2NO-2NC,Wixim,Electrical & Lighting,Auxiliary Contact Block,216.00,20,wixim-p10-7.webp,,yes
F4-40,Wixim Auxiliary Contact Block F4-40 4P Top Mounting 4NO,Wixim,Electrical & Lighting,Auxiliary Contact Block,216.00,20,wixim-p10-7.webp,,yes
F4-04,Wixim Auxiliary Contact Block F4-04 4P Top Mounting 4NC,Wixim,Electrical & Lighting,Auxiliary Contact Block,216.00,20,wixim-p10-7.webp,,yes
F4-13,Wixim Auxiliary Contact Block F4-13 4P Top Mounting 1NO-3NC,Wixim,Electrical & Lighting,Auxiliary Contact Block,216.00,20,wixim-p10-7.webp,,yes
F4-31,Wixim Auxiliary Contact Block F4-31 4P Top Mounting 3NO-1NC,Wixim,Electrical & Lighting,Auxiliary Contact Block,216.00,20,wixim-p10-7.webp,,yes
LAD-N22,Wixim Auxiliary Contact Block LAD-N22 4P Top Mounting New Model,Wixim,Electrical & Lighting,Auxiliary Contact Block,252.00,20,wixim-p10-8.webp,,yes
HA2-DT0,Wixim Delay Timer Block HA2-DT0 0.1-3s,Wixim,Electrical & Lighting,Auxiliary Contact Block,864.00,20,wixim-p10-9.webp,,yes
HA2-DT2,Wixim Delay Timer Block HA2-DT2 0.1-30s,Wixim,Electrical & Lighting,Auxiliary Contact Block,864.00,20,wixim-p10-9.webp,,yes
HA2-DT4,Wixim Delay Timer Block HA2-DT4 0.1-180s,Wixim,Electrical & Lighting,Auxiliary Contact Block,864.00,20,wixim-p10-9.webp,,yes
LC1-D0910,Wixim Magnetic Contactor LC1-D0910 9A New Model,Wixim,Electrical & Lighting,Magnetic Contactor,660.00,20,wixim-p11-1.webp,,yes
LC1-D1210,Wixim Magnetic Contactor LC1-D1210 12A New Model,Wixim,Electrical & Lighting,Magnetic Contactor,720.00,20,wixim-p11-1.webp,,yes
LC1-D1810,Wixim Magnetic Contactor LC1-D1810 18A New Model,Wixim,Electrical & Lighting,Magnetic Contactor,840.00,20,wixim-p11-1.webp,,yes
LC1-D2510,Wixim Magnetic Contactor LC1-D2510 25A New Model,Wixim,Electrical & Lighting,Magnetic Contactor,1080.00,20,wixim-p11-1.webp,,yes
LC1-D3210,Wixim Magnetic Contactor LC1-D3210 32A New Model,Wixim,Electrical & Lighting,Magnetic Contactor,1380.00,20,wixim-p11-1.webp,,yes
LC1-D4011,Wixim Magnetic Contactor LC1-D4011 40A New Model,Wixim,Electrical & Lighting,Magnetic Contactor,2280.00,20,wixim-p11-2.webp,,yes
LC1-D5011,Wixim Magnetic Contactor LC1-D5011 50A New Model,Wixim,Electrical & Lighting,Magnetic Contactor,2520.00,20,wixim-p11-2.webp,,yes
LC1-D6511,Wixim Magnetic Contactor LC1-D6511 65A New Model,Wixim,Electrical & Lighting,Magnetic Contactor,2880.00,20,wixim-p11-2.webp,,yes
LC1-D8011,Wixim Magnetic Contactor LC1-D8011 80A New Model,Wixim,Electrical & Lighting,Magnetic Contactor,3360.00,20,wixim-p11-2.webp,,yes
LC1-D9511,Wixim Magnetic Contactor LC1-D9511 95A New Model,Wixim,Electrical & Lighting,Magnetic Contactor,3960.00,20,wixim-p11-2.webp,,yes
LR2-D13-NEW,Wixim Thermal Overload Relay LR2-D13 New LRD Series 1.0-25A for LC1-D09-D18,Wixim,Electrical & Lighting,Thermal Overload Relay,600.00,20,wixim-p11-3.webp,,yes
LR2-D23-NEW,Wixim Thermal Overload Relay LR2-D23 New LRD Series 23-40A for LC1-D25-D32,Wixim,Electrical & Lighting,Thermal Overload Relay,960.00,20,wixim-p11-3.webp,,yes
LR2-D33-NEW,Wixim Thermal Overload Relay LR2-D33 New LRD Series 23-93A for LC1-D40-D95,Wixim,Electrical & Lighting,Thermal Overload Relay,1440.00,20,wixim-p11-3.webp,,yes
LR2-D53,Wixim Thermal Overload Relay LR2-D53 New LRD Series 80-220A for LC1-F115-225,Wixim,Electrical & Lighting,Thermal Overload Relay,1680.00,20,wixim-p11-3.webp,,yes
LE1-D09,Wixim Magnetic Starter LE1-D09 9A (overload 7-10A),Wixim,Electrical & Lighting,Magnetic Starter,1560.00,20,wixim-p11-4.webp,,yes
LE1-D12,Wixim Magnetic Starter LE1-D12 12A (overload 9-13A),Wixim,Electrical & Lighting,Magnetic Starter,1620.00,20,wixim-p11-4.webp,,yes
LE1-D18,Wixim Magnetic Starter LE1-D18 18A (overload 12-18A),Wixim,Electrical & Lighting,Magnetic Starter,1920.00,20,wixim-p11-4.webp,,yes
LE1-D25,Wixim Magnetic Starter LE1-D25 25A (overload 17-25A),Wixim,Electrical & Lighting,Magnetic Starter,2160.00,20,wixim-p11-4.webp,,yes
LE1-D32,Wixim Magnetic Starter LE1-D32 32A (overload 23-32A),Wixim,Electrical & Lighting,Magnetic Starter,2400.00,20,wixim-p11-4.webp,,yes
LE1-D40,Wixim Magnetic Starter LE1-D40 40A (overload 30-40A),Wixim,Electrical & Lighting,Magnetic Starter,4440.00,20,wixim-p11-4.webp,,yes
LE1-D50,Wixim Magnetic Starter LE1-D50 50A (overload 37-50A),Wixim,Electrical & Lighting,Magnetic Starter,4680.00,20,wixim-p11-4.webp,,yes
LE1-D65,Wixim Magnetic Starter LE1-D65 65A (overload 48-65A),Wixim,Electrical & Lighting,Magnetic Starter,4920.00,20,wixim-p11-4.webp,,yes
LE1-D80,Wixim Magnetic Starter LE1-D80 80A (overload 63-80A),Wixim,Electrical & Lighting,Magnetic Starter,5760.00,20,wixim-p11-4.webp,,yes
LE1-D95,Wixim Magnetic Starter LE1-D95 95A (overload 80-93A),Wixim,Electrical & Lighting,Magnetic Starter,6240.00,20,wixim-p11-4.webp,,yes
LP1-D0910,Wixim DC Magnetic Contactor LP1-D0910 9A DC24V Coil,Wixim,Electrical & Lighting,DC Magnetic Contactor,2040.00,20,wixim-p12-1.webp,,yes
LP1-D1210,Wixim DC Magnetic Contactor LP1-D1210 12A DC24V Coil,Wixim,Electrical & Lighting,DC Magnetic Contactor,2160.00,20,wixim-p12-1.webp,,yes
LP1-D1810,Wixim DC Magnetic Contactor LP1-D1810 18A DC24V Coil,Wixim,Electrical & Lighting,DC Magnetic Contactor,2280.00,20,wixim-p12-1.webp,,yes
LP1-D2510,Wixim DC Magnetic Contactor LP1-D2510 25A DC24V Coil,Wixim,Electrical & Lighting,DC Magnetic Contactor,2640.00,20,wixim-p12-1.webp,,yes
LP1-D3210,Wixim DC Magnetic Contactor LP1-D3210 32A DC24V Coil,Wixim,Electrical & Lighting,DC Magnetic Contactor,3000.00,20,wixim-p12-1.webp,,yes
LP1-D4011,Wixim DC Magnetic Contactor LP1-D4011 40A DC24V Coil,Wixim,Electrical & Lighting,DC Magnetic Contactor,4440.00,20,wixim-p12-2.webp,,yes
LP1-D5011,Wixim DC Magnetic Contactor LP1-D5011 50A DC24V Coil,Wixim,Electrical & Lighting,DC Magnetic Contactor,4680.00,20,wixim-p12-2.webp,,yes
LP1-D6511,Wixim DC Magnetic Contactor LP1-D6511 65A DC24V Coil,Wixim,Electrical & Lighting,DC Magnetic Contactor,5220.00,20,wixim-p12-2.webp,,yes
LP1-D8011,Wixim DC Magnetic Contactor LP1-D8011 80A DC24V Coil,Wixim,Electrical & Lighting,DC Magnetic Contactor,6120.00,20,wixim-p12-2.webp,,yes
LP1-D9511,Wixim DC Magnetic Contactor LP1-D9511 95A DC24V Coil,Wixim,Electrical & Lighting,DC Magnetic Contactor,6840.00,20,wixim-p12-2.webp,,yes
JZC4-D22,Wixim Contactor Relay JZC4-D22 2NO+2NC,Wixim,Electrical & Lighting,Contactor Relay,600.00,20,wixim-p12-3.webp,,yes
JZC4-D31,Wixim Contactor Relay JZC4-D31 3NO+1NC,Wixim,Electrical & Lighting,Contactor Relay,600.00,20,wixim-p12-3.webp,,yes
JZC4-D40,Wixim Contactor Relay JZC4-D40 4NO,Wixim,Electrical & Lighting,Contactor Relay,600.00,20,wixim-p12-3.webp,,yes
COIL-LC1-D09-D18-OLD,Wixim Contactor Coil for LC1-D09-D18 Old Model AC440/220/110/24V,Wixim,Electrical & Lighting,Coil of Contactor,120.00,20,wixim-p12-4.webp,,yes
COIL-LC1-D09-D18-NEW,Wixim Contactor Coil for LC1-D09-D18 New Model AC440/220/110/24V,Wixim,Electrical & Lighting,Coil of Contactor,144.00,20,wixim-p12-4.webp,,yes
COIL-LC1-D25-D32-OLD,Wixim Contactor Coil for LC1-D25-D32 Old Model AC440/220/110/24V,Wixim,Electrical & Lighting,Coil of Contactor,156.00,20,wixim-p12-5.webp,,yes
COIL-LC1-D25-D32-NEW,Wixim Contactor Coil for LC1-D25-D32 New Model AC440/220/110/24V,Wixim,Electrical & Lighting,Coil of Contactor,144.00,20,wixim-p12-5.webp,,yes
COIL-LC1-D40-D95-OLD,Wixim Contactor Coil for LC1-D40-D95 Old Model AC440/220/110/24V,Wixim,Electrical & Lighting,Coil of Contactor,240.00,20,wixim-p12-6.webp,,yes
COIL-LC1-D40-D95-NEW,Wixim Contactor Coil for LC1-D40-D95 New Model AC440/220/110/24V,Wixim,Electrical & Lighting,Coil of Contactor,288.00,20,wixim-p12-6.webp,,yes
COIL-SC-0,Wixim Contactor Coil for SC-0 AC440/220/110/24V,Wixim,Electrical & Lighting,Coil of Contactor,288.00,20,wixim-p12-7.webp,,yes
COIL-SC-4-1,Wixim Contactor Coil for SC-4-1 AC440/220/110/24V,Wixim,Electrical & Lighting,Coil of Contactor,288.00,20,wixim-p12-7.webp,,yes
COIL-SC-05,Wixim Contactor Coil for SC-05 AC440/220/110/24V,Wixim,Electrical & Lighting,Coil of Contactor,288.00,20,wixim-p12-7.webp,,yes
COIL-SC-5-1,Wixim Contactor Coil for SC-5-1 AC440/220/110/24V,Wixim,Electrical & Lighting,Coil of Contactor,288.00,20,wixim-p12-7.webp,,yes
COIL-SC-N1,Wixim Contactor Coil for SC-N1 AC440/220/110/24V,Wixim,Electrical & Lighting,Coil of Contactor,360.00,20,wixim-p12-8.webp,,yes
COIL-SC-N2,Wixim Contactor Coil for SC-N2 AC440/220/110/24V,Wixim,Electrical & Lighting,Coil of Contactor,360.00,20,wixim-p12-8.webp,,yes
COIL-SC-N2S,Wixim Contactor Coil for SC-N2S AC440/220/110/24V,Wixim,Electrical & Lighting,Coil of Contactor,600.00,20,wixim-p12-9.webp,,yes
COIL-SC-N3,Wixim Contactor Coil for SC-N3 AC440/220/110/24V,Wixim,Electrical & Lighting,Coil of Contactor,600.00,20,wixim-p12-9.webp,,yes
SZ-A11,Wixim Auxiliary Contact Block SZ-A11 2P Top Mounting 1NO-1NC,Wixim,Electrical & Lighting,Auxiliary Contact Block,156.00,20,wixim-p12-10.webp,,yes
SZ-A20,Wixim Auxiliary Contact Block SZ-A20 2P Top Mounting 2NO,Wixim,Electrical & Lighting,Auxiliary Contact Block,156.00,20,wixim-p12-10.webp,,yes
SZ-A02,Wixim Auxiliary Contact Block SZ-A02 2P Top Mounting 2NC,Wixim,Electrical & Lighting,Auxiliary Contact Block,156.00,20,wixim-p12-10.webp,,yes
SZ-A22,Wixim Auxiliary Contact Block SZ-A22 4P Top Mounting 2NO-2NC,Wixim,Electrical & Lighting,Auxiliary Contact Block,312.00,20,wixim-p12-11.webp,,yes
SZ-A40,Wixim Auxiliary Contact Block SZ-A40 4P Top Mounting 4NO,Wixim,Electrical & Lighting,Auxiliary Contact Block,312.00,20,wixim-p12-11.webp,,yes
SZ-A04,Wixim Auxiliary Contact Block SZ-A04 4P Top Mounting 4NC,Wixim,Electrical & Lighting,Auxiliary Contact Block,312.00,20,wixim-p12-11.webp,,yes
SZ-A13,Wixim Auxiliary Contact Block SZ-A13 4P Top Mounting 1NO-3NC,Wixim,Electrical & Lighting,Auxiliary Contact Block,312.00,20,wixim-p12-11.webp,,yes
SZ-A31,Wixim Auxiliary Contact Block SZ-A31 4P Top Mounting 3NO-1NC,Wixim,Electrical & Lighting,Auxiliary Contact Block,312.00,20,wixim-p12-11.webp,,yes
SC-0,Wixim Magnetic Contactor SC-0 13A 1NO,Wixim,Electrical & Lighting,Magnetic Contactor,792.00,20,wixim-p13-1.webp,,yes
SC-05,Wixim Magnetic Contactor SC-05 13A 1NO+1NC,Wixim,Electrical & Lighting,Magnetic Contactor,1008.00,20,wixim-p13-1.webp,,yes
SC-4-1,Wixim Magnetic Contactor SC-4-1 22A 1NO,Wixim,Electrical & Lighting,Magnetic Contactor,1104.00,20,wixim-p13-1.webp,,yes
SC-5-1,Wixim Magnetic Contactor SC-5-1 22A 1NO+1NC,Wixim,Electrical & Lighting,Magnetic Contactor,1200.00,20,wixim-p13-1.webp,,yes
SC-N1,Wixim Magnetic Contactor SC-N1 32A 2NO+2NC,Wixim,Electrical & Lighting,Magnetic Contactor,1848.00,20,wixim-p13-2.webp,,yes
SC-N2,Wixim Magnetic Contactor SC-N2 40A 2NO+2NC,Wixim,Electrical & Lighting,Magnetic Contactor,2520.00,20,wixim-p13-2.webp,,yes
SC-N2S,Wixim Magnetic Contactor SC-N2S 50A 2NO+2NC,Wixim,Electrical & Lighting,Magnetic Contactor,3120.00,20,wixim-p13-2.webp,,yes
SC-N3,Wixim Magnetic Contactor SC-N3 65A 2NO+2NC,Wixim,Electrical & Lighting,Magnetic Contactor,3360.00,20,wixim-p13-2.webp,,yes
TR-0N/3,Wixim Thermal Overload Relay TR-0N/3 for SC-0/SC-05,Wixim,Electrical & Lighting,Thermal Overload Relay,600.00,20,wixim-p13-3.webp,,yes
TR-5-1N/3,Wixim Thermal Overload Relay TR-5-1N/3 for SC-4-1/SC-5-1,Wixim,Electrical & Lighting,Thermal Overload Relay,744.00,20,wixim-p13-3.webp,,yes
TR-N2/3,Wixim Thermal Overload Relay TR-N2/3 for SC-N1/SC-N2,Wixim,Electrical & Lighting,Thermal Overload Relay,1152.00,20,wixim-p13-3.webp,,yes
TR-N3/3,Wixim Thermal Overload Relay TR-N3/3 for SC-N2S/SC-N3,Wixim,Electrical & Lighting,Thermal Overload Relay,1440.00,20,wixim-p13-3.webp,,yes
MC-9B,Wixim Magnetic Contactor MC-9b 11A AC220V,Wixim,Electrical & Lighting,Magnetic Contactor,792.00,20,wixim-p13-4.webp,,yes
MC-12B,Wixim Magnetic Contactor MC-12b 13A AC220V,Wixim,Electrical & Lighting,Magnetic Contactor,912.00,20,wixim-p13-4.webp,,yes
MC-18B,Wixim Magnetic Contactor MC-18b 18A AC220V,Wixim,Electrical & Lighting,Magnetic Contactor,1056.00,20,wixim-p13-4.webp,,yes
MC-22B,Wixim Magnetic Contactor MC-22b 22A AC220V,Wixim,Electrical & Lighting,Magnetic Contactor,1176.00,20,wixim-p13-4.webp,,yes
MC-32A,Wixim Magnetic Contactor MC-32a 32A AC220V,Wixim,Electrical & Lighting,Magnetic Contactor,1440.00,20,wixim-p13-5.webp,,yes
MC-40A,Wixim Magnetic Contactor MC-40a 40A AC220V,Wixim,Electrical & Lighting,Magnetic Contactor,1800.00,20,wixim-p13-5.webp,,yes
MC-50A,Wixim Magnetic Contactor MC-50a 55A AC220V,Wixim,Electrical & Lighting,Magnetic Contactor,3000.00,20,wixim-p13-5.webp,,yes
MC-65A,Wixim Magnetic Contactor MC-65a 65A AC220V,Wixim,Electrical & Lighting,Magnetic Contactor,3240.00,20,wixim-p13-5.webp,,yes
MC-75A,Wixim Magnetic Contactor MC-75a 75A AC220V,Wixim,Electrical & Lighting,Magnetic Contactor,5040.00,20,wixim-p13-5.webp,,yes
MC-85A,Wixim Magnetic Contactor MC-85a 85A AC220V,Wixim,Electrical & Lighting,Magnetic Contactor,5280.00,20,wixim-p13-5.webp,,yes
MC-100A,Wixim Magnetic Contactor MC-100a 100A AC220V,Wixim,Electrical & Lighting,Magnetic Contactor,5760.00,20,wixim-p13-5.webp,,yes
MT-32A,Wixim Thermal Overload Relay MT-32a 1.0-40A for MC-9b to MC-40a,Wixim,Electrical & Lighting,Thermal Overload Relay,792.00,20,wixim-p13-6.webp,,yes
MT-63A,Wixim Thermal Overload Relay MT-63a 12-65A for MC-50a/65a,Wixim,Electrical & Lighting,Thermal Overload Relay,2016.00,20,wixim-p13-6.webp,,yes
MT-95A,Wixim Thermal Overload Relay MT-95a 54-100A for MC-75a/85a/100a,Wixim,Electrical & Lighting,Thermal Overload Relay,2760.00,20,wixim-p13-6.webp,,yes
S-K10,Wixim Magnetic Contactor S-K10 11A AC220V,Wixim,Electrical & Lighting,Magnetic Contactor,600.00,20,wixim-p14-1.webp,,yes
S-K11,Wixim Magnetic Contactor S-K11 13A AC220V,Wixim,Electrical & Lighting,Magnetic Contactor,624.00,20,wixim-p14-1.webp,,yes
S-K12,Wixim Magnetic Contactor S-K12 13A AC220V,Wixim,Electrical & Lighting,Magnetic Contactor,720.00,20,wixim-p14-1.webp,,yes
S-K18,Wixim Magnetic Contactor S-K18 18A AC220V,Wixim,Electrical & Lighting,Magnetic Contactor,960.00,20,wixim-p14-1.webp,,yes
S-K20,Wixim Magnetic Contactor S-K20 22A AC220V,Wixim,Electrical & Lighting,Magnetic Contactor,1140.00,20,wixim-p14-1.webp,,yes
S-K21,Wixim Magnetic Contactor S-K21 22A AC220V,Wixim,Electrical & Lighting,Magnetic Contactor,1176.00,20,wixim-p14-1.webp,,yes
S-K25,Wixim Magnetic Contactor S-K25 30A AC220V,Wixim,Electrical & Lighting,Magnetic Contactor,1320.00,20,wixim-p14-2.webp,,yes
S-K35,Wixim Magnetic Contactor S-K35 40A AC220V,Wixim,Electrical & Lighting,Magnetic Contactor,1440.00,20,wixim-p14-2.webp,,yes
S-K50,Wixim Magnetic Contactor S-K50 55A AC220V,Wixim,Electrical & Lighting,Magnetic Contactor,2640.00,20,wixim-p14-2.webp,,yes
S-K65,Wixim Magnetic Contactor S-K65 65A AC220V,Wixim,Electrical & Lighting,Magnetic Contactor,2880.00,20,wixim-p14-2.webp,,yes
S-K80,Wixim Magnetic Contactor S-K80 85A AC220V,Wixim,Electrical & Lighting,Magnetic Contactor,3600.00,20,wixim-p14-2.webp,,yes
S-K95,Wixim Magnetic Contactor S-K95 105A AC220V,Wixim,Electrical & Lighting,Magnetic Contactor,4560.00,20,wixim-p14-2.webp,,yes
TH-K12,Wixim Thermal Overload Relay TH-K12 for S-K10/K11/K12,Wixim,Electrical & Lighting,Thermal Overload Relay,576.00,20,wixim-p14-3.webp,,yes
TH-K20,Wixim Thermal Overload Relay TH-K20 for S-K18/K20/K21/K25/K35,Wixim,Electrical & Lighting,Thermal Overload Relay,600.00,20,wixim-p14-3.webp,,yes
TH-K60,Wixim Thermal Overload Relay TH-K60 for S-K50/K65/K80/K95,Wixim,Electrical & Lighting,Thermal Overload Relay,1320.00,20,wixim-p14-3.webp,,yes
MS-K10,Wixim Magnetic Starter MS-K10 11A AC220V,Wixim,Electrical & Lighting,Magnetic Starter,1680.00,20,wixim-p14-4.webp,,yes
MS-K11,Wixim Magnetic Starter MS-K11 13A AC220V,Wixim,Electrical & Lighting,Magnetic Starter,1800.00,20,wixim-p14-4.webp,,yes
MS-K18,Wixim Magnetic Starter MS-K18 18A AC220V,Wixim,Electrical & Lighting,Magnetic Starter,2160.00,20,wixim-p14-4.webp,,yes
MS-K20,Wixim Magnetic Starter MS-K20 22A AC220V,Wixim,Electrical & Lighting,Magnetic Starter,2520.00,20,wixim-p14-4.webp,,yes
MS-K21,Wixim Magnetic Starter MS-K21 22A AC220V,Wixim,Electrical & Lighting,Magnetic Starter,2640.00,20,wixim-p14-4.webp,,yes
MS-K25,Wixim Magnetic Starter MS-K25 30A AC220V,Wixim,Electrical & Lighting,Magnetic Starter,2880.00,20,wixim-p14-4.webp,,yes
MS-K35,Wixim Magnetic Starter MS-K35 40A AC220V,Wixim,Electrical & Lighting,Magnetic Starter,3360.00,20,wixim-p14-4.webp,,yes
MS-K50,Wixim Magnetic Starter MS-K50 55A AC220V,Wixim,Electrical & Lighting,Magnetic Starter,5400.00,20,wixim-p14-4.webp,,yes
MS-K65,Wixim Magnetic Starter MS-K65 65A AC220V,Wixim,Electrical & Lighting,Magnetic Starter,5760.00,20,wixim-p14-4.webp,,yes
MS-K80,Wixim Magnetic Starter MS-K80 85A AC220V,Wixim,Electrical & Lighting,Magnetic Starter,6960.00,20,wixim-p14-4.webp,,yes
MS-K95,Wixim Magnetic Starter MS-K95 105A AC220V,Wixim,Electrical & Lighting,Magnetic Starter,7200.00,20,wixim-p14-4.webp,,yes
S-N10,Wixim Magnetic Contactor S-N10 11A AC220V 1NO,Wixim,Electrical & Lighting,Magnetic Contactor,696.00,20,wixim-p15-1.webp,,yes
S-N11,Wixim Magnetic Contactor S-N11 13A AC220V 1NO,Wixim,Electrical & Lighting,Magnetic Contactor,720.00,20,wixim-p15-1.webp,,yes
S-N12,Wixim Magnetic Contactor S-N12 13A AC220V 1NO-1NC,Wixim,Electrical & Lighting,Magnetic Contactor,840.00,20,wixim-p15-1.webp,,yes
S-N18,Wixim Magnetic Contactor S-N18 18A AC220V,Wixim,Electrical & Lighting,Magnetic Contactor,1152.00,20,wixim-p15-1.webp,,yes
S-N20,Wixim Magnetic Contactor S-N20 22A AC220V 1NO-1NC,Wixim,Electrical & Lighting,Magnetic Contactor,1200.00,20,wixim-p15-1.webp,,yes
S-N21,Wixim Magnetic Contactor S-N21 22A AC220V 2NO-2NC,Wixim,Electrical & Lighting,Magnetic Contactor,1320.00,20,wixim-p15-1.webp,,yes
S-N25,Wixim Magnetic Contactor S-N25 30A AC220V 2NO-2NC,Wixim,Electrical & Lighting,Magnetic Contactor,1680.00,20,wixim-p15-2.webp,,yes
S-N35,Wixim Magnetic Contactor S-N35 40A AC220V 2NO-2NC,Wixim,Electrical & Lighting,Magnetic Contactor,1800.00,20,wixim-p15-2.webp,,yes
S-N50,Wixim Magnetic Contactor S-N50 55A AC220V 2NO-2NC,Wixim,Electrical & Lighting,Magnetic Contactor,3000.00,20,wixim-p15-2.webp,,yes
S-N65,Wixim Magnetic Contactor S-N65 68A AC220V 2NO-2NC,Wixim,Electrical & Lighting,Magnetic Contactor,3120.00,20,wixim-p15-2.webp,,yes
S-N80,Wixim Magnetic Contactor S-N80 85A AC220V 2NO-2NC,Wixim,Electrical & Lighting,Magnetic Contactor,4200.00,20,wixim-p15-2.webp,,yes
S-N95,Wixim Magnetic Contactor S-N95 105A AC220V 2NO-2NC,Wixim,Electrical & Lighting,Magnetic Contactor,4440.00,20,wixim-p15-2.webp,,yes
TH-N18,Wixim Thermal Overload Relay TH-N18 for S-N10/N11/N12,Wixim,Electrical & Lighting,Thermal Overload Relay,660.00,20,wixim-p15-3.webp,,yes
TH-N20,Wixim Thermal Overload Relay TH-N20 for S-N18/N20/N21/N25/N35,Wixim,Electrical & Lighting,Thermal Overload Relay,720.00,20,wixim-p15-3.webp,,yes
TH-N60,Wixim Thermal Overload Relay TH-N60 for S-N50/N65/N80/N95,Wixim,Electrical & Lighting,Thermal Overload Relay,1320.00,20,wixim-p15-3.webp,,yes
DCK3-1.5P,Wixim Air Conditioner Contactor DCK3-1.5P 1.5 Pole AC240V,Wixim,Electrical & Lighting,Air Conditioner Contactor,984.00,20,wixim-p15-4.webp,,yes
DCK3-2P,Wixim Air Conditioner Contactor DCK3-2P 2 Pole AC240V,Wixim,Electrical & Lighting,Air Conditioner Contactor,1140.00,20,wixim-p15-5.webp,,yes
DCK3-3P,Wixim Air Conditioner Contactor DCK3-3P 3 Pole AC240V,Wixim,Electrical & Lighting,Air Conditioner Contactor,1320.00,20,wixim-p15-6.webp,,yes
S-T10,Wixim Magnetic Contactor S-T10 11A AC220V 1NO,Wixim,Electrical & Lighting,Magnetic Contactor,840.00,20,wixim-p16-1.webp,,yes
S-T12,Wixim Magnetic Contactor S-T12 13A AC220V 1NO-1NC,Wixim,Electrical & Lighting,Magnetic Contactor,960.00,20,wixim-p16-1.webp,,yes
S-T20,Wixim Magnetic Contactor S-T20 18A AC220V 1NO-1NC,Wixim,Electrical & Lighting,Magnetic Contactor,1440.00,20,wixim-p16-1.webp,,yes
S-T21,Wixim Magnetic Contactor S-T21 25A AC220V 2NO-2NC,Wixim,Electrical & Lighting,Magnetic Contactor,1800.00,20,wixim-p16-1.webp,,yes
S-T25,Wixim Magnetic Contactor S-T25 30A AC220V 2NO-2NC,Wixim,Electrical & Lighting,Magnetic Contactor,1800.00,20,wixim-p16-2.webp,,yes
S-T35,Wixim Magnetic Contactor S-T35 40A AC220V 2NO-2NC,Wixim,Electrical & Lighting,Magnetic Contactor,2280.00,20,wixim-p16-2.webp,,yes
S-T50,Wixim Magnetic Contactor S-T50 55A AC220V 2NO-2NC,Wixim,Electrical & Lighting,Magnetic Contactor,3360.00,20,wixim-p16-2.webp,,yes
S-T65,Wixim Magnetic Contactor S-T65 65A AC220V 2NO-2NC,Wixim,Electrical & Lighting,Magnetic Contactor,3600.00,20,wixim-p16-2.webp,,yes
S-T80,Wixim Magnetic Contactor S-T80 80A AC220V 2NO-2NC,Wixim,Electrical & Lighting,Magnetic Contactor,4560.00,20,wixim-p16-2.webp,,yes
S-T100,Wixim Magnetic Contactor S-T100 105A AC220V 2NO-2NC,Wixim,Electrical & Lighting,Magnetic Contactor,5760.00,20,wixim-p16-2.webp,,yes
TH-T12,Wixim Thermal Overload Relay TH-T12 for S-T10/T12/T20,Wixim,Electrical & Lighting,Thermal Overload Relay,720.00,20,wixim-p16-3.webp,,yes
TH-T25,Wixim Thermal Overload Relay TH-T25 for S-T21/T25/T35/T50,Wixim,Electrical & Lighting,Thermal Overload Relay,792.00,20,wixim-p16-3.webp,,yes
TH-T50,Wixim Thermal Overload Relay TH-T50 for S-T35/T50,Wixim,Electrical & Lighting,Thermal Overload Relay,1092.00,20,wixim-p16-3.webp,,yes
TH-T65,Wixim Thermal Overload Relay TH-T65 for S-T65/T80,Wixim,Electrical & Lighting,Thermal Overload Relay,1140.00,20,wixim-p16-3.webp,,yes
TH-T100,Wixim Thermal Overload Relay TH-T100 for S-T80/T100,Wixim,Electrical & Lighting,Thermal Overload Relay,1596.00,20,wixim-p16-3.webp,,yes
CDM1-63L,Wixim Moulded Case Circuit Breaker CDM1-63L 3P 10-63A 25KA 690V,Wixim,Electrical & Lighting,Moulded Case Circuit Breaker,1920.00,20,wixim-p16-4.webp,,yes
CDM1-125L,Wixim Moulded Case Circuit Breaker CDM1-125L 3P 63-125A 35KA 690V,Wixim,Electrical & Lighting,Moulded Case Circuit Breaker,2400.00,20,wixim-p16-4.webp,,yes
CDM1-250L,Wixim Moulded Case Circuit Breaker CDM1-250L 3P 100-250A 35KA 690V,Wixim,Electrical & Lighting,Moulded Case Circuit Breaker,3720.00,20,wixim-p16-4.webp,,yes
CDM1-400L,Wixim Moulded Case Circuit Breaker CDM1-400L 3P 250-400A 50KA 690V,Wixim,Electrical & Lighting,Moulded Case Circuit Breaker,8400.00,20,wixim-p16-4.webp,,yes
CDM1-630L,Wixim Moulded Case Circuit Breaker CDM1-630L 3P 400-630A 50KA 690V,Wixim,Electrical & Lighting,Moulded Case Circuit Breaker,14400.00,20,wixim-p16-4.webp,,yes
CDM1-800L,Wixim Moulded Case Circuit Breaker CDM1-800L 3P 500-800A 50KA 690V,Wixim,Electrical & Lighting,Moulded Case Circuit Breaker,27000.00,20,wixim-p16-4.webp,,yes
CDM1-1250M,Wixim Moulded Case Circuit Breaker CDM1-1250M 3P 800-1250A 85KA 690V,Wixim,Electrical & Lighting,Moulded Case Circuit Breaker,71400.00,20,wixim-p16-4.webp,,yes
CDM3-63C,Wixim Moulded Case Circuit Breaker CDM3-63C 3P 10-63A 25KA 800V,Wixim,Electrical & Lighting,Moulded Case Circuit Breaker,1800.00,20,wixim-p17-1.webp,,yes
CDM3-100C,Wixim Moulded Case Circuit Breaker CDM3-100C 3P 50-100A 25KA 800V,Wixim,Electrical & Lighting,Moulded Case Circuit Breaker,2160.00,20,wixim-p17-1.webp,,yes
CDM3-125C,Wixim Moulded Case Circuit Breaker CDM3-125C 3P 80-125A 25KA 800V,Wixim,Electrical & Lighting,Moulded Case Circuit Breaker,2400.00,20,wixim-p17-1.webp,,yes
CDM3-160S,Wixim Moulded Case Circuit Breaker CDM3-160S 3P 100-160A 35KA 800V,Wixim,Electrical & Lighting,Moulded Case Circuit Breaker,3000.00,20,wixim-p17-1.webp,,yes
CDM3-250S,Wixim Moulded Case Circuit Breaker CDM3-250S 3P 160-250A 35KA 800V,Wixim,Electrical & Lighting,Moulded Case Circuit Breaker,3480.00,20,wixim-p17-1.webp,,yes
CDM3-400F,Wixim Moulded Case Circuit Breaker CDM3-400F 3P 250-400A 50KA 800V,Wixim,Electrical & Lighting,Moulded Case Circuit Breaker,8040.00,20,wixim-p17-1.webp,,yes
CDM3-630F,Wixim Moulded Case Circuit Breaker CDM3-630F 3P 400-630A 50KA 800V,Wixim,Electrical & Lighting,Moulded Case Circuit Breaker,9480.00,20,wixim-p17-1.webp,,yes
CDM3-800F,Wixim Moulded Case Circuit Breaker CDM3-800F 3P 630-800A 50KA 800V,Wixim,Electrical & Lighting,Moulded Case Circuit Breaker,19200.00,20,wixim-p17-1.webp,,yes
EA33,Wixim Moulded Case Circuit Breaker EA33 EA Series 5-30A Ui690V,Wixim,Electrical & Lighting,Moulded Case Circuit Breaker,1176.00,20,wixim-p17-2.webp,,yes
EA53,Wixim Moulded Case Circuit Breaker EA53 EA Series 5-50A Ui690V,Wixim,Electrical & Lighting,Moulded Case Circuit Breaker,1536.00,20,wixim-p17-2.webp,,yes
EA63,Wixim Moulded Case Circuit Breaker EA63 EA Series 60A Ui690V,Wixim,Electrical & Lighting,Moulded Case Circuit Breaker,1536.00,20,wixim-p17-2.webp,,yes
EA103,Wixim Moulded Case Circuit Breaker EA103 EA Series 60-100A Ui690V,Wixim,Electrical & Lighting,Moulded Case Circuit Breaker,2904.00,20,wixim-p17-2.webp,,yes
EA203,Wixim Moulded Case Circuit Breaker EA203 EA Series 125-225A Ui690V,Wixim,Electrical & Lighting,Moulded Case Circuit Breaker,6480.00,20,wixim-p17-2.webp,,yes
EA403,Wixim Moulded Case Circuit Breaker EA403 EA Series 250-400A Ui690V,Wixim,Electrical & Lighting,Moulded Case Circuit Breaker,12360.00,20,wixim-p17-2.webp,,yes
EA603,Wixim Moulded Case Circuit Breaker EA603 EA Series 500-600A Ui690V,Wixim,Electrical & Lighting,Moulded Case Circuit Breaker,26400.00,20,wixim-p17-2.webp,,yes
SA33,Wixim Moulded Case Circuit Breaker SA33 SA Series 3-30A Ui690V,Wixim,Electrical & Lighting,Moulded Case Circuit Breaker,1464.00,20,wixim-p17-3.webp,,yes
SA53,Wixim Moulded Case Circuit Breaker SA53 SA Series 5-50A Ui690V,Wixim,Electrical & Lighting,Moulded Case Circuit Breaker,2220.00,20,wixim-p17-3.webp,,yes
SA63,Wixim Moulded Case Circuit Breaker SA63 SA Series 60A Ui690V,Wixim,Electrical & Lighting,Moulded Case Circuit Breaker,2220.00,20,wixim-p17-3.webp,,yes
SA103,Wixim Moulded Case Circuit Breaker SA103 SA Series 20-100A Ui690V,Wixim,Electrical & Lighting,Moulded Case Circuit Breaker,4320.00,20,wixim-p17-3.webp,,yes
SA203,Wixim Moulded Case Circuit Breaker SA203 SA Series 125-225A Ui690V,Wixim,Electrical & Lighting,Moulded Case Circuit Breaker,8760.00,20,wixim-p17-3.webp,,yes
SA403,Wixim Moulded Case Circuit Breaker SA403 SA Series 250-400A Ui690V,Wixim,Electrical & Lighting,Moulded Case Circuit Breaker,15000.00,20,wixim-p17-3.webp,,yes
SA603,Wixim Moulded Case Circuit Breaker SA603 SA Series 500-600A Ui690V,Wixim,Electrical & Lighting,Moulded Case Circuit Breaker,28200.00,20,wixim-p17-3.webp,,yes
NS100N,Wixim Moulded Case Circuit Breaker NS100N 3P 16-100A,Wixim,Electrical & Lighting,Moulded Case Circuit Breaker,3600.00,20,wixim-p018-2.webp,,yes
NS160N,Wixim Moulded Case Circuit Breaker NS160N 3P 100-160A,Wixim,Electrical & Lighting,Moulded Case Circuit Breaker,4200.00,20,wixim-p018-2.webp,,yes
NS250N,Wixim Moulded Case Circuit Breaker NS250N 3P 160-250A,Wixim,Electrical & Lighting,Moulded Case Circuit Breaker,4800.00,20,wixim-p018-2.webp,,yes
NS400N,Wixim Moulded Case Circuit Breaker NS400N 3P 250-400A,Wixim,Electrical & Lighting,Moulded Case Circuit Breaker,19200.00,20,wixim-p018-2.webp,,yes
NS630N,Wixim Moulded Case Circuit Breaker NS630N 3P 400-630A,Wixim,Electrical & Lighting,Moulded Case Circuit Breaker,21600.00,20,wixim-p018-2.webp,,yes
NSX100,Wixim Moulded Case Circuit Breaker ComPact NSX100 3P 16-100A,Wixim,Electrical & Lighting,Moulded Case Circuit Breaker,4080.00,20,wixim-p018-1.webp,,yes
NSX160,Wixim Moulded Case Circuit Breaker ComPact NSX160 3P 50-160A,Wixim,Electrical & Lighting,Moulded Case Circuit Breaker,4800.00,20,wixim-p018-1.webp,,yes
NSX250,Wixim Moulded Case Circuit Breaker ComPact NSX250 3P 150-250A,Wixim,Electrical & Lighting,Moulded Case Circuit Breaker,5400.00,20,wixim-p018-1.webp,,yes
NSX400,Wixim Moulded Case Circuit Breaker ComPact NSX400 3P 250-400A,Wixim,Electrical & Lighting,Moulded Case Circuit Breaker,24000.00,20,wixim-p018-1.webp,,yes
NSX630,Wixim Moulded Case Circuit Breaker ComPact NSX630 3P 400-630A,Wixim,Electrical & Lighting,Moulded Case Circuit Breaker,26400.00,20,wixim-p018-1.webp,,yes
NSX800,Wixim Moulded Case Circuit Breaker ComPact NSX800 3P 630-800A,Wixim,Electrical & Lighting,Moulded Case Circuit Breaker,72000.00,20,wixim-p018-1.webp,,yes
NSX1000,Wixim Moulded Case Circuit Breaker ComPact NSX1000 3P 800-1000A,Wixim,Electrical & Lighting,Moulded Case Circuit Breaker,74400.00,20,wixim-p018-1.webp,,yes
NSX1250,Wixim Moulded Case Circuit Breaker ComPact NSX1250 3P 1000-1250A,Wixim,Electrical & Lighting,Moulded Case Circuit Breaker,76800.00,20,wixim-p018-1.webp,,yes
NSX1600,Wixim Moulded Case Circuit Breaker ComPact NSX1600 3P 1500-1600A,Wixim,Electrical & Lighting,Moulded Case Circuit Breaker,79200.00,20,wixim-p018-1.webp,,yes
EZC100,Wixim Moulded Case Circuit Breaker EasyPact EZC100 3P 16-100A,Wixim,Electrical & Lighting,Moulded Case Circuit Breaker,2280.00,20,wixim-p018-3.webp,,yes
EZC250,Wixim Moulded Case Circuit Breaker EasyPact EZC250 3P 100-250A,Wixim,Electrical & Lighting,Moulded Case Circuit Breaker,4200.00,20,wixim-p018-3.webp,,yes
EZC400,Wixim Moulded Case Circuit Breaker EasyPact EZC400 3P 250-400A,Wixim,Electrical & Lighting,Moulded Case Circuit Breaker,20400.00,20,wixim-p018-3.webp,,yes
EZC630,Wixim Moulded Case Circuit Breaker EasyPact EZC630 3P 400-630A,Wixim,Electrical & Lighting,Moulded Case Circuit Breaker,22800.00,20,wixim-p018-3.webp,,yes
SV1.25-3,Wixim Insulated Spade Terminal Lug SV1.25-3 22-16 AWG Red 3.2mm stud hole,Wixim,Electrical & Lighting,Insulated Spade (Y) Type Terminal Lug,1.68,20,wixim-p019-1.webp,,yes
SV1.25-4,Wixim Insulated Spade Terminal Lug SV1.25-4 22-16 AWG Red 4.3mm stud hole,Wixim,Electrical & Lighting,Insulated Spade (Y) Type Terminal Lug,1.68,20,wixim-p019-1.webp,,yes
SV2-4,Wixim Insulated Spade Terminal Lug SV2-4 16-14 AWG Blue 4.3mm stud hole,Wixim,Electrical & Lighting,Insulated Spade (Y) Type Terminal Lug,2.04,20,wixim-p019-1.webp,,yes
SV3.5-5,Wixim Insulated Spade Terminal Lug SV3.5-5 14-12 AWG Black 5.3mm stud hole,Wixim,Electrical & Lighting,Insulated Spade (Y) Type Terminal Lug,3.60,20,wixim-p019-1.webp,,yes
SV3.5-6,Wixim Insulated Spade Terminal Lug SV3.5-6 14-12 AWG Black 6.5mm stud hole,Wixim,Electrical & Lighting,Insulated Spade (Y) Type Terminal Lug,4.56,20,wixim-p019-1.webp,,yes
SV5.5-5,Wixim Insulated Spade Terminal Lug SV5.5-5 12-10 AWG Yellow 5.3mm stud hole,Wixim,Electrical & Lighting,Insulated Spade (Y) Type Terminal Lug,4.56,20,wixim-p019-1.webp,,yes
SV5.5-6,Wixim Insulated Spade Terminal Lug SV5.5-6 12-10 AWG Yellow 6.5mm stud hole,Wixim,Electrical & Lighting,Insulated Spade (Y) Type Terminal Lug,5.76,20,wixim-p019-1.webp,,yes
SV8-6,Wixim Insulated Spade Terminal Lug SV8-6 8 AWG Red 6.5mm stud hole,Wixim,Electrical & Lighting,Insulated Spade (Y) Type Terminal Lug,8.64,20,wixim-p019-1.webp,,yes
RV1.25-3,Wixim Insulated Ring Terminal Lug RV1.25-3 22-16 AWG Red 3.2mm stud hole,Wixim,Electrical & Lighting,Insulated Ring Type Terminal Lug,1.68,20,wixim-p019-1.webp,,yes
RV1.25-4,Wixim Insulated Ring Terminal Lug RV1.25-4 22-16 AWG Red 4.3mm stud hole,Wixim,Electrical & Lighting,Insulated Ring Type Terminal Lug,1.68,20,wixim-p019-1.webp,,yes
RV1.25-5,Wixim Insulated Ring Terminal Lug RV1.25-5 22-16 AWG Red 5.3mm stud hole,Wixim,Electrical & Lighting,Insulated Ring Type Terminal Lug,1.80,20,wixim-p019-1.webp,,yes
RV2-4,Wixim Insulated Ring Terminal Lug RV2-4 16-14 AWG Blue 4.3mm stud hole,Wixim,Electrical & Lighting,Insulated Ring Type Terminal Lug,2.04,20,wixim-p019-1.webp,,yes
RV2-5,Wixim Insulated Ring Terminal Lug RV2-5 16-14 AWG Blue 5.3mm stud hole,Wixim,Electrical & Lighting,Insulated Ring Type Terminal Lug,2.52,20,wixim-p019-1.webp,,yes
RV2-6,Wixim Insulated Ring Terminal Lug RV2-6 16-14 AWG Blue 6.5mm stud hole,Wixim,Electrical & Lighting,Insulated Ring Type Terminal Lug,3.84,20,wixim-p019-1.webp,,yes
RV2-8,Wixim Insulated Ring Terminal Lug RV2-8 16-14 AWG Blue 8.4mm stud hole,Wixim,Electrical & Lighting,Insulated Ring Type Terminal Lug,4.92,20,wixim-p019-1.webp,,yes
RV2-10,Wixim Insulated Ring Terminal Lug RV2-10 16-14 AWG Blue 10.5mm stud hole,Wixim,Electrical & Lighting,Insulated Ring Type Terminal Lug,6.60,20,wixim-p019-1.webp,,yes
RV3.5-5,Wixim Insulated Ring Terminal Lug RV3.5-5 14-12 AWG Black 5.3mm stud hole,Wixim,Electrical & Lighting,Insulated Ring Type Terminal Lug,3.72,20,wixim-p019-1.webp,,yes
RV3.5-6,Wixim Insulated Ring Terminal Lug RV3.5-6 14-12 AWG Black 6.5mm stud hole,Wixim,Electrical & Lighting,Insulated Ring Type Terminal Lug,4.56,20,wixim-p019-1.webp,,yes
RV5.5-5,Wixim Insulated Ring Terminal Lug RV5.5-5 12-10 AWG Yellow 5.3mm stud hole,Wixim,Electrical & Lighting,Insulated Ring Type Terminal Lug,4.56,20,wixim-p019-1.webp,,yes
RV5.5-6,Wixim Insulated Ring Terminal Lug RV5.5-6 12-10 AWG Yellow 6.5mm stud hole,Wixim,Electrical & Lighting,Insulated Ring Type Terminal Lug,5.76,20,wixim-p019-1.webp,,yes
RV5.5-8,Wixim Insulated Ring Terminal Lug RV5.5-8 12-10 AWG Yellow 8.4mm stud hole,Wixim,Electrical & Lighting,Insulated Ring Type Terminal Lug,6.96,20,wixim-p019-1.webp,,yes
RV5.5-10,Wixim Insulated Ring Terminal Lug RV5.5-10 12-10 AWG Yellow 10.5mm stud hole,Wixim,Electrical & Lighting,Insulated Ring Type Terminal Lug,7.20,20,wixim-p019-1.webp,,yes
RV8-6,Wixim Insulated Ring Terminal Lug RV8-6 8 AWG Red 6.5mm stud hole,Wixim,Electrical & Lighting,Insulated Ring Type Terminal Lug,8.64,20,wixim-p019-1.webp,,yes
PBDD1.25,Wixim Piggy Back Insulated Disconnect PBDD1.25 22-16 AWG Red,Wixim,Electrical & Lighting,Piggy Back Insulated Disconnect,3.72,20,wixim-p019-2.webp,,yes
PBDD2,Wixim Piggy Back Insulated Disconnect PBDD2 16-14 AWG Blue,Wixim,Electrical & Lighting,Piggy Back Insulated Disconnect,4.56,20,wixim-p019-2.webp,,yes
PBDD5.5,Wixim Piggy Back Insulated Disconnect PBDD5.5 12-10 AWG Yellow,Wixim,Electrical & Lighting,Piggy Back Insulated Disconnect,5.52,20,wixim-p019-2.webp,,yes
MPD1.25,Wixim Insulated Bullet Male Connector MPD1.25 22-16 AWG Red,Wixim,Electrical & Lighting,Bullet Type Male,2.40,20,wixim-p020-3.webp,,yes
MPD2,Wixim Insulated Bullet Male Connector MPD2 16-14 AWG Blue,Wixim,Electrical & Lighting,Bullet Type Male,3.12,20,wixim-p020-3.webp,,yes
MPD5.5,Wixim Insulated Bullet Male Connector MPD5.5 12-10 AWG Yellow,Wixim,Electrical & Lighting,Bullet Type Male,3.72,20,wixim-p020-3.webp,,yes
FRD1.25,Wixim Insulated Bullet Female Connector FRD1.25 22-16 AWG Red,Wixim,Electrical & Lighting,Bullet Type Female,3.72,20,wixim-p020-4.webp,,yes
FRD2,Wixim Insulated Bullet Female Connector FRD2 16-14 AWG Blue,Wixim,Electrical & Lighting,Bullet Type Female,4.08,20,wixim-p020-4.webp,,yes
FRD5.5,Wixim Insulated Bullet Female Connector FRD5.5 12-10 AWG Yellow,Wixim,Electrical & Lighting,Bullet Type Female,4.92,20,wixim-p020-4.webp,,yes
PTV1.25,Wixim Insulated Pin Terminal Lug PTV1.25 22-16 AWG Red,Wixim,Electrical & Lighting,Insulated Pin Terminal Lug,2.28,20,wixim-p020-1.webp,,yes
PTV2,Wixim Insulated Pin Terminal Lug PTV2 16-14 AWG Blue,Wixim,Electrical & Lighting,Insulated Pin Terminal Lug,2.40,20,wixim-p020-1.webp,,yes
PTV5.5,Wixim Insulated Pin Terminal Lug PTV5.5 12-10 AWG Yellow,Wixim,Electrical & Lighting,Insulated Pin Terminal Lug,5.04,20,wixim-p020-1.webp,,yes
DBV1.25,Wixim Insulated Flat Terminal Lug DBV1.25 22-16 AWG Red,Wixim,Electrical & Lighting,Insulated Flat Terminal Lug,2.40,20,wixim-p020-2.webp,,yes
DBV2,Wixim Insulated Flat Terminal Lug DBV2 16-14 AWG Blue,Wixim,Electrical & Lighting,Insulated Flat Terminal Lug,2.64,20,wixim-p020-2.webp,,yes
DBV5.5,Wixim Insulated Flat Terminal Lug DBV5.5 12-10 AWG Yellow,Wixim,Electrical & Lighting,Insulated Flat Terminal Lug,5.28,20,wixim-p020-2.webp,,yes
BV1.25,Wixim Insulated Butt Connector BV1.25 22-16 AWG Red,Wixim,Electrical & Lighting,Insulated Butt Connector,2.52,20,wixim-p020-5.webp,,yes
BV2,Wixim Insulated Butt Connector BV2 16-14 AWG Blue,Wixim,Electrical & Lighting,Insulated Butt Connector,3.12,20,wixim-p020-5.webp,,yes
BV5.5,Wixim Insulated Butt Connector BV5.5 12-10 AWG Yellow,Wixim,Electrical & Lighting,Insulated Butt Connector,5.04,20,wixim-p020-5.webp,,yes
BV8,Wixim Insulated Butt Connector BV8 8 AWG Red,Wixim,Electrical & Lighting,Insulated Butt Connector,15.60,20,wixim-p020-5.webp,,yes
BV14,Wixim Insulated Butt Connector BV14 6 AWG Blue,Wixim,Electrical & Lighting,Insulated Butt Connector,26.40,20,wixim-p020-5.webp,,yes
BV22,Wixim Insulated Butt Connector BV22 4 AWG Yellow,Wixim,Electrical & Lighting,Insulated Butt Connector,50.40,20,wixim-p020-5.webp,,yes
BV38,Wixim Insulated Butt Connector BV38 2 AWG Red,Wixim,Electrical & Lighting,Insulated Butt Connector,69.60,20,wixim-p020-5.webp,,yes
E0508,Wixim Insulated Cord End Ferrule E0508 0.50mm² Orange (per pack),Wixim,Electrical & Lighting,Insulated Cord End Sleeve (Ferrule),62.40,20,wixim-p021-5.webp,,yes
E7508,Wixim Insulated Cord End Ferrule E7508 0.75mm² White (per pack),Wixim,Electrical & Lighting,Insulated Cord End Sleeve (Ferrule),72.00,20,wixim-p021-5.webp,,yes
E1008,Wixim Insulated Cord End Ferrule E1008 1.0mm² Yellow (per pack),Wixim,Electrical & Lighting,Insulated Cord End Sleeve (Ferrule),76.80,20,wixim-p021-5.webp,,yes
E1508,Wixim Insulated Cord End Ferrule E1508 1.5mm² Red (per pack),Wixim,Electrical & Lighting,Insulated Cord End Sleeve (Ferrule),96.00,20,wixim-p021-5.webp,,yes
E2510,Wixim Insulated Cord End Ferrule E2510 2.5mm² Blue (per pack),Wixim,Electrical & Lighting,Insulated Cord End Sleeve (Ferrule),108.00,20,wixim-p021-5.webp,,yes
E4012,Wixim Insulated Cord End Ferrule E4012 4mm² Grey (per pack),Wixim,Electrical & Lighting,Insulated Cord End Sleeve (Ferrule),132.00,20,wixim-p021-5.webp,,yes
E6012,Wixim Insulated Cord End Ferrule E6012 6mm² Black (per pack),Wixim,Electrical & Lighting,Insulated Cord End Sleeve (Ferrule),175.20,20,wixim-p021-5.webp,,yes
E10-12,Wixim Insulated Cord End Ferrule E10-12 10mm² Ivory (per pack),Wixim,Electrical & Lighting,Insulated Cord End Sleeve (Ferrule),216.00,20,wixim-p021-5.webp,,yes
E16-12,Wixim Insulated Cord End Ferrule E16-12 16mm² Green (per pack),Wixim,Electrical & Lighting,Insulated Cord End Sleeve (Ferrule),300.00,20,wixim-p021-5.webp,,yes
E25-16,Wixim Insulated Cord End Ferrule E25-16 25mm² Brown (per pack),Wixim,Electrical & Lighting,Insulated Cord End Sleeve (Ferrule),456.00,20,wixim-p021-5.webp,,yes
FDD1.25,Wixim Insulated Female Disconnect FDD1.25 22-16 AWG Red,Wixim,Electrical & Lighting,Insulated Female Disconnect,2.40,20,wixim-p021-2.webp,,yes
FDD2,Wixim Insulated Female Disconnect FDD2 16-14 AWG Blue,Wixim,Electrical & Lighting,Insulated Female Disconnect,3.12,20,wixim-p021-2.webp,,yes
FDD5.5,Wixim Insulated Female Disconnect FDD5.5 12-10 AWG Yellow,Wixim,Electrical & Lighting,Insulated Female Disconnect,3.72,20,wixim-p021-2.webp,,yes
MDD1.25,Wixim Insulated Male Disconnect MDD1.25 22-16 AWG Red,Wixim,Electrical & Lighting,Insulated Male Disconnect,2.40,20,wixim-p021-1.webp,,yes
MDD2,Wixim Insulated Male Disconnect MDD2 16-14 AWG Blue,Wixim,Electrical & Lighting,Insulated Male Disconnect,3.12,20,wixim-p021-1.webp,,yes
MDD5.5,Wixim Insulated Male Disconnect MDD5.5 12-10 AWG Yellow,Wixim,Electrical & Lighting,Insulated Male Disconnect,3.72,20,wixim-p021-1.webp,,yes
FDFD1.25,Wixim Fully Insulated Female Disconnect FDFD1.25 22-16 AWG Red,Wixim,Electrical & Lighting,Fully Insulated Female Disconnect,4.92,20,wixim-p021-3.webp,,yes
FDFD2,Wixim Fully Insulated Female Disconnect FDFD2 16-14 AWG Blue,Wixim,Electrical & Lighting,Fully Insulated Female Disconnect,5.52,20,wixim-p021-3.webp,,yes
FDFD5.5,Wixim Fully Insulated Female Disconnect FDFD5.5 12-10 AWG Yellow,Wixim,Electrical & Lighting,Fully Insulated Female Disconnect,7.20,20,wixim-p021-3.webp,,yes
FLDNY1.25,Wixim Insulated Flag Female Terminal Nylon FLDNY1.25 22-16 AWG Red,Wixim,Electrical & Lighting,"Insulated Flag Female Terminal Lug, Nylon",5.04,20,wixim-p021-4.webp,,yes
FLDNY2,Wixim Insulated Flag Female Terminal Nylon FLDNY2 16-14 AWG Blue,Wixim,Electrical & Lighting,"Insulated Flag Female Terminal Lug, Nylon",6.12,20,wixim-p021-4.webp,,yes
FLDNY5.5,Wixim Insulated Flag Female Terminal Nylon FLDNY5.5 12-10 AWG Yellow,Wixim,Electrical & Lighting,"Insulated Flag Female Terminal Lug, Nylon",12.00,20,wixim-p021-4.webp,,yes
RNB1.25-3,Wixim Non-Insulated Ring Terminal Lug RNB1.25-3 22-16 AWG 3.2mm stud hole,Wixim,Electrical & Lighting,Crimp (Ring) Terminal Lug Non-Insulated Type,1.68,20,wixim-p022-1.webp,,yes
RNB1.25-4,Wixim Non-Insulated Ring Terminal Lug RNB1.25-4 22-16 AWG 4.3mm stud hole,Wixim,Electrical & Lighting,Crimp (Ring) Terminal Lug Non-Insulated Type,1.68,20,wixim-p022-1.webp,,yes
RNB1.25-5,Wixim Non-Insulated Ring Terminal Lug RNB1.25-5 22-16 AWG 5.3mm stud hole,Wixim,Electrical & Lighting,Crimp (Ring) Terminal Lug Non-Insulated Type,1.80,20,wixim-p022-1.webp,,yes
RNB2-4,Wixim Non-Insulated Ring Terminal Lug RNB2-4 16-14 AWG 4.3mm stud hole,Wixim,Electrical & Lighting,Crimp (Ring) Terminal Lug Non-Insulated Type,2.04,20,wixim-p022-1.webp,,yes
RNB2-5,Wixim Non-Insulated Ring Terminal Lug RNB2-5 16-14 AWG 5.3mm stud hole,Wixim,Electrical & Lighting,Crimp (Ring) Terminal Lug Non-Insulated Type,2.40,20,wixim-p022-1.webp,,yes
RNB2-6,Wixim Non-Insulated Ring Terminal Lug RNB2-6 16-14 AWG 6.4mm stud hole,Wixim,Electrical & Lighting,Crimp (Ring) Terminal Lug Non-Insulated Type,3.24,20,wixim-p022-1.webp,,yes
RNB2-8,Wixim Non-Insulated Ring Terminal Lug RNB2-8 16-14 AWG 8.4mm stud hole,Wixim,Electrical & Lighting,Crimp (Ring) Terminal Lug Non-Insulated Type,3.60,20,wixim-p022-1.webp,,yes
RNB2-10,Wixim Non-Insulated Ring Terminal Lug RNB2-10 16-14 AWG 10.5mm stud hole,Wixim,Electrical & Lighting,Crimp (Ring) Terminal Lug Non-Insulated Type,4.08,20,wixim-p022-1.webp,,yes
RNB3.5-5,Wixim Non-Insulated Ring Terminal Lug RNB3.5-5 14-12 AWG 5.3mm stud hole,Wixim,Electrical & Lighting,Crimp (Ring) Terminal Lug Non-Insulated Type,3.36,20,wixim-p022-1.webp,,yes
RNB3.5-6,Wixim Non-Insulated Ring Terminal Lug RNB3.5-6 14-12 AWG 6.4mm stud hole,Wixim,Electrical & Lighting,Crimp (Ring) Terminal Lug Non-Insulated Type,4.56,20,wixim-p022-1.webp,,yes
RNB5.5-5,Wixim Non-Insulated Ring Terminal Lug RNB5.5-5 12-10 AWG 5.3mm stud hole,Wixim,Electrical & Lighting,Crimp (Ring) Terminal Lug Non-Insulated Type,4.56,20,wixim-p022-1.webp,,yes
RNB5.5-6,Wixim Non-Insulated Ring Terminal Lug RNB5.5-6 12-10 AWG 6.4mm stud hole,Wixim,Electrical & Lighting,Crimp (Ring) Terminal Lug Non-Insulated Type,6.00,20,wixim-p022-1.webp,,yes
RNB5.5-8,Wixim Non-Insulated Ring Terminal Lug RNB5.5-8 12-10 AWG 8.4mm stud hole,Wixim,Electrical & Lighting,Crimp (Ring) Terminal Lug Non-Insulated Type,6.60,20,wixim-p022-1.webp,,yes
RNB5.5-10,Wixim Non-Insulated Ring Terminal Lug RNB5.5-10 12-10 AWG 10.5mm stud hole,Wixim,Electrical & Lighting,Crimp (Ring) Terminal Lug Non-Insulated Type,7.20,20,wixim-p022-1.webp,,yes
RNB8-5,Wixim Non-Insulated Ring Terminal Lug RNB8-5 8 AWG 5.3mm stud hole,Wixim,Electrical & Lighting,Crimp (Ring) Terminal Lug Non-Insulated Type,8.64,20,wixim-p022-1.webp,,yes
RNB8-6,Wixim Non-Insulated Ring Terminal Lug RNB8-6 8 AWG 6.4mm stud hole,Wixim,Electrical & Lighting,Crimp (Ring) Terminal Lug Non-Insulated Type,8.64,20,wixim-p022-1.webp,,yes
RNB8-8,Wixim Non-Insulated Ring Terminal Lug RNB8-8 8 AWG 8.4mm stud hole,Wixim,Electrical & Lighting,Crimp (Ring) Terminal Lug Non-Insulated Type,11.28,20,wixim-p022-1.webp,,yes
RNB8-10,Wixim Non-Insulated Ring Terminal Lug RNB8-10 8 AWG 10.5mm stud hole,Wixim,Electrical & Lighting,Crimp (Ring) Terminal Lug Non-Insulated Type,12.00,20,wixim-p022-1.webp,,yes
RNB8-12,Wixim Non-Insulated Ring Terminal Lug RNB8-12 8 AWG 13mm stud hole,Wixim,Electrical & Lighting,Crimp (Ring) Terminal Lug Non-Insulated Type,13.20,20,wixim-p022-1.webp,,yes
RNB14-5,Wixim Non-Insulated Ring Terminal Lug RNB14-5 6 AWG 5.3mm stud hole,Wixim,Electrical & Lighting,Crimp (Ring) Terminal Lug Non-Insulated Type,16.80,20,wixim-p022-1.webp,,yes
RNB14-6,Wixim Non-Insulated Ring Terminal Lug RNB14-6 6 AWG 6.4mm stud hole,Wixim,Electrical & Lighting,Crimp (Ring) Terminal Lug Non-Insulated Type,16.80,20,wixim-p022-1.webp,,yes
RNB14-8,Wixim Non-Insulated Ring Terminal Lug RNB14-8 6 AWG 8.4mm stud hole,Wixim,Electrical & Lighting,Crimp (Ring) Terminal Lug Non-Insulated Type,16.80,20,wixim-p022-1.webp,,yes
RNB14-10,Wixim Non-Insulated Ring Terminal Lug RNB14-10 6 AWG 10.5mm stud hole,Wixim,Electrical & Lighting,Crimp (Ring) Terminal Lug Non-Insulated Type,16.80,20,wixim-p022-1.webp,,yes
RNB14-12,Wixim Non-Insulated Ring Terminal Lug RNB14-12 6 AWG 13mm stud hole,Wixim,Electrical & Lighting,Crimp (Ring) Terminal Lug Non-Insulated Type,22.80,20,wixim-p022-1.webp,,yes
RNB22-6,Wixim Non-Insulated Ring Terminal Lug RNB22-6 4 AWG 6.4mm stud hole,Wixim,Electrical & Lighting,Crimp (Ring) Terminal Lug Non-Insulated Type,28.80,20,wixim-p023-1.webp,,yes
RNB22-8,Wixim Non-Insulated Ring Terminal Lug RNB22-8 4 AWG 8.4mm stud hole,Wixim,Electrical & Lighting,Crimp (Ring) Terminal Lug Non-Insulated Type,28.80,20,wixim-p023-1.webp,,yes
RNB22-10,Wixim Non-Insulated Ring Terminal Lug RNB22-10 4 AWG 10.5mm stud hole,Wixim,Electrical & Lighting,Crimp (Ring) Terminal Lug Non-Insulated Type,28.80,20,wixim-p023-1.webp,,yes
RNB22-12,Wixim Non-Insulated Ring Terminal Lug RNB22-12 4 AWG 13mm stud hole,Wixim,Electrical & Lighting,Crimp (Ring) Terminal Lug Non-Insulated Type,34.80,20,wixim-p023-1.webp,,yes
RNB38-6,Wixim Non-Insulated Ring Terminal Lug RNB38-6 2 AWG 6.4mm stud hole,Wixim,Electrical & Lighting,Crimp (Ring) Terminal Lug Non-Insulated Type,36.00,20,wixim-p023-1.webp,,yes
RNB38-8,Wixim Non-Insulated Ring Terminal Lug RNB38-8 2 AWG 8.4mm stud hole,Wixim,Electrical & Lighting,Crimp (Ring) Terminal Lug Non-Insulated Type,36.00,20,wixim-p023-1.webp,,yes
RNB38-10,Wixim Non-Insulated Ring Terminal Lug RNB38-10 2 AWG 10.5mm stud hole,Wixim,Electrical & Lighting,Crimp (Ring) Terminal Lug Non-Insulated Type,36.00,20,wixim-p023-1.webp,,yes
RNB38-12,Wixim Non-Insulated Ring Terminal Lug RNB38-12 2 AWG 13mm stud hole,Wixim,Electrical & Lighting,Crimp (Ring) Terminal Lug Non-Insulated Type,40.80,20,wixim-p023-1.webp,,yes
RNB200-10,Wixim Non-Insulated Ring Terminal Lug RNB200-10 400-500MCM 10.5mm stud hole,Wixim,Electrical & Lighting,Crimp (Ring) Terminal Lug Non-Insulated Type,504.00,20,wixim-p023-1.webp,,yes
RNB200-12,Wixim Non-Insulated Ring Terminal Lug RNB200-12 400-500MCM 13mm stud hole,Wixim,Electrical & Lighting,Crimp (Ring) Terminal Lug Non-Insulated Type,504.00,20,wixim-p023-1.webp,,yes
RNB325-12,Wixim Non-Insulated Ring Terminal Lug RNB325-12 500-600MCM 13mm stud hole,Wixim,Electrical & Lighting,Crimp (Ring) Terminal Lug Non-Insulated Type,876.00,20,wixim-p023-1.webp,,yes
RNB325-16,Wixim Non-Insulated Ring Terminal Lug RNB325-16 500-600MCM 17mm stud hole,Wixim,Electrical & Lighting,Crimp (Ring) Terminal Lug Non-Insulated Type,876.00,20,wixim-p023-1.webp,,yes
RNB150-10,Wixim Non-Insulated Ring Terminal Lug RNB150-10 250-300MCM 10.5mm stud hole,Wixim,Electrical & Lighting,Crimp (Ring) Terminal Lug Non-Insulated Type,252.00,20,wixim-p023-1.webp,,yes
RNB150-12,Wixim Non-Insulated Ring Terminal Lug RNB150-12 250-300MCM 13mm stud hole,Wixim,Electrical & Lighting,Crimp (Ring) Terminal Lug Non-Insulated Type,252.00,20,wixim-p023-1.webp,,yes
RNB180-10,Wixim Non-Insulated Ring Terminal Lug RNB180-10 300-350MCM 10.5mm stud hole,Wixim,Electrical & Lighting,Crimp (Ring) Terminal Lug Non-Insulated Type,384.00,20,wixim-p023-1.webp,,yes
RNB180-12,Wixim Non-Insulated Ring Terminal Lug RNB180-12 300-350MCM 13mm stud hole,Wixim,Electrical & Lighting,Crimp (Ring) Terminal Lug Non-Insulated Type,384.00,20,wixim-p023-1.webp,,yes
RNB80-8,Wixim Non-Insulated Ring Terminal Lug RNB80-8 3/0 AWG 8.4mm stud hole,Wixim,Electrical & Lighting,Crimp (Ring) Terminal Lug Non-Insulated Type,100.80,20,wixim-p023-1.webp,,yes
RNB80-10,Wixim Non-Insulated Ring Terminal Lug RNB80-10 3/0 AWG 10.5mm stud hole,Wixim,Electrical & Lighting,Crimp (Ring) Terminal Lug Non-Insulated Type,100.80,20,wixim-p023-1.webp,,yes
RNB80-12,Wixim Non-Insulated Ring Terminal Lug RNB80-12 3/0 AWG 13mm stud hole,Wixim,Electrical & Lighting,Crimp (Ring) Terminal Lug Non-Insulated Type,100.80,20,wixim-p023-1.webp,,yes
RNB100-8,Wixim Non-Insulated Ring Terminal Lug RNB100-8 4/0 AWG 8.4mm stud hole,Wixim,Electrical & Lighting,Crimp (Ring) Terminal Lug Non-Insulated Type,132.00,20,wixim-p023-1.webp,,yes
RNB100-10,Wixim Non-Insulated Ring Terminal Lug RNB100-10 4/0 AWG 10.5mm stud hole,Wixim,Electrical & Lighting,Crimp (Ring) Terminal Lug Non-Insulated Type,132.00,20,wixim-p023-1.webp,,yes
RNB100-12,Wixim Non-Insulated Ring Terminal Lug RNB100-12 4/0 AWG 13mm stud hole,Wixim,Electrical & Lighting,Crimp (Ring) Terminal Lug Non-Insulated Type,132.00,20,wixim-p023-1.webp,,yes
RNB60-8,Wixim Non-Insulated Ring Terminal Lug RNB60-8 1/0 AWG 8.4mm stud hole,Wixim,Electrical & Lighting,Crimp (Ring) Terminal Lug Non-Insulated Type,57.60,20,wixim-p023-1.webp,,yes
RNB60-10,Wixim Non-Insulated Ring Terminal Lug RNB60-10 1/0 AWG 10.5mm stud hole,Wixim,Electrical & Lighting,Crimp (Ring) Terminal Lug Non-Insulated Type,57.60,20,wixim-p023-1.webp,,yes
RNB60-12,Wixim Non-Insulated Ring Terminal Lug RNB60-12 1/0 AWG 13mm stud hole,Wixim,Electrical & Lighting,Crimp (Ring) Terminal Lug Non-Insulated Type,57.60,20,wixim-p023-1.webp,,yes
RNB70-8,Wixim Non-Insulated Ring Terminal Lug RNB70-8 2/0 AWG 8.4mm stud hole,Wixim,Electrical & Lighting,Crimp (Ring) Terminal Lug Non-Insulated Type,74.40,20,wixim-p023-1.webp,,yes
RNB70-10,Wixim Non-Insulated Ring Terminal Lug RNB70-10 2/0 AWG 10.5mm stud hole,Wixim,Electrical & Lighting,Crimp (Ring) Terminal Lug Non-Insulated Type,74.40,20,wixim-p023-1.webp,,yes
RNB70-12,Wixim Non-Insulated Ring Terminal Lug RNB70-12 2/0 AWG 13mm stud hole,Wixim,Electrical & Lighting,Crimp (Ring) Terminal Lug Non-Insulated Type,74.40,20,wixim-p023-1.webp,,yes
SNB1.25-3,Wixim Non-Insulated Spade Terminal Lug SNB1.25-3 22-16 AWG 3.2mm stud hole,Wixim,Electrical & Lighting,Non-Insulated Spade (Y) Type Terminal Lug,1.68,20,wixim-p024-1.webp,,yes
SNB1.25-4,Wixim Non-Insulated Spade Terminal Lug SNB1.25-4 22-16 AWG 4.3mm stud hole,Wixim,Electrical & Lighting,Non-Insulated Spade (Y) Type Terminal Lug,1.68,20,wixim-p024-1.webp,,yes
SNB2-4,Wixim Non-Insulated Spade Terminal Lug SNB2-4 16-14 AWG 4.3mm stud hole,Wixim,Electrical & Lighting,Non-Insulated Spade (Y) Type Terminal Lug,2.04,20,wixim-p024-1.webp,,yes
SNB3.5-5,Wixim Non-Insulated Spade Terminal Lug SNB3.5-5 14-12 AWG 5.3mm stud hole,Wixim,Electrical & Lighting,Non-Insulated Spade (Y) Type Terminal Lug,3.60,20,wixim-p024-1.webp,,yes
SNB3.5-6,Wixim Non-Insulated Spade Terminal Lug SNB3.5-6 14-12 AWG 6.4mm stud hole,Wixim,Electrical & Lighting,Non-Insulated Spade (Y) Type Terminal Lug,4.56,20,wixim-p024-1.webp,,yes
SNB5.5-5,Wixim Non-Insulated Spade Terminal Lug SNB5.5-5 12-10 AWG 5.3mm stud hole,Wixim,Electrical & Lighting,Non-Insulated Spade (Y) Type Terminal Lug,4.56,20,wixim-p024-1.webp,,yes
SNB5.5-6,Wixim Non-Insulated Spade Terminal Lug SNB5.5-6 12-10 AWG 6.4mm stud hole,Wixim,Electrical & Lighting,Non-Insulated Spade (Y) Type Terminal Lug,6.00,20,wixim-p024-1.webp,,yes
SNB8-6,Wixim Non-Insulated Spade Terminal Lug SNB8-6 8 AWG 6.4mm stud hole,Wixim,Electrical & Lighting,Non-Insulated Spade (Y) Type Terminal Lug,8.64,20,wixim-p024-1.webp,,yes
SNB14-6,Wixim Non-Insulated Spade Terminal Lug SNB14-6 6 AWG 6.4mm stud hole,Wixim,Electrical & Lighting,Non-Insulated Spade (Y) Type Terminal Lug,16.80,20,wixim-p024-1.webp,,yes
SNB14-8,Wixim Non-Insulated Spade Terminal Lug SNB14-8 6 AWG 8.4mm stud hole,Wixim,Electrical & Lighting,Non-Insulated Spade (Y) Type Terminal Lug,16.80,20,wixim-p024-1.webp,,yes
SNB22-6,Wixim Non-Insulated Spade Terminal Lug SNB22-6 4 AWG 6.4mm stud hole,Wixim,Electrical & Lighting,Non-Insulated Spade (Y) Type Terminal Lug,28.80,20,wixim-p024-1.webp,,yes
SNB22-8,Wixim Non-Insulated Spade Terminal Lug SNB22-8 4 AWG 8.4mm stud hole,Wixim,Electrical & Lighting,Non-Insulated Spade (Y) Type Terminal Lug,28.80,20,wixim-p024-1.webp,,yes
TJ-10,Wixim Split Bolt Connector TJ-10 8 AWG,Wixim,Electrical & Lighting,Split Bolt Connector,108.00,20,wixim-p024-2.webp,,yes
TJ-16,Wixim Split Bolt Connector TJ-16 6 AWG,Wixim,Electrical & Lighting,Split Bolt Connector,117.60,20,wixim-p024-2.webp,,yes
TJ-25,Wixim Split Bolt Connector TJ-25 4 AWG,Wixim,Electrical & Lighting,Split Bolt Connector,132.00,20,wixim-p024-2.webp,,yes
TJ-35,Wixim Split Bolt Connector TJ-35 2 AWG,Wixim,Electrical & Lighting,Split Bolt Connector,192.00,20,wixim-p024-2.webp,,yes
TJ50-70,Wixim Split Bolt Connector TJ50-70 1/0-2/0 AWG,Wixim,Electrical & Lighting,Split Bolt Connector,312.00,20,wixim-p024-2.webp,,yes
TJ95-120,Wixim Split Bolt Connector TJ95-120 3/0-4/0 AWG,Wixim,Electrical & Lighting,Split Bolt Connector,420.00,20,wixim-p024-2.webp,,yes
TJ150-185,Wixim Split Bolt Connector TJ150-185 350MCM,Wixim,Electrical & Lighting,Split Bolt Connector,720.00,20,wixim-p024-2.webp,,yes
TJ200-240,Wixim Split Bolt Connector TJ200-240 500MCM,Wixim,Electrical & Lighting,Split Bolt Connector,816.00,20,wixim-p024-2.webp,,yes
SA-25,Wixim Solderless Terminal Lug SA-25 14-10 AWG,Wixim,Electrical & Lighting,Solderless Terminal Lug,32.40,20,wixim-p024-3.webp,,yes
SA-35,Wixim Solderless Terminal Lug SA-35 14-6 AWG,Wixim,Electrical & Lighting,Solderless Terminal Lug,50.40,20,wixim-p024-3.webp,,yes
SA-75,Wixim Solderless Terminal Lug SA-75 8-2 AWG,Wixim,Electrical & Lighting,Solderless Terminal Lug,80.40,20,wixim-p024-3.webp,,yes
SA-125,Wixim Solderless Terminal Lug SA-125 8-1/0 AWG,Wixim,Electrical & Lighting,Solderless Terminal Lug,216.00,20,wixim-p024-3.webp,,yes
SA-175,Wixim Solderless Terminal Lug SA-175 4-3/0 AWG,Wixim,Electrical & Lighting,Solderless Terminal Lug,282.00,20,wixim-p024-3.webp,,yes
SA-225,Wixim Solderless Terminal Lug SA-225 2-4/0 AWG,Wixim,Electrical & Lighting,Solderless Terminal Lug,372.00,20,wixim-p024-3.webp,,yes
SA-300,Wixim Solderless Terminal Lug SA-300 1/0-350MCM,Wixim,Electrical & Lighting,Solderless Terminal Lug,720.00,20,wixim-p024-3.webp,,yes
SA-400,Wixim Solderless Terminal Lug SA-400 4/0-500MCM,Wixim,Electrical & Lighting,Solderless Terminal Lug,1320.00,20,wixim-p024-3.webp,,yes
SC6-6,Wixim Copper Cable Lug SC6-6 6mm² 12-10 AWG 6.4mm stud hole,Wixim,Electrical & Lighting,Copper Cable Lug,9.12,20,wixim-p025-1.webp,,yes
SC10-6,Wixim Copper Cable Lug SC10-6 10mm² 8 AWG 6.4mm stud hole,Wixim,Electrical & Lighting,Copper Cable Lug,10.20,20,wixim-p025-1.webp,,yes
SC10-8,Wixim Copper Cable Lug SC10-8 10mm² 8 AWG 8.4mm stud hole,Wixim,Electrical & Lighting,Copper Cable Lug,10.20,20,wixim-p025-1.webp,,yes
SC16-6,Wixim Copper Cable Lug SC16-6 16mm² 6 AWG 6.4mm stud hole,Wixim,Electrical & Lighting,Copper Cable Lug,14.40,20,wixim-p025-1.webp,,yes
SC16-8,Wixim Copper Cable Lug SC16-8 16mm² 6 AWG 8.4mm stud hole,Wixim,Electrical & Lighting,Copper Cable Lug,14.40,20,wixim-p025-1.webp,,yes
SC16-10,Wixim Copper Cable Lug SC16-10 16mm² 6 AWG 10.5mm stud hole,Wixim,Electrical & Lighting,Copper Cable Lug,14.40,20,wixim-p025-1.webp,,yes
SC25-6,Wixim Copper Cable Lug SC25-6 25mm² 4 AWG 6.4mm stud hole,Wixim,Electrical & Lighting,Copper Cable Lug,21.60,20,wixim-p025-1.webp,,yes
SC25-8,Wixim Copper Cable Lug SC25-8 25mm² 4 AWG 8.4mm stud hole,Wixim,Electrical & Lighting,Copper Cable Lug,21.60,20,wixim-p025-1.webp,,yes
SC25-10,Wixim Copper Cable Lug SC25-10 25mm² 4 AWG 10.5mm stud hole,Wixim,Electrical & Lighting,Copper Cable Lug,21.60,20,wixim-p025-1.webp,,yes
SC35-6,Wixim Copper Cable Lug SC35-6 35mm² 2 AWG 6.4mm stud hole,Wixim,Electrical & Lighting,Copper Cable Lug,32.40,20,wixim-p025-1.webp,,yes
SC35-8,Wixim Copper Cable Lug SC35-8 35mm² 2 AWG 8.4mm stud hole,Wixim,Electrical & Lighting,Copper Cable Lug,32.40,20,wixim-p025-1.webp,,yes
SC35-10,Wixim Copper Cable Lug SC35-10 35mm² 2 AWG 10.5mm stud hole,Wixim,Electrical & Lighting,Copper Cable Lug,32.40,20,wixim-p025-1.webp,,yes
SC50-8,Wixim Copper Cable Lug SC50-8 50mm² 1/0 AWG 8.4mm stud hole,Wixim,Electrical & Lighting,Copper Cable Lug,48.00,20,wixim-p025-1.webp,,yes
SC50-10,Wixim Copper Cable Lug SC50-10 50mm² 1/0 AWG 10.5mm stud hole,Wixim,Electrical & Lighting,Copper Cable Lug,48.00,20,wixim-p025-1.webp,,yes
SC50-12,Wixim Copper Cable Lug SC50-12 50mm² 1/0 AWG 13mm stud hole,Wixim,Electrical & Lighting,Copper Cable Lug,48.00,20,wixim-p025-1.webp,,yes
SC70-8,Wixim Copper Cable Lug SC70-8 70mm² 2/0 AWG 8.4mm stud hole,Wixim,Electrical & Lighting,Copper Cable Lug,73.20,20,wixim-p025-1.webp,,yes
SC70-10,Wixim Copper Cable Lug SC70-10 70mm² 2/0 AWG 10.5mm stud hole,Wixim,Electrical & Lighting,Copper Cable Lug,73.20,20,wixim-p025-1.webp,,yes
SC70-12,Wixim Copper Cable Lug SC70-12 70mm² 2/0 AWG 13mm stud hole,Wixim,Electrical & Lighting,Copper Cable Lug,73.20,20,wixim-p025-1.webp,,yes
SC95-8,Wixim Copper Cable Lug SC95-8 95mm² 3/0 AWG 8.4mm stud hole,Wixim,Electrical & Lighting,Copper Cable Lug,102.00,20,wixim-p025-1.webp,,yes
SC95-10,Wixim Copper Cable Lug SC95-10 95mm² 3/0 AWG 10.5mm stud hole,Wixim,Electrical & Lighting,Copper Cable Lug,102.00,20,wixim-p025-1.webp,,yes
SC95-12,Wixim Copper Cable Lug SC95-12 95mm² 3/0 AWG 13mm stud hole,Wixim,Electrical & Lighting,Copper Cable Lug,102.00,20,wixim-p025-1.webp,,yes
SC120-8,Wixim Copper Cable Lug SC120-8 120mm² 4/0 AWG 8.4mm stud hole,Wixim,Electrical & Lighting,Copper Cable Lug,163.20,20,wixim-p025-1.webp,,yes
SC120-10,Wixim Copper Cable Lug SC120-10 120mm² 4/0 AWG 10.5mm stud hole,Wixim,Electrical & Lighting,Copper Cable Lug,163.20,20,wixim-p025-1.webp,,yes
SC120-12,Wixim Copper Cable Lug SC120-12 120mm² 4/0 AWG 13mm stud hole,Wixim,Electrical & Lighting,Copper Cable Lug,163.20,20,wixim-p025-1.webp,,yes
SC150-10,Wixim Copper Cable Lug SC150-10 150mm² 250-300MCM 10.5mm stud hole,Wixim,Electrical & Lighting,Copper Cable Lug,194.40,20,wixim-p025-1.webp,,yes
SC150-12,Wixim Copper Cable Lug SC150-12 150mm² 250-300MCM 13mm stud hole,Wixim,Electrical & Lighting,Copper Cable Lug,194.40,20,wixim-p025-1.webp,,yes
SC185-10,Wixim Copper Cable Lug SC185-10 185mm² 300-350MCM 10.5mm stud hole,Wixim,Electrical & Lighting,Copper Cable Lug,312.00,20,wixim-p025-1.webp,,yes
SC185-12,Wixim Copper Cable Lug SC185-12 185mm² 300-350MCM 13mm stud hole,Wixim,Electrical & Lighting,Copper Cable Lug,312.00,20,wixim-p025-1.webp,,yes
SC240-12,Wixim Copper Cable Lug SC240-12 240mm² 400-500MCM 13mm stud hole,Wixim,Electrical & Lighting,Copper Cable Lug,432.00,20,wixim-p025-1.webp,,yes
SC240-16,Wixim Copper Cable Lug SC240-16 240mm² 400-500MCM 17mm stud hole,Wixim,Electrical & Lighting,Copper Cable Lug,432.00,20,wixim-p025-1.webp,,yes
SC300-16,Wixim Copper Cable Lug SC300-16 300mm² 500-600MCM 17mm stud hole,Wixim,Electrical & Lighting,Copper Cable Lug,612.00,20,wixim-p025-1.webp,,yes
SC400-16,Wixim Copper Cable Lug SC400-16 400mm² 800MCM 17mm stud hole,Wixim,Electrical & Lighting,Copper Cable Lug,864.00,20,wixim-p025-1.webp,,yes
SC500-16,Wixim Copper Cable Lug SC500-16 500mm² 1000MCM 17mm stud hole,Wixim,Electrical & Lighting,Copper Cable Lug,1320.00,20,wixim-p025-1.webp,,yes
1B6U,Wixim Mechanical Lug Al-Cu L Type 1B6U 1x6 AWG,Wixim,Electrical & Lighting,"Mechanical/Universal Lug (Aluminum-Copper), L Type",31.20,20,wixim-p026-1.webp,,yes
1B2U,Wixim Mechanical Lug Al-Cu L Type 1B2U 1x2 AWG,Wixim,Electrical & Lighting,"Mechanical/Universal Lug (Aluminum-Copper), L Type",38.40,20,wixim-p026-1.webp,,yes
1B25U,Wixim Mechanical Lug Al-Cu L Type 1B25U 1x1/0 AWG,Wixim,Electrical & Lighting,"Mechanical/Universal Lug (Aluminum-Copper), L Type",72.00,20,wixim-p026-1.webp,,yes
1B26U,Wixim Mechanical Lug Al-Cu L Type 1B26U 1x2/0 AWG,Wixim,Electrical & Lighting,"Mechanical/Universal Lug (Aluminum-Copper), L Type",78.00,20,wixim-p026-1.webp,,yes
1B29U,Wixim Mechanical Lug Al-Cu L Type 1B29U 1x250MCM,Wixim,Electrical & Lighting,"Mechanical/Universal Lug (Aluminum-Copper), L Type",162.00,20,wixim-p026-1.webp,,yes
1B31U,Wixim Mechanical Lug Al-Cu L Type 1B31U 1x350MCM,Wixim,Electrical & Lighting,"Mechanical/Universal Lug (Aluminum-Copper), L Type",240.00,20,wixim-p026-1.webp,,yes
1B34U,Wixim Mechanical Lug Al-Cu L Type 1B34U 1x500MCM,Wixim,Electrical & Lighting,"Mechanical/Universal Lug (Aluminum-Copper), L Type",348.00,20,wixim-p026-1.webp,,yes
1B36U,Wixim Mechanical Lug Al-Cu L Type 1B36U 1x600MCM,Wixim,Electrical & Lighting,"Mechanical/Universal Lug (Aluminum-Copper), L Type",384.00,20,wixim-p026-1.webp,,yes
1B40U,Wixim Mechanical Lug Al-Cu L Type 1B40U 1x800MCM,Wixim,Electrical & Lighting,"Mechanical/Universal Lug (Aluminum-Copper), L Type",720.00,20,wixim-p026-1.webp,,yes
1B44U,Wixim Mechanical Lug Al-Cu L Type 1B44U 1x1000MCM,Wixim,Electrical & Lighting,"Mechanical/Universal Lug (Aluminum-Copper), L Type",816.00,20,wixim-p026-1.webp,,yes
2B25U,Wixim Mechanical Lug Al-Cu L Type 2B25U 2x1/0 AWG,Wixim,Electrical & Lighting,"Mechanical/Universal Lug (Aluminum-Copper), L Type",120.00,20,wixim-p026-1.webp,,yes
2B26U,Wixim Mechanical Lug Al-Cu L Type 2B26U 2x2/0 AWG,Wixim,Electrical & Lighting,"Mechanical/Universal Lug (Aluminum-Copper), L Type",132.00,20,wixim-p026-1.webp,,yes
2B29U,Wixim Mechanical Lug Al-Cu L Type 2B29U 2x250MCM,Wixim,Electrical & Lighting,"Mechanical/Universal Lug (Aluminum-Copper), L Type",312.00,20,wixim-p026-1.webp,,yes
2B31U,Wixim Mechanical Lug Al-Cu L Type 2B31U 2x350MCM,Wixim,Electrical & Lighting,"Mechanical/Universal Lug (Aluminum-Copper), L Type",432.00,20,wixim-p026-1.webp,,yes
2B34U,Wixim Mechanical Lug Al-Cu L Type 2B34U 2x500MCM,Wixim,Electrical & Lighting,"Mechanical/Universal Lug (Aluminum-Copper), L Type",672.00,20,wixim-p026-1.webp,,yes
2B36U,Wixim Mechanical Lug Al-Cu L Type 2B36U 2x600MCM,Wixim,Electrical & Lighting,"Mechanical/Universal Lug (Aluminum-Copper), L Type",744.00,20,wixim-p026-1.webp,,yes
2B40U,Wixim Mechanical Lug Al-Cu L Type 2B40U 2x800MCM,Wixim,Electrical & Lighting,"Mechanical/Universal Lug (Aluminum-Copper), L Type",1320.00,20,wixim-p026-1.webp,,yes
2B44U,Wixim Mechanical Lug Al-Cu L Type 2B44U 2x1000MCM,Wixim,Electrical & Lighting,"Mechanical/Universal Lug (Aluminum-Copper), L Type",1560.00,20,wixim-p026-1.webp,,yes
3B29U,Wixim Mechanical Lug Al-Cu L Type 3B29U 3x250MCM,Wixim,Electrical & Lighting,"Mechanical/Universal Lug (Aluminum-Copper), L Type",480.00,20,wixim-p026-1.webp,,yes
3B31U,Wixim Mechanical Lug Al-Cu L Type 3B31U 3x350MCM,Wixim,Electrical & Lighting,"Mechanical/Universal Lug (Aluminum-Copper), L Type",696.00,20,wixim-p026-1.webp,,yes
3B34U,Wixim Mechanical Lug Al-Cu L Type 3B34U 3x500MCM,Wixim,Electrical & Lighting,"Mechanical/Universal Lug (Aluminum-Copper), L Type",1032.00,20,wixim-p026-1.webp,,yes
3B44U,Wixim Mechanical Lug Al-Cu L Type 3B44U 3x1000MCM,Wixim,Electrical & Lighting,"Mechanical/Universal Lug (Aluminum-Copper), L Type",2280.00,20,wixim-p026-1.webp,,yes
LSD50,Wixim CA Lug w/ACS LSD50 50MCM 15-50A MCCB,Wixim,Electrical & Lighting,CA Lug w/ACS,60.00,20,wixim-p026-2.webp,,yes
LSD100,Wixim CA Lug w/ACS LSD100 100MCM 60-100A MCCB,Wixim,Electrical & Lighting,CA Lug w/ACS,66.00,20,wixim-p026-2.webp,,yes
LSD100-1,Wixim CA Lug w/ACS LSD100-1 100MCM 60-100A MCCB,Wixim,Electrical & Lighting,CA Lug w/ACS,78.00,20,wixim-p026-2.webp,,yes
LSD250,Wixim CA Lug w/ACS LSD250 250MCM 125-250A MCCB,Wixim,Electrical & Lighting,CA Lug w/ACS,84.00,20,wixim-p026-2.webp,,yes
LSD250-F,Wixim CA Lug w/ACS LSD250-F 250MCM 125-250A MCCB,Wixim,Electrical & Lighting,CA Lug w/ACS,105.60,20,wixim-p026-2.webp,,yes
LSD500,Wixim CA Lug w/ACS LSD500 500MCM 300-400A MCCB,Wixim,Electrical & Lighting,CA Lug w/ACS,192.00,20,wixim-p026-2.webp,,yes
R-500MCM,Wixim Mechanical Lug R-500MCM 22.5x40.5x22.5mm,Wixim,Electrical & Lighting,Mechanical/Universal Terminal Lug,192.00,20,wixim-p026-3.webp,,yes
BQ-LUG,Wixim BQ Lug 16x16.5x12.8mm Small Hole 20-40A / Big Hole 60-100A,Wixim,Electrical & Lighting,Mechanical/Universal Terminal Lug,38.40,20,wixim-p026-4.webp,,yes
T-2-500,Wixim Mechanical Lug T Type T-2-500 2x500MCM for MCCB 500-600A,Wixim,Electrical & Lighting,Mechanical/Universal Terminal Lug,744.00,20,wixim-p027-1.webp,,yes
T-3-500,Wixim Mechanical Lug T Type T-3-500 3x500MCM,Wixim,Electrical & Lighting,Mechanical/Universal Terminal Lug,1020.00,20,wixim-p027-2.webp,,yes
T-4-500,Wixim Mechanical Lug T Type T-4-500 4x500MCM,Wixim,Electrical & Lighting,Mechanical/Universal Terminal Lug,1140.00,20,wixim-p027-3.webp,,yes
Y-3-500,Wixim Mechanical Lug Y Type Y-3-500 3x500MCM,Wixim,Electrical & Lighting,Mechanical/Universal Terminal Lug,1020.00,20,wixim-p027-4.webp,,yes
TS-2-500,Wixim Mechanical Lug T Type Thin Edge TS-2-500 2x500MCM,Wixim,Electrical & Lighting,Mechanical/Universal Terminal Lug,780.00,20,wixim-p027-5.webp,,yes
TS-3-500,Wixim Mechanical Lug T Type Thin Edge TS-3-500 3x500MCM,Wixim,Electrical & Lighting,Mechanical/Universal Terminal Lug,1020.00,20,wixim-p027-6.webp,,yes
2L-2-500,Wixim Mechanical Lug 2 Layer Type 2L-2-500 2x500MCM,Wixim,Electrical & Lighting,Mechanical/Universal Terminal Lug,1176.00,20,wixim-p027-7.webp,,yes
2L-4-500,Wixim Mechanical Lug 2 Layer Type 2L-4-500 4x500MCM,Wixim,Electrical & Lighting,Mechanical/Universal Terminal Lug,1800.00,20,wixim-p027-8.webp,,yes
L16M6,Wixim One-Hole Long Barrel Copper Lug L16M6 16mm² M6,Wixim,Electrical & Lighting,One-Hole Long Barrel Lug,54.00,20,wixim-p028-1.webp,,yes
L25M6,Wixim One-Hole Long Barrel Copper Lug L25M6 25mm² M6,Wixim,Electrical & Lighting,One-Hole Long Barrel Lug,60.00,20,wixim-p028-1.webp,,yes
L35M8,Wixim One-Hole Long Barrel Copper Lug L35M8 35mm² M8,Wixim,Electrical & Lighting,One-Hole Long Barrel Lug,102.00,20,wixim-p028-1.webp,,yes
L50M8,Wixim One-Hole Long Barrel Copper Lug L50M8 50mm² M8,Wixim,Electrical & Lighting,One-Hole Long Barrel Lug,132.00,20,wixim-p028-1.webp,,yes
L70M10,Wixim One-Hole Long Barrel Copper Lug L70M10 70mm² M10,Wixim,Electrical & Lighting,One-Hole Long Barrel Lug,156.00,20,wixim-p028-1.webp,,yes
L95M12,Wixim One-Hole Long Barrel Copper Lug L95M12 95mm² M12,Wixim,Electrical & Lighting,One-Hole Long Barrel Lug,204.00,20,wixim-p028-1.webp,,yes
L120M12,Wixim One-Hole Long Barrel Copper Lug L120M12 120mm² M12,Wixim,Electrical & Lighting,One-Hole Long Barrel Lug,288.00,20,wixim-p028-1.webp,,yes
L150M12,Wixim One-Hole Long Barrel Copper Lug L150M12 150mm² M12,Wixim,Electrical & Lighting,One-Hole Long Barrel Lug,360.00,20,wixim-p028-1.webp,,yes
L185M16,Wixim One-Hole Long Barrel Copper Lug L185M16 185mm² M16,Wixim,Electrical & Lighting,One-Hole Long Barrel Lug,540.00,20,wixim-p028-1.webp,,yes
L240M16,Wixim One-Hole Long Barrel Copper Lug L240M16 240mm² M16,Wixim,Electrical & Lighting,One-Hole Long Barrel Lug,864.00,20,wixim-p028-1.webp,,yes
2L16M6,Wixim Two-Hole Long Barrel Copper Lug 2L16M6 16mm² M6,Wixim,Electrical & Lighting,Two-Hole Long Barrel Lug,84.00,20,wixim-p028-2.webp,,yes
2L25M6,Wixim Two-Hole Long Barrel Copper Lug 2L25M6 25mm² M6,Wixim,Electrical & Lighting,Two-Hole Long Barrel Lug,144.00,20,wixim-p028-2.webp,,yes
2L35M8,Wixim Two-Hole Long Barrel Copper Lug 2L35M8 35mm² M8,Wixim,Electrical & Lighting,Two-Hole Long Barrel Lug,192.00,20,wixim-p028-2.webp,,yes
2L50M8,Wixim Two-Hole Long Barrel Copper Lug 2L50M8 50mm² M8,Wixim,Electrical & Lighting,Two-Hole Long Barrel Lug,204.00,20,wixim-p028-2.webp,,yes
2L70M12,Wixim Two-Hole Long Barrel Copper Lug 2L70M12 70mm² M12,Wixim,Electrical & Lighting,Two-Hole Long Barrel Lug,276.00,20,wixim-p028-2.webp,,yes
2L95M12,Wixim Two-Hole Long Barrel Copper Lug 2L95M12 95mm² M12,Wixim,Electrical & Lighting,Two-Hole Long Barrel Lug,312.00,20,wixim-p028-2.webp,,yes
2L120M12,Wixim Two-Hole Long Barrel Copper Lug 2L120M12 120mm² M12,Wixim,Electrical & Lighting,Two-Hole Long Barrel Lug,372.00,20,wixim-p028-2.webp,,yes
2L150M12,Wixim Two-Hole Long Barrel Copper Lug 2L150M12 150mm² M12,Wixim,Electrical & Lighting,Two-Hole Long Barrel Lug,552.00,20,wixim-p028-2.webp,,yes
2L185M12,Wixim Two-Hole Long Barrel Copper Lug 2L185M12 185mm² M12,Wixim,Electrical & Lighting,Two-Hole Long Barrel Lug,720.00,20,wixim-p028-2.webp,,yes
2L240M12,Wixim Two-Hole Long Barrel Copper Lug 2L240M12 240mm² M12,Wixim,Electrical & Lighting,Two-Hole Long Barrel Lug,984.00,20,wixim-p028-2.webp,,yes
2L240M16,Wixim Two-Hole Long Barrel Copper Lug 2L240M16 240mm² M16,Wixim,Electrical & Lighting,Two-Hole Long Barrel Lug,984.00,20,wixim-p028-2.webp,,yes
HS-30J,Wixim Crimping Tool HS-30J 0.5-6mm² 9in,Wixim,Electrical & Lighting,Crimping Tool,1200.00,20,wixim-p028-3.webp,,yes
HT-568R,Wixim Network Plier HT-568R RJ45 8P8C 6P4C/6P6C,Wixim,Electrical & Lighting,Network Plier,864.00,20,wixim-p028-4.webp,,yes
HSC8 6-4,Wixim Ferrule Crimping Tool HSC8 6-4 0.25-6mm² 22-10 AWG,Wixim,Electrical & Lighting,Crimping Tool,1560.00,20,wixim-p028-5.webp,,yes
LK-22A,Wixim Cable Cutter LK-22A 25mm²,Wixim,Electrical & Lighting,Cable Cutter,360.00,20,wixim-p028-6.webp,,yes
LK-38A,Wixim Cable Cutter LK-38A 38mm²,Wixim,Electrical & Lighting,Cable Cutter,504.00,20,wixim-p028-6.webp,,yes
LK-60A,Wixim Cable Cutter LK-60A 60mm²,Wixim,Electrical & Lighting,Cable Cutter,600.00,20,wixim-p028-6.webp,,yes
HS-125,Wixim Cable Cutter HS-125 240mm²,Wixim,Electrical & Lighting,Cable Cutter,1440.00,20,wixim-p028-7.webp,,yes
LK-250,Wixim Cable Cutter LK-250 250mm²,Wixim,Electrical & Lighting,Cable Cutter,2400.00,20,wixim-p028-7.webp,,yes
LK-500,Wixim Cable Cutter LK-500 500mm²,Wixim,Electrical & Lighting,Cable Cutter,4320.00,20,wixim-p028-7.webp,,yes
CC-400,Wixim Ratchet Cable Cutter CC-400 400mm² max 800MCM,Wixim,Electrical & Lighting,Cable Cutter,7920.00,20,wixim-p028-8.webp,,yes
HS-16,Wixim Crimping Tool HS-16 1.25-16mm² 16-6 AWG,Wixim,Electrical & Lighting,Crimping Tool,936.00,20,wixim-p029-1.webp,,yes
KH-230,Wixim Crimping Tool KH-230 10-240mm² 8 AWG-500MCM,Wixim,Electrical & Lighting,Crimping Tool,9120.00,20,wixim-p029-2.webp,,yes
YQ-70,Wixim Hydraulic Crimping Tool YQ-70 6-70mm² 12-2/0 AWG,Wixim,Electrical & Lighting,Hydraulic Crimping Tool,5760.00,20,wixim-p029-3.webp,,yes
HS-38,Wixim Crimping Tool HS-38 5.5-38mm² 10-2 AWG,Wixim,Electrical & Lighting,Crimping Tool,1800.00,20,wixim-p029-4.webp,,yes
HS-1016,Wixim Crimping Tool HS-1016 0.5-16mm² 22-6 AWG 9in,Wixim,Electrical & Lighting,Crimping Tool,1200.00,20,wixim-p029-5.webp,,yes
YQK-120A,Wixim Hydraulic Crimping Tool YQK-120A 10-120mm² 8 AWG-250MCM,Wixim,Electrical & Lighting,Hydraulic Crimping Tool,6480.00,20,wixim-p029-6.webp,,yes
HX-50B,Wixim Crimping Tool HX-50B 6-50mm² 10-1/0 AWG,Wixim,Electrical & Lighting,Crimping Tool,1920.00,20,wixim-p029-7.webp,,yes
CYO-300,Wixim Hydraulic Crimping Tool CYO-300 50-300mm² 6 AWG-600MCM,Wixim,Electrical & Lighting,Hydraulic Crimping Tool,36000.00,20,wixim-p029-8.webp,,yes
CPO-150S,Wixim Hydraulic Crimping Tool CPO-150S 8-150mm² 6 AWG-300MCM,Wixim,Electrical & Lighting,Hydraulic Crimping Tool,21600.00,20,wixim-p029-9.webp,,yes
HX-120B,Wixim Crimping Tool HX-120B 10-120mm² 8-4/0 AWG,Wixim,Electrical & Lighting,Crimping Tool,6000.00,20,wixim-p029-10.webp,,yes
CYO-400,Wixim Hydraulic Crimping Tool CYO-400 50-400mm² 1/0 AWG-800MCM,Wixim,Electrical & Lighting,Hydraulic Crimping Tool,45600.00,20,wixim-p029-11.webp,,yes
YQK-240,Wixim Hydraulic Crimping Tool YQK-240 10-240mm² 8 AWG-500MCM,Wixim,Electrical & Lighting,Hydraulic Crimping Tool,6960.00,20,wixim-p029-12.webp,,yes
HX-150B,Wixim Crimping Tool HX-150B 16-150mm² 6 AWG-250MCM,Wixim,Electrical & Lighting,Crimping Tool,8400.00,20,wixim-p029-13.webp,,yes
HT-300,Wixim Hydraulic Crimping Tool HT-300 16-300mm² 6 AWG-600MCM,Wixim,Electrical & Lighting,Hydraulic Crimping Tool,57600.00,20,wixim-p029-14.webp,,yes
YQK-300,Wixim Hydraulic Crimping Tool YQK-300 10-300mm² 8 AWG-600MCM,Wixim,Electrical & Lighting,Hydraulic Crimping Tool,7680.00,20,wixim-p029-15.webp,,yes
BN1.25,Wixim Non-Insulated Butt Connector BN1.25 22-16 AWG,Wixim,Electrical & Lighting,Non-Insulated Butt Connector,3.00,20,wixim-p030-1.webp,,yes
BN2,Wixim Non-Insulated Butt Connector BN2 16-14 AWG,Wixim,Electrical & Lighting,Non-Insulated Butt Connector,3.12,20,wixim-p030-1.webp,,yes
BN3.5,Wixim Non-Insulated Butt Connector BN3.5 14-12 AWG,Wixim,Electrical & Lighting,Non-Insulated Butt Connector,4.56,20,wixim-p030-1.webp,,yes
BN5.5,Wixim Non-Insulated Butt Connector BN5.5 12-10 AWG,Wixim,Electrical & Lighting,Non-Insulated Butt Connector,5.52,20,wixim-p030-1.webp,,yes
BN8,Wixim Non-Insulated Butt Connector BN8 8 AWG,Wixim,Electrical & Lighting,Non-Insulated Butt Connector,13.20,20,wixim-p030-1.webp,,yes
BN14,Wixim Non-Insulated Butt Connector BN14 6 AWG,Wixim,Electrical & Lighting,Non-Insulated Butt Connector,25.20,20,wixim-p030-1.webp,,yes
BN22,Wixim Non-Insulated Butt Connector BN22 4 AWG,Wixim,Electrical & Lighting,Non-Insulated Butt Connector,42.00,20,wixim-p030-1.webp,,yes
BN38,Wixim Non-Insulated Butt Connector BN38 2 AWG,Wixim,Electrical & Lighting,Non-Insulated Butt Connector,57.60,20,wixim-p030-1.webp,,yes
BN60,Wixim Non-Insulated Butt Connector BN60 1/0 AWG,Wixim,Electrical & Lighting,Non-Insulated Butt Connector,81.60,20,wixim-p030-1.webp,,yes
BN70,Wixim Non-Insulated Butt Connector BN70 2/0 AWG,Wixim,Electrical & Lighting,Non-Insulated Butt Connector,100.80,20,wixim-p030-1.webp,,yes
BN80,Wixim Non-Insulated Butt Connector BN80 3/0 AWG,Wixim,Electrical & Lighting,Non-Insulated Butt Connector,132.00,20,wixim-p030-1.webp,,yes
BN100,Wixim Non-Insulated Butt Connector BN100 4/0 AWG,Wixim,Electrical & Lighting,Non-Insulated Butt Connector,175.20,20,wixim-p030-1.webp,,yes
BN150,Wixim Non-Insulated Butt Connector BN150 250-300MCM,Wixim,Electrical & Lighting,Non-Insulated Butt Connector,372.00,20,wixim-p030-1.webp,,yes
BN180,Wixim Non-Insulated Butt Connector BN180 300-350MCM,Wixim,Electrical & Lighting,Non-Insulated Butt Connector,456.00,20,wixim-p030-1.webp,,yes
BN200,Wixim Non-Insulated Butt Connector BN200 400-500MCM,Wixim,Electrical & Lighting,Non-Insulated Butt Connector,660.00,20,wixim-p030-1.webp,,yes
BN325,Wixim Non-Insulated Butt Connector BN325 500-600MCM,Wixim,Electrical & Lighting,Non-Insulated Butt Connector,912.00,20,wixim-p030-1.webp,,yes
L-1.5,Wixim Long Barrel Butt Connector L-1.5 1.5mm² 22-16 AWG,Wixim,Electrical & Lighting,Long Barrel Butt Connector,5.04,20,wixim-p030-2.webp,,yes
L-2.5,Wixim Long Barrel Butt Connector L-2.5 2.5mm² 16-14 AWG,Wixim,Electrical & Lighting,Long Barrel Butt Connector,7.80,20,wixim-p030-2.webp,,yes
L-4,Wixim Long Barrel Butt Connector L-4 4mm² 14-12 AWG,Wixim,Electrical & Lighting,Long Barrel Butt Connector,8.64,20,wixim-p030-2.webp,,yes
L-6,Wixim Long Barrel Butt Connector L-6 6mm² 12-10 AWG,Wixim,Electrical & Lighting,Long Barrel Butt Connector,13.20,20,wixim-p030-2.webp,,yes
L-10,Wixim Long Barrel Butt Connector L-10 10mm² 8 AWG,Wixim,Electrical & Lighting,Long Barrel Butt Connector,15.60,20,wixim-p030-2.webp,,yes
L-16,Wixim Long Barrel Butt Connector L-16 16mm² 6 AWG,Wixim,Electrical & Lighting,Long Barrel Butt Connector,26.40,20,wixim-p030-2.webp,,yes
L-25,Wixim Long Barrel Butt Connector L-25 25mm² 4 AWG,Wixim,Electrical & Lighting,Long Barrel Butt Connector,45.60,20,wixim-p030-2.webp,,yes
L-35,Wixim Long Barrel Butt Connector L-35 35mm² 2 AWG,Wixim,Electrical & Lighting,Long Barrel Butt Connector,62.40,20,wixim-p030-2.webp,,yes
L-50,Wixim Long Barrel Butt Connector L-50 50mm² 1/0 AWG,Wixim,Electrical & Lighting,Long Barrel Butt Connector,86.40,20,wixim-p030-2.webp,,yes
L-70,Wixim Long Barrel Butt Connector L-70 70mm² 2/0 AWG,Wixim,Electrical & Lighting,Long Barrel Butt Connector,105.60,20,wixim-p030-2.webp,,yes
L-95,Wixim Long Barrel Butt Connector L-95 95mm² 3/0 AWG,Wixim,Electrical & Lighting,Long Barrel Butt Connector,132.00,20,wixim-p030-2.webp,,yes
L-120,Wixim Long Barrel Butt Connector L-120 120mm² 4/0 AWG,Wixim,Electrical & Lighting,Long Barrel Butt Connector,216.00,20,wixim-p030-2.webp,,yes
L-150,Wixim Long Barrel Butt Connector L-150 150mm² 250-300MCM,Wixim,Electrical & Lighting,Long Barrel Butt Connector,396.00,20,wixim-p030-2.webp,,yes
L-185,Wixim Long Barrel Butt Connector L-185 185mm² 300-350MCM,Wixim,Electrical & Lighting,Long Barrel Butt Connector,486.00,20,wixim-p030-2.webp,,yes
L-240,Wixim Long Barrel Butt Connector L-240 240mm² 400-500MCM,Wixim,Electrical & Lighting,Long Barrel Butt Connector,672.00,20,wixim-p030-2.webp,,yes
L-300,Wixim Long Barrel Butt Connector L-300 300mm² 500-600MCM,Wixim,Electrical & Lighting,Long Barrel Butt Connector,936.00,20,wixim-p030-2.webp,,yes
PXC-2020,Wixim Cable Duct Slotted Grey PXC-2020 20x20mm 2m,Wixim,Electrical & Lighting,Cable Duct (slotted),204.00,20,wixim-p031-1.webp,,yes
PXC-2525,Wixim Cable Duct Slotted Grey PXC-2525 25x25mm 2m,Wixim,Electrical & Lighting,Cable Duct (slotted),228.00,20,wixim-p031-1.webp,,yes
PXC-2540,Wixim Cable Duct Slotted Grey PXC-2540 25x40mm 2m,Wixim,Electrical & Lighting,Cable Duct (slotted),276.00,20,wixim-p031-1.webp,,yes
PXC-2545,Wixim Cable Duct Slotted Grey PXC-2545 25x45mm 2m,Wixim,Electrical & Lighting,Cable Duct (slotted),312.00,20,wixim-p031-1.webp,,yes
PXC-3245,Wixim Cable Duct Slotted Grey PXC-3245 32x45mm 2m,Wixim,Electrical & Lighting,Cable Duct (slotted),336.00,20,wixim-p031-1.webp,,yes
PXC-4080,Wixim Cable Duct Slotted Grey PXC-4080 40x80mm 2m,Wixim,Electrical & Lighting,Cable Duct (slotted),576.00,20,wixim-p031-1.webp,,yes
PXC-4545,Wixim Cable Duct Slotted Grey PXC-4545 45x45mm 2m,Wixim,Electrical & Lighting,Cable Duct (slotted),396.00,20,wixim-p031-1.webp,,yes
PXC-4565,Wixim Cable Duct Slotted Grey PXC-4565 45x65mm 2m,Wixim,Electrical & Lighting,Cable Duct (slotted),504.00,20,wixim-p031-1.webp,,yes
PXC-5050,Wixim Cable Duct Slotted Grey PXC-5050 50x50mm 2m,Wixim,Electrical & Lighting,Cable Duct (slotted),528.00,20,wixim-p031-1.webp,,yes
PXC-5080,Wixim Cable Duct Slotted Grey PXC-5080 50x80mm 2m,Wixim,Electrical & Lighting,Cable Duct (slotted),624.00,20,wixim-p031-1.webp,,yes
PXC-50100,Wixim Cable Duct Slotted Grey PXC-50100 50x100mm 2m,Wixim,Electrical & Lighting,Cable Duct (slotted),900.00,20,wixim-p031-1.webp,,yes
PXC-6080,Wixim Cable Duct Slotted Grey PXC-6080 60x80mm 2m,Wixim,Electrical & Lighting,Cable Duct (slotted),720.00,20,wixim-p031-1.webp,,yes
PXC-6565,Wixim Cable Duct Slotted Grey PXC-6565 65x65mm 2m,Wixim,Electrical & Lighting,Cable Duct (slotted),660.00,20,wixim-p031-1.webp,,yes
PXC-8060,Wixim Cable Duct Slotted Grey PXC-8060 80x60mm 2m,Wixim,Electrical & Lighting,Cable Duct (slotted),720.00,20,wixim-p031-1.webp,,yes
PXC-8080,Wixim Cable Duct Slotted Grey PXC-8080 80x80mm 2m,Wixim,Electrical & Lighting,Cable Duct (slotted),1008.00,20,wixim-p031-1.webp,,yes
PXC-80100,Wixim Cable Duct Slotted Grey PXC-80100 80x100mm 2m,Wixim,Electrical & Lighting,Cable Duct (slotted),1200.00,20,wixim-p031-1.webp,,yes
PXC-10050,Wixim Cable Duct Slotted Grey PXC-10050 100x50mm 2m,Wixim,Electrical & Lighting,Cable Duct (slotted),900.00,20,wixim-p031-1.webp,,yes
PXC-10080,Wixim Cable Duct Slotted Grey PXC-10080 100x80mm 2m,Wixim,Electrical & Lighting,Cable Duct (slotted),1200.00,20,wixim-p031-1.webp,,yes
PXC-100100,Wixim Cable Duct Slotted Grey PXC-100100 100x100mm 2m,Wixim,Electrical & Lighting,Cable Duct (slotted),1680.00,20,wixim-p031-1.webp,,yes
PZC-2525,Wixim Cable Duct Solid White PZC-2525 25x25mm 2m,Wixim,Electrical & Lighting,Cable Duct (solid),336.00,20,wixim-p031-2.webp,,yes
PZC-2540,Wixim Cable Duct Solid White PZC-2540 25x40mm 2m,Wixim,Electrical & Lighting,Cable Duct (solid),360.00,20,wixim-p031-2.webp,,yes
PZC-4040,Wixim Cable Duct Solid White PZC-4040 40x40mm 2m,Wixim,Electrical & Lighting,Cable Duct (solid),432.00,20,wixim-p031-2.webp,,yes
PZC-5050,Wixim Cable Duct Solid White PZC-5050 50x50mm 2m,Wixim,Electrical & Lighting,Cable Duct (solid),768.00,20,wixim-p031-2.webp,,yes
PZC-5080,Wixim Cable Duct Solid White PZC-5080 50x80mm 2m,Wixim,Electrical & Lighting,Cable Duct (solid),780.00,20,wixim-p031-2.webp,,yes
PZC-50100,Wixim Cable Duct Solid White PZC-50100 50x100mm 2m,Wixim,Electrical & Lighting,Cable Duct (solid),1320.00,20,wixim-p031-2.webp,,yes
PZC-6060,Wixim Cable Duct Solid White PZC-6060 60x60mm 2m,Wixim,Electrical & Lighting,Cable Duct (solid),1080.00,20,wixim-p031-2.webp,,yes
PZC-7575,Wixim Cable Duct Solid White PZC-7575 75x75mm 2m,Wixim,Electrical & Lighting,Cable Duct (solid),1320.00,20,wixim-p031-2.webp,,yes
PZC-75100,Wixim Cable Duct Solid White PZC-75100 75x100mm 2m,Wixim,Electrical & Lighting,Cable Duct (solid),1440.00,20,wixim-p031-2.webp,,yes
PZC-100100,Wixim Cable Duct Solid White PZC-100100 100x100mm 2m,Wixim,Electrical & Lighting,Cable Duct (solid),1800.00,20,wixim-p031-2.webp,,yes
ST-5X100,Wixim Stainless Steel Cable Tie ST-5x100 4.6x100mm (100pcs/pack),Wixim,Electrical & Lighting,Stainless Steel Cable Tie,600.00,20,wixim-p032-1.webp,,yes
ST-5X150,Wixim Stainless Steel Cable Tie ST-5x150 4.6x150mm (100pcs/pack),Wixim,Electrical & Lighting,Stainless Steel Cable Tie,684.00,20,wixim-p032-1.webp,,yes
ST-5X200,Wixim Stainless Steel Cable Tie ST-5x200 4.6x200mm (100pcs/pack),Wixim,Electrical & Lighting,Stainless Steel Cable Tie,816.00,20,wixim-p032-1.webp,,yes
ST-8X200,Wixim Stainless Steel Cable Tie ST-8x200 7.9x200mm (100pcs/pack),Wixim,Electrical & Lighting,Stainless Steel Cable Tie,1080.00,20,wixim-p032-1.webp,,yes
ST-5X250,Wixim Stainless Steel Cable Tie ST-5x250 4.6x250mm (100pcs/pack),Wixim,Electrical & Lighting,Stainless Steel Cable Tie,864.00,20,wixim-p032-1.webp,,yes
ST-8X250,Wixim Stainless Steel Cable Tie ST-8x250 7.9x250mm (100pcs/pack),Wixim,Electrical & Lighting,Stainless Steel Cable Tie,1200.00,20,wixim-p032-1.webp,,yes
ST-5X300,Wixim Stainless Steel Cable Tie ST-5x300 4.6x300mm (100pcs/pack),Wixim,Electrical & Lighting,Stainless Steel Cable Tie,912.00,20,wixim-p032-1.webp,,yes
ST-8X300,Wixim Stainless Steel Cable Tie ST-8x300 7.9x300mm (100pcs/pack),Wixim,Electrical & Lighting,Stainless Steel Cable Tie,1320.00,20,wixim-p032-1.webp,,yes
ST-5X350,Wixim Stainless Steel Cable Tie ST-5x350 4.6x350mm (100pcs/pack),Wixim,Electrical & Lighting,Stainless Steel Cable Tie,1020.00,20,wixim-p032-1.webp,,yes
ST-8X350,Wixim Stainless Steel Cable Tie ST-8x350 7.9x350mm (100pcs/pack),Wixim,Electrical & Lighting,Stainless Steel Cable Tie,1440.00,20,wixim-p032-1.webp,,yes
ST-5X400,Wixim Stainless Steel Cable Tie ST-5x400 4.6x400mm (100pcs/pack),Wixim,Electrical & Lighting,Stainless Steel Cable Tie,1140.00,20,wixim-p032-1.webp,,yes
ST-8X400,Wixim Stainless Steel Cable Tie ST-8x400 7.9x400mm (100pcs/pack),Wixim,Electrical & Lighting,Stainless Steel Cable Tie,1680.00,20,wixim-p032-1.webp,,yes
ST-5X500,Wixim Stainless Steel Cable Tie ST-5x500 4.6x500mm (100pcs/pack),Wixim,Electrical & Lighting,Stainless Steel Cable Tie,1320.00,20,wixim-p032-1.webp,,yes
ST-8X500,Wixim Stainless Steel Cable Tie ST-8x500 7.9x500mm (100pcs/pack),Wixim,Electrical & Lighting,Stainless Steel Cable Tie,2040.00,20,wixim-p032-1.webp,,yes
ST-8X600,Wixim Stainless Steel Cable Tie ST-8x600 7.9x600mm (100pcs/pack),Wixim,Electrical & Lighting,Stainless Steel Cable Tie,2280.00,20,wixim-p032-1.webp,,yes
ST-12X600,Wixim Stainless Steel Cable Tie ST-12x600 12x600mm (100pcs/pack),Wixim,Electrical & Lighting,Stainless Steel Cable Tie,3480.00,20,wixim-p032-1.webp,,yes
ST-8X700,Wixim Stainless Steel Cable Tie ST-8x700 7.9x700mm (100pcs/pack),Wixim,Electrical & Lighting,Stainless Steel Cable Tie,2640.00,20,wixim-p032-1.webp,,yes
ST-12X700,Wixim Stainless Steel Cable Tie ST-12x700 12x700mm (100pcs/pack),Wixim,Electrical & Lighting,Stainless Steel Cable Tie,3840.00,20,wixim-p032-1.webp,,yes
ST-8X750,Wixim Stainless Steel Cable Tie ST-8x750 7.9x750mm (100pcs/pack),Wixim,Electrical & Lighting,Stainless Steel Cable Tie,2760.00,20,wixim-p032-1.webp,,yes
ST-10X750,Wixim Stainless Steel Cable Tie ST-10x750 10x750mm (100pcs/pack),Wixim,Electrical & Lighting,Stainless Steel Cable Tie,3600.00,20,wixim-p032-1.webp,,yes
ST-12X750,Wixim Stainless Steel Cable Tie ST-12x750 12x750mm (100pcs/pack),Wixim,Electrical & Lighting,Stainless Steel Cable Tie,4200.00,20,wixim-p032-1.webp,,yes
ST-8X850,Wixim Stainless Steel Cable Tie ST-8x850 7.9x850mm (100pcs/pack),Wixim,Electrical & Lighting,Stainless Steel Cable Tie,3120.00,20,wixim-p032-1.webp,,yes
ST-10X850,Wixim Stainless Steel Cable Tie ST-10x850 10x850mm (100pcs/pack),Wixim,Electrical & Lighting,Stainless Steel Cable Tie,3840.00,20,wixim-p032-1.webp,,yes
ST-12X850,Wixim Stainless Steel Cable Tie ST-12x850 12x850mm (100pcs/pack),Wixim,Electrical & Lighting,Stainless Steel Cable Tie,4560.00,20,wixim-p032-1.webp,,yes
ST-8X1050,Wixim Stainless Steel Cable Tie ST-8x1050 7.9x1050mm (100pcs/pack),Wixim,Electrical & Lighting,Stainless Steel Cable Tie,3840.00,20,wixim-p032-1.webp,,yes
ST-10X1050,Wixim Stainless Steel Cable Tie ST-10x1050 10x1050mm (100pcs/pack),Wixim,Electrical & Lighting,Stainless Steel Cable Tie,4320.00,20,wixim-p032-1.webp,,yes
ST-12X1050,Wixim Stainless Steel Cable Tie ST-12x1050 12x1050mm (100pcs/pack),Wixim,Electrical & Lighting,Stainless Steel Cable Tie,5520.00,20,wixim-p032-1.webp,,yes
ST-10X1200,Wixim Stainless Steel Cable Tie ST-10x1200 10x1200mm (100pcs/pack),Wixim,Electrical & Lighting,Stainless Steel Cable Tie,4920.00,20,wixim-p032-1.webp,,yes
ST-12X1200,Wixim Stainless Steel Cable Tie ST-12x1200 12x1200mm (100pcs/pack),Wixim,Electrical & Lighting,Stainless Steel Cable Tie,6120.00,20,wixim-p032-1.webp,,yes
CHS-3X80,"Wixim Nylon Cable Tie CHS-3x80 3"" 80mm x 2.5mm (100pcs/pack)",Wixim,Electrical & Lighting,Cable Tie,21.60,20,wixim-p33-1.webp,,yes
CHS-3X100,"Wixim Nylon Cable Tie CHS-3x100 4"" 100mm x 2.5mm (100pcs/pack)",Wixim,Electrical & Lighting,Cable Tie,24.00,20,wixim-p33-1.webp,,yes
CHS-3X120,"Wixim Nylon Cable Tie CHS-3x120 5"" 120mm x 2.5mm (100pcs/pack)",Wixim,Electrical & Lighting,Cable Tie,33.60,20,wixim-p33-1.webp,,yes
CHS-4X120,"Wixim Nylon Cable Tie CHS-4x120 5"" 120mm x 3.5mm (100pcs/pack)",Wixim,Electrical & Lighting,Cable Tie,48.00,20,wixim-p33-1.webp,,yes
CHS-3X150,"Wixim Nylon Cable Tie CHS-3x150 6"" 150mm x 2.5mm (100pcs/pack)",Wixim,Electrical & Lighting,Cable Tie,48.00,20,wixim-p33-1.webp,,yes
CHS-4X150,"Wixim Nylon Cable Tie CHS-4x150 6"" 150mm x 3.5mm (100pcs/pack)",Wixim,Electrical & Lighting,Cable Tie,57.60,20,wixim-p33-1.webp,,yes
CHS-4X180,"Wixim Nylon Cable Tie CHS-4x180 7"" 180mm x 3.6mm (100pcs/pack)",Wixim,Electrical & Lighting,Cable Tie,74.40,20,wixim-p33-1.webp,,yes
CHS-3X200,"Wixim Nylon Cable Tie CHS-3x200 8"" 200mm x 2.5mm (100pcs/pack)",Wixim,Electrical & Lighting,Cable Tie,57.60,20,wixim-p33-1.webp,,yes
CHS-4X200,"Wixim Nylon Cable Tie CHS-4x200 8"" 200mm x 3.6mm (100pcs/pack)",Wixim,Electrical & Lighting,Cable Tie,81.60,20,wixim-p33-1.webp,,yes
CHS-5X200,"Wixim Nylon Cable Tie CHS-5x200 8"" 200mm x 4.6mm (100pcs/pack)",Wixim,Electrical & Lighting,Cable Tie,115.20,20,wixim-p33-1.webp,,yes
CHS-4X250,"Wixim Nylon Cable Tie CHS-4x250 10"" 250mm x 3.6mm (100pcs/pack)",Wixim,Electrical & Lighting,Cable Tie,115.20,20,wixim-p33-1.webp,,yes
CHS-5X250,"Wixim Nylon Cable Tie CHS-5x250 10"" 250mm x 4.6mm (100pcs/pack)",Wixim,Electrical & Lighting,Cable Tie,141.60,20,wixim-p33-1.webp,,yes
CHS-4X300,"Wixim Nylon Cable Tie CHS-4x300 12"" 300mm x 3.6mm (100pcs/pack)",Wixim,Electrical & Lighting,Cable Tie,141.60,20,wixim-p33-1.webp,,yes
CHS-5X300,"Wixim Nylon Cable Tie CHS-5x300 12"" 300mm x 4.7mm (100pcs/pack)",Wixim,Electrical & Lighting,Cable Tie,189.60,20,wixim-p33-1.webp,,yes
CHS-8X300,"Wixim Nylon Cable Tie CHS-8x300 12"" 300mm x 7.2mm (100pcs/pack)",Wixim,Electrical & Lighting,Cable Tie,336.00,20,wixim-p33-1.webp,,yes
CHS-5X350,"Wixim Nylon Cable Tie CHS-5x350 14"" 350mm x 4.7mm (100pcs/pack)",Wixim,Electrical & Lighting,Cable Tie,228.00,20,wixim-p33-1.webp,,yes
CHS-8X350,"Wixim Nylon Cable Tie CHS-8x350 14"" 350mm x 7.2mm (100pcs/pack)",Wixim,Electrical & Lighting,Cable Tie,456.00,20,wixim-p33-1.webp,,yes
CHS-5X380,"Wixim Nylon Cable Tie CHS-5x380 15"" 380mm x 4.7mm (100pcs/pack)",Wixim,Electrical & Lighting,Cable Tie,228.00,20,wixim-p33-1.webp,,yes
CHS-8X380,"Wixim Nylon Cable Tie CHS-8x380 15"" 380mm x 7.2mm (100pcs/pack)",Wixim,Electrical & Lighting,Cable Tie,516.00,20,wixim-p33-1.webp,,yes
CHS-5X400,"Wixim Nylon Cable Tie CHS-5x400 16"" 400mm x 4.7mm (100pcs/pack)",Wixim,Electrical & Lighting,Cable Tie,288.00,20,wixim-p33-1.webp,,yes
CHS-8X400,"Wixim Nylon Cable Tie CHS-8x400 16"" 400mm x 7.2mm (100pcs/pack)",Wixim,Electrical & Lighting,Cable Tie,624.00,20,wixim-p33-1.webp,,yes
CHS-5X450,"Wixim Nylon Cable Tie CHS-5x450 18"" 450mm x 4.7mm (100pcs/pack)",Wixim,Electrical & Lighting,Cable Tie,336.00,20,wixim-p33-1.webp,,yes
CHS-8X450,"Wixim Nylon Cable Tie CHS-8x450 18"" 450mm x 7.2mm (100pcs/pack)",Wixim,Electrical & Lighting,Cable Tie,732.00,20,wixim-p33-1.webp,,yes
CHS-8X500,"Wixim Nylon Cable Tie CHS-8x500 20"" 500mm x 7.2mm (100pcs/pack)",Wixim,Electrical & Lighting,Cable Tie,864.00,20,wixim-p33-1.webp,,yes
CHS-9X550,"Wixim Nylon Cable Tie CHS-9x550 22"" 550mm x 8.7mm (100pcs/pack)",Wixim,Electrical & Lighting,Cable Tie,1128.00,20,wixim-p33-1.webp,,yes
CHS-9X650,"Wixim Nylon Cable Tie CHS-9x650 26"" 650mm x 8.7mm (100pcs/pack)",Wixim,Electrical & Lighting,Cable Tie,1440.00,20,wixim-p33-1.webp,,yes
CHS-9X750,"Wixim Nylon Cable Tie CHS-9x750 30"" 760mm x 8.7mm (100pcs/pack)",Wixim,Electrical & Lighting,Cable Tie,1680.00,20,wixim-p33-1.webp,,yes
CHS-9X900,"Wixim Nylon Cable Tie CHS-9x900 36"" 900mm x 8.7mm (100pcs/pack)",Wixim,Electrical & Lighting,Cable Tie,2160.00,20,wixim-p33-1.webp,,yes
CHS-9X1000,"Wixim Nylon Cable Tie CHS-9x1000 40"" 1000mm x 8.7mm (100pcs/pack)",Wixim,Electrical & Lighting,Cable Tie,2760.00,20,wixim-p33-1.webp,,yes
DRS-1-M,Wixim Heat Shrinkable Tubing DRS-1 1mm ID per meter,Wixim,Electrical & Lighting,Heat Shrinkable Tubing,6.00,20,wixim-p34-1.webp,,yes
DRS-1-ROLL,Wixim Heat Shrinkable Tubing DRS-1 1mm ID roll 200m,Wixim,Electrical & Lighting,Heat Shrinkable Tubing,1080.00,20,wixim-p34-1.webp,,yes
DRS-1.5-M,Wixim Heat Shrinkable Tubing DRS-1.5 1.5mm ID per meter,Wixim,Electrical & Lighting,Heat Shrinkable Tubing,7.20,20,wixim-p34-1.webp,,yes
DRS-1.5-ROLL,Wixim Heat Shrinkable Tubing DRS-1.5 1.5mm ID roll 200m,Wixim,Electrical & Lighting,Heat Shrinkable Tubing,1320.00,20,wixim-p34-1.webp,,yes
DRS-2-M,Wixim Heat Shrinkable Tubing DRS-2 2mm ID per meter,Wixim,Electrical & Lighting,Heat Shrinkable Tubing,8.40,20,wixim-p34-1.webp,,yes
DRS-2-ROLL,Wixim Heat Shrinkable Tubing DRS-2 2mm ID roll 200m,Wixim,Electrical & Lighting,Heat Shrinkable Tubing,1560.00,20,wixim-p34-1.webp,,yes
DRS-2.5-M,Wixim Heat Shrinkable Tubing DRS-2.5 2.5mm ID per meter,Wixim,Electrical & Lighting,Heat Shrinkable Tubing,9.60,20,wixim-p34-1.webp,,yes
DRS-2.5-ROLL,Wixim Heat Shrinkable Tubing DRS-2.5 2.5mm ID roll 200m,Wixim,Electrical & Lighting,Heat Shrinkable Tubing,1728.00,20,wixim-p34-1.webp,,yes
DRS-3-M,Wixim Heat Shrinkable Tubing DRS-3 3mm ID per meter,Wixim,Electrical & Lighting,Heat Shrinkable Tubing,10.80,20,wixim-p34-1.webp,,yes
DRS-3-ROLL,Wixim Heat Shrinkable Tubing DRS-3 3mm ID roll 200m,Wixim,Electrical & Lighting,Heat Shrinkable Tubing,1944.00,20,wixim-p34-1.webp,,yes
DRS-3.5-M,Wixim Heat Shrinkable Tubing DRS-3.5 3.5mm ID per meter,Wixim,Electrical & Lighting,Heat Shrinkable Tubing,12.00,20,wixim-p34-1.webp,,yes
DRS-3.5-ROLL,Wixim Heat Shrinkable Tubing DRS-3.5 3.5mm ID roll 200m,Wixim,Electrical & Lighting,Heat Shrinkable Tubing,2160.00,20,wixim-p34-1.webp,,yes
DRS-4-M,Wixim Heat Shrinkable Tubing DRS-4 4mm ID per meter,Wixim,Electrical & Lighting,Heat Shrinkable Tubing,13.20,20,wixim-p34-1.webp,,yes
DRS-4-ROLL,Wixim Heat Shrinkable Tubing DRS-4 4mm ID roll 200m,Wixim,Electrical & Lighting,Heat Shrinkable Tubing,2400.00,20,wixim-p34-1.webp,,yes
DRS-5-M,Wixim Heat Shrinkable Tubing DRS-5 5mm ID per meter,Wixim,Electrical & Lighting,Heat Shrinkable Tubing,14.40,20,wixim-p34-1.webp,,yes
DRS-5-ROLL,Wixim Heat Shrinkable Tubing DRS-5 5mm ID roll 100m,Wixim,Electrical & Lighting,Heat Shrinkable Tubing,1320.00,20,wixim-p34-1.webp,,yes
DRS-6-M,Wixim Heat Shrinkable Tubing DRS-6 6mm ID per meter,Wixim,Electrical & Lighting,Heat Shrinkable Tubing,15.60,20,wixim-p34-1.webp,,yes
DRS-6-ROLL,Wixim Heat Shrinkable Tubing DRS-6 6mm ID roll 100m,Wixim,Electrical & Lighting,Heat Shrinkable Tubing,1404.00,20,wixim-p34-1.webp,,yes
DRS-7-M,Wixim Heat Shrinkable Tubing DRS-7 7mm ID per meter,Wixim,Electrical & Lighting,Heat Shrinkable Tubing,16.80,20,wixim-p34-1.webp,,yes
DRS-7-ROLL,Wixim Heat Shrinkable Tubing DRS-7 7mm ID roll 100m,Wixim,Electrical & Lighting,Heat Shrinkable Tubing,1512.00,20,wixim-p34-1.webp,,yes
DRS-8-M,Wixim Heat Shrinkable Tubing DRS-8 8mm ID per meter,Wixim,Electrical & Lighting,Heat Shrinkable Tubing,18.00,20,wixim-p34-1.webp,,yes
DRS-8-ROLL,Wixim Heat Shrinkable Tubing DRS-8 8mm ID roll 100m,Wixim,Electrical & Lighting,Heat Shrinkable Tubing,1620.00,20,wixim-p34-1.webp,,yes
DRS-9-M,Wixim Heat Shrinkable Tubing DRS-9 9mm ID per meter,Wixim,Electrical & Lighting,Heat Shrinkable Tubing,19.20,20,wixim-p34-1.webp,,yes
DRS-9-ROLL,Wixim Heat Shrinkable Tubing DRS-9 9mm ID roll 100m,Wixim,Electrical & Lighting,Heat Shrinkable Tubing,1728.00,20,wixim-p34-1.webp,,yes
DRS-10-M,Wixim Heat Shrinkable Tubing DRS-10 10mm ID per meter,Wixim,Electrical & Lighting,Heat Shrinkable Tubing,20.40,20,wixim-p34-1.webp,,yes
DRS-10-ROLL,Wixim Heat Shrinkable Tubing DRS-10 10mm ID roll 100m,Wixim,Electrical & Lighting,Heat Shrinkable Tubing,1836.00,20,wixim-p34-1.webp,,yes
DRS-11-M,Wixim Heat Shrinkable Tubing DRS-11 11mm ID per meter,Wixim,Electrical & Lighting,Heat Shrinkable Tubing,21.60,20,wixim-p34-1.webp,,yes
DRS-11-ROLL,Wixim Heat Shrinkable Tubing DRS-11 11mm ID roll 100m,Wixim,Electrical & Lighting,Heat Shrinkable Tubing,1944.00,20,wixim-p34-1.webp,,yes
DRS-12-M,Wixim Heat Shrinkable Tubing DRS-12 12mm ID per meter,Wixim,Electrical & Lighting,Heat Shrinkable Tubing,22.80,20,wixim-p34-1.webp,,yes
DRS-12-ROLL,Wixim Heat Shrinkable Tubing DRS-12 12mm ID roll 100m,Wixim,Electrical & Lighting,Heat Shrinkable Tubing,2040.00,20,wixim-p34-1.webp,,yes
DRS-13-M,Wixim Heat Shrinkable Tubing DRS-13 13mm ID per meter,Wixim,Electrical & Lighting,Heat Shrinkable Tubing,24.00,20,wixim-p34-1.webp,,yes
DRS-13-ROLL,Wixim Heat Shrinkable Tubing DRS-13 13mm ID roll 100m,Wixim,Electrical & Lighting,Heat Shrinkable Tubing,2160.00,20,wixim-p34-1.webp,,yes
DRS-14-M,Wixim Heat Shrinkable Tubing DRS-14 14mm ID per meter,Wixim,Electrical & Lighting,Heat Shrinkable Tubing,25.20,20,wixim-p34-1.webp,,yes
DRS-14-ROLL,Wixim Heat Shrinkable Tubing DRS-14 14mm ID roll 100m,Wixim,Electrical & Lighting,Heat Shrinkable Tubing,2280.00,20,wixim-p34-1.webp,,yes
DRS-15-M,Wixim Heat Shrinkable Tubing DRS-15 15mm ID per meter,Wixim,Electrical & Lighting,Heat Shrinkable Tubing,26.40,20,wixim-p34-1.webp,,yes
DRS-15-ROLL,Wixim Heat Shrinkable Tubing DRS-15 15mm ID roll 100m,Wixim,Electrical & Lighting,Heat Shrinkable Tubing,2376.00,20,wixim-p34-1.webp,,yes
DRS-16-M,Wixim Heat Shrinkable Tubing DRS-16 16mm ID per meter,Wixim,Electrical & Lighting,Heat Shrinkable Tubing,28.80,20,wixim-p34-1.webp,,yes
DRS-16-ROLL,Wixim Heat Shrinkable Tubing DRS-16 16mm ID roll 100m,Wixim,Electrical & Lighting,Heat Shrinkable Tubing,2592.00,20,wixim-p34-1.webp,,yes
DRS-18-M,Wixim Heat Shrinkable Tubing DRS-18 18mm ID per meter,Wixim,Electrical & Lighting,Heat Shrinkable Tubing,31.20,20,wixim-p34-1.webp,,yes
DRS-18-ROLL,Wixim Heat Shrinkable Tubing DRS-18 18mm ID roll 100m,Wixim,Electrical & Lighting,Heat Shrinkable Tubing,2916.00,20,wixim-p34-1.webp,,yes
DRS-20-M,Wixim Heat Shrinkable Tubing DRS-20 20mm ID per meter,Wixim,Electrical & Lighting,Heat Shrinkable Tubing,38.40,20,wixim-p34-1.webp,,yes
DRS-20-ROLL,Wixim Heat Shrinkable Tubing DRS-20 20mm ID roll 100m,Wixim,Electrical & Lighting,Heat Shrinkable Tubing,3456.00,20,wixim-p34-1.webp,,yes
DRS-22-M,Wixim Heat Shrinkable Tubing DRS-22 22mm ID per meter,Wixim,Electrical & Lighting,Heat Shrinkable Tubing,43.20,20,wixim-p34-1.webp,,yes
DRS-22-ROLL,Wixim Heat Shrinkable Tubing DRS-22 22mm ID roll 100m,Wixim,Electrical & Lighting,Heat Shrinkable Tubing,3888.00,20,wixim-p34-1.webp,,yes
DRS-25-M,Wixim Heat Shrinkable Tubing DRS-25 25mm ID per meter,Wixim,Electrical & Lighting,Heat Shrinkable Tubing,48.00,20,wixim-p34-1.webp,,yes
DRS-25-ROLL,Wixim Heat Shrinkable Tubing DRS-25 25mm ID roll 100m,Wixim,Electrical & Lighting,Heat Shrinkable Tubing,4320.00,20,wixim-p34-1.webp,,yes
DRS-28-M,Wixim Heat Shrinkable Tubing DRS-28 28mm ID per meter,Wixim,Electrical & Lighting,Heat Shrinkable Tubing,60.00,20,wixim-p34-1.webp,,yes
DRS-28-ROLL,Wixim Heat Shrinkable Tubing DRS-28 28mm ID roll 100m,Wixim,Electrical & Lighting,Heat Shrinkable Tubing,5400.00,20,wixim-p34-1.webp,,yes
DRS-30-M,Wixim Heat Shrinkable Tubing DRS-30 30mm ID per meter,Wixim,Electrical & Lighting,Heat Shrinkable Tubing,64.80,20,wixim-p34-1.webp,,yes
DRS-30-ROLL,Wixim Heat Shrinkable Tubing DRS-30 30mm ID roll 50m,Wixim,Electrical & Lighting,Heat Shrinkable Tubing,3000.00,20,wixim-p34-1.webp,,yes
DRS-35-M,Wixim Heat Shrinkable Tubing DRS-35 35mm ID per meter,Wixim,Electrical & Lighting,Heat Shrinkable Tubing,76.80,20,wixim-p34-1.webp,,yes
DRS-35-ROLL,Wixim Heat Shrinkable Tubing DRS-35 35mm ID roll 50m,Wixim,Electrical & Lighting,Heat Shrinkable Tubing,3480.00,20,wixim-p34-1.webp,,yes
DRS-40-M,Wixim Heat Shrinkable Tubing DRS-40 40mm ID per meter,Wixim,Electrical & Lighting,Heat Shrinkable Tubing,96.00,20,wixim-p34-1.webp,,yes
DRS-40-ROLL,Wixim Heat Shrinkable Tubing DRS-40 40mm ID roll 50m,Wixim,Electrical & Lighting,Heat Shrinkable Tubing,4320.00,20,wixim-p34-1.webp,,yes
DRS-50-M,Wixim Heat Shrinkable Tubing DRS-50 50mm ID per meter,Wixim,Electrical & Lighting,Heat Shrinkable Tubing,132.00,20,wixim-p34-1.webp,,yes
DRS-50-ROLL,Wixim Heat Shrinkable Tubing DRS-50 50mm ID roll 50m,Wixim,Electrical & Lighting,Heat Shrinkable Tubing,6000.00,20,wixim-p34-1.webp,,yes
DRS-60-M,Wixim Heat Shrinkable Tubing DRS-60 60mm ID per meter,Wixim,Electrical & Lighting,Heat Shrinkable Tubing,168.00,20,wixim-p34-1.webp,,yes
DRS-60-ROLL,Wixim Heat Shrinkable Tubing DRS-60 60mm ID roll 50m,Wixim,Electrical & Lighting,Heat Shrinkable Tubing,7560.00,20,wixim-p34-1.webp,,yes
DRS-70-M,Wixim Heat Shrinkable Tubing DRS-70 70mm ID per meter,Wixim,Electrical & Lighting,Heat Shrinkable Tubing,192.00,20,wixim-p34-1.webp,,yes
DRS-70-ROLL,Wixim Heat Shrinkable Tubing DRS-70 70mm ID roll 50m,Wixim,Electrical & Lighting,Heat Shrinkable Tubing,8640.00,20,wixim-p34-1.webp,,yes
DRS-80-M,Wixim Heat Shrinkable Tubing DRS-80 80mm ID per meter,Wixim,Electrical & Lighting,Heat Shrinkable Tubing,240.00,20,wixim-p34-1.webp,,yes
DRS-80-ROLL,Wixim Heat Shrinkable Tubing DRS-80 80mm ID roll 50m,Wixim,Electrical & Lighting,Heat Shrinkable Tubing,10800.00,20,wixim-p34-1.webp,,yes
DRS-90-M,Wixim Heat Shrinkable Tubing DRS-90 90mm ID per meter,Wixim,Electrical & Lighting,Heat Shrinkable Tubing,264.00,20,wixim-p34-1.webp,,yes
DRS-90-ROLL,Wixim Heat Shrinkable Tubing DRS-90 90mm ID roll 50m,Wixim,Electrical & Lighting,Heat Shrinkable Tubing,12000.00,20,wixim-p34-1.webp,,yes
DRS-100-M,Wixim Heat Shrinkable Tubing DRS-100 100mm ID per meter,Wixim,Electrical & Lighting,Heat Shrinkable Tubing,348.00,20,wixim-p34-1.webp,,yes
DRS-100-ROLL,Wixim Heat Shrinkable Tubing DRS-100 100mm ID roll 50m,Wixim,Electrical & Lighting,Heat Shrinkable Tubing,15600.00,20,wixim-p34-1.webp,,yes
DRS-120-M,Wixim Heat Shrinkable Tubing DRS-120 120mm ID per meter,Wixim,Electrical & Lighting,Heat Shrinkable Tubing,420.00,20,wixim-p34-1.webp,,yes
DRS-120-ROLL,Wixim Heat Shrinkable Tubing DRS-120 120mm ID roll 50m,Wixim,Electrical & Lighting,Heat Shrinkable Tubing,18840.00,20,wixim-p34-1.webp,,yes
DRS-150-M,Wixim Heat Shrinkable Tubing DRS-150 150mm ID per meter,Wixim,Electrical & Lighting,Heat Shrinkable Tubing,528.00,20,wixim-p34-1.webp,,yes
DRS-150-ROLL,Wixim Heat Shrinkable Tubing DRS-150 150mm ID roll 50m,Wixim,Electrical & Lighting,Heat Shrinkable Tubing,24000.00,20,wixim-p34-1.webp,,yes
DRS-180-M,Wixim Heat Shrinkable Tubing DRS-180 180mm ID per meter,Wixim,Electrical & Lighting,Heat Shrinkable Tubing,900.00,20,wixim-p34-1.webp,,yes
DRS-180-ROLL,Wixim Heat Shrinkable Tubing DRS-180 180mm ID roll 50m,Wixim,Electrical & Lighting,Heat Shrinkable Tubing,40560.00,20,wixim-p34-1.webp,,yes
PG-7,"Wixim Nylon Cable Gland PG-7 1/4"" cable 3-6.5mm",Wixim,Electrical & Lighting,Cable Gland,8.40,20,wixim-p35-1.webp,,yes
PG-9,"Wixim Nylon Cable Gland PG-9 3/8"" cable 4-8mm",Wixim,Electrical & Lighting,Cable Gland,9.60,20,wixim-p35-1.webp,,yes
PG-11,Wixim Nylon Cable Gland PG-11 cable 5-10mm,Wixim,Electrical & Lighting,Cable Gland,10.80,20,wixim-p35-1.webp,,yes
PG-13.5,"Wixim Nylon Cable Gland PG-13.5 1/2"" cable 6-12mm",Wixim,Electrical & Lighting,Cable Gland,13.20,20,wixim-p35-1.webp,,yes
PG-16,Wixim Nylon Cable Gland PG-16 cable 10-14mm,Wixim,Electrical & Lighting,Cable Gland,16.80,20,wixim-p35-1.webp,,yes
PG-19,Wixim Nylon Cable Gland PG-19 cable 12-15mm,Wixim,Electrical & Lighting,Cable Gland,21.60,20,wixim-p35-1.webp,,yes
PG-21,"Wixim Nylon Cable Gland PG-21 3/4"" cable 13-18mm",Wixim,Electrical & Lighting,Cable Gland,24.00,20,wixim-p35-1.webp,,yes
PG-25,Wixim Nylon Cable Gland PG-25 cable 15-22mm,Wixim,Electrical & Lighting,Cable Gland,31.20,20,wixim-p35-1.webp,,yes
PG-29,"Wixim Nylon Cable Gland PG-29 1"" cable 18-25mm",Wixim,Electrical & Lighting,Cable Gland,37.20,20,wixim-p35-1.webp,,yes
PG-36,"Wixim Nylon Cable Gland PG-36 1-1/4"" cable 22-32mm",Wixim,Electrical & Lighting,Cable Gland,67.20,20,wixim-p35-1.webp,,yes
PG-42,"Wixim Nylon Cable Gland PG-42 1-1/2"" cable 30-38mm",Wixim,Electrical & Lighting,Cable Gland,91.20,20,wixim-p35-1.webp,,yes
PG-48,"Wixim Nylon Cable Gland PG-48 2"" cable 34-44mm",Wixim,Electrical & Lighting,Cable Gland,115.20,20,wixim-p35-1.webp,,yes
PG-63,"Wixim Nylon Cable Gland PG-63 2-1/2"" cable 42-54mm",Wixim,Electrical & Lighting,Cable Gland,180.00,20,wixim-p35-1.webp,,yes
MG-12,Wixim Nylon Cable Gland MG-12 M12x1.25 cable 4.5-8mm,Wixim,Electrical & Lighting,Cable Gland,15.60,20,wixim-p35-2.webp,,yes
MG-16,Wixim Nylon Cable Gland MG-16 M16x1.5 cable 6-10mm,Wixim,Electrical & Lighting,Cable Gland,19.20,20,wixim-p35-2.webp,,yes
MG-20,Wixim Nylon Cable Gland MG-20 M20x1.5 cable 9-14mm,Wixim,Electrical & Lighting,Cable Gland,28.80,20,wixim-p35-2.webp,,yes
MG-25,Wixim Nylon Cable Gland MG-25 M25x1.5 cable 13-18mm,Wixim,Electrical & Lighting,Cable Gland,40.80,20,wixim-p35-2.webp,,yes
MG-32,Wixim Nylon Cable Gland MG-32 M32x1.5 cable 18-25mm,Wixim,Electrical & Lighting,Cable Gland,60.00,20,wixim-p35-2.webp,,yes
MG-40,Wixim Nylon Cable Gland MG-40 M40x1.5 cable 24-30mm,Wixim,Electrical & Lighting,Cable Gland,81.60,20,wixim-p35-2.webp,,yes
MG-50,Wixim Nylon Cable Gland MG-50 M50x1.5 cable 30-40mm,Wixim,Electrical & Lighting,Cable Gland,126.00,20,wixim-p35-2.webp,,yes
MG-63,Wixim Nylon Cable Gland MG-63 M63x1.5 cable 40-50mm,Wixim,Electrical & Lighting,Cable Gland,174.00,20,wixim-p35-2.webp,,yes
SWB-06,Wixim Spiral Wrapping Band SWB-06 6mm wrap range 4-50mm 10m/bag,Wixim,Electrical & Lighting,Spiral Wrapping Band,72.00,20,wixim-p36-1.webp,,yes
SWB-08,Wixim Spiral Wrapping Band SWB-08 8mm wrap range 6-60mm 10m/bag,Wixim,Electrical & Lighting,Spiral Wrapping Band,108.00,20,wixim-p36-1.webp,,yes
SWB-10,Wixim Spiral Wrapping Band SWB-10 10mm wrap range 7.5-60mm 10m/bag,Wixim,Electrical & Lighting,Spiral Wrapping Band,144.00,20,wixim-p36-1.webp,,yes
SWB-12,Wixim Spiral Wrapping Band SWB-12 12mm wrap range 9-65mm 10m/bag,Wixim,Electrical & Lighting,Spiral Wrapping Band,180.00,20,wixim-p36-1.webp,,yes
SWB-15,Wixim Spiral Wrapping Band SWB-15 15mm wrap range 12-75mm 10m/bag,Wixim,Electrical & Lighting,Spiral Wrapping Band,264.00,20,wixim-p36-1.webp,,yes
SWB-19,Wixim Spiral Wrapping Band SWB-19 19mm wrap range 15-100mm 10m/bag,Wixim,Electrical & Lighting,Spiral Wrapping Band,324.00,20,wixim-p36-1.webp,,yes
SWB-24,Wixim Spiral Wrapping Band SWB-24 24mm wrap range 20-130mm 10m/bag,Wixim,Electrical & Lighting,Spiral Wrapping Band,600.00,20,wixim-p36-1.webp,,yes
SWB-30,Wixim Spiral Wrapping Band SWB-30 30mm wrap range 26-150mm 10m/bag,Wixim,Electrical & Lighting,Spiral Wrapping Band,984.00,20,wixim-p36-1.webp,,yes
P71,Wixim Screw-On Wire Connector (Wire Net) P71 Yellow 22-16 AWG (100pcs/pack),Wixim,Electrical & Lighting,Wire Net / Screw On Wire Connector,156.00,20,wixim-p36-2.webp,,yes
P72,Wixim Screw-On Wire Connector (Wire Net) P72 Blue 16-14 AWG (100pcs/pack),Wixim,Electrical & Lighting,Wire Net / Screw On Wire Connector,192.00,20,wixim-p36-2.webp,,yes
P73,Wixim Screw-On Wire Connector (Wire Net) P73 Orange 14-12 AWG (100pcs/pack),Wixim,Electrical & Lighting,Wire Net / Screw On Wire Connector,288.00,20,wixim-p36-2.webp,,yes
P74,Wixim Screw-On Wire Connector (Wire Net) P74 Yellow 12-10 AWG (100pcs/pack),Wixim,Electrical & Lighting,Wire Net / Screw On Wire Connector,384.00,20,wixim-p36-2.webp,,yes
P75,Wixim Screw-On Wire Connector (Wire Net) P75 Red 8 AWG (100pcs/pack),Wixim,Electrical & Lighting,Wire Net / Screw On Wire Connector,480.00,20,wixim-p36-2.webp,,yes
P78,Wixim Screw-On Wire Connector (Wire Net) P78 Grey 6 AWG (100pcs/pack),Wixim,Electrical & Lighting,Wire Net / Screw On Wire Connector,960.00,20,wixim-p36-2.webp,,yes
CHS-Ø3,Wixim Close-End Wire Connector CHS-Ø3 1.25mm² 22-16 AWG (100pcs/pack),Wixim,Electrical & Lighting,Close-End Wire Connector,96.00,20,wixim-p36-3.webp,,yes
CHS-Ø4,Wixim Close-End Wire Connector CHS-Ø4 2mm² 16-14 AWG (100pcs/pack),Wixim,Electrical & Lighting,Close-End Wire Connector,108.00,20,wixim-p36-3.webp,,yes
CHS-Ø5,Wixim Close-End Wire Connector CHS-Ø5 5.5mm² 12-10 AWG (100pcs/pack),Wixim,Electrical & Lighting,Close-End Wire Connector,144.00,20,wixim-p36-3.webp,,yes
CHS-Ø6,Wixim Close-End Wire Connector CHS-Ø6 8mm² 8 AWG (100pcs/pack),Wixim,Electrical & Lighting,Close-End Wire Connector,156.00,20,wixim-p36-3.webp,,yes
CHS-Ø8,Wixim Close-End Wire Connector CHS-Ø8 13mm² 6 AWG (100pcs/pack),Wixim,Electrical & Lighting,Close-End Wire Connector,300.00,20,wixim-p36-3.webp,,yes
TM-20-WHITE,Wixim Cable Tie Mount TM-20 20x20mm White (100pcs/pack),Wixim,Electrical & Lighting,Cable Tie Mount,168.00,20,wixim-p36-4.webp,,yes
TM-20-BLACK,Wixim Cable Tie Mount TM-20 20x20mm Black (100pcs/pack),Wixim,Electrical & Lighting,Cable Tie Mount,300.00,20,wixim-p36-4.webp,,yes
TM-25-WHITE,Wixim Cable Tie Mount TM-25 25x25mm White (100pcs/pack),Wixim,Electrical & Lighting,Cable Tie Mount,228.00,20,wixim-p36-4.webp,,yes
TM-25-BLACK,Wixim Cable Tie Mount TM-25 25x25mm Black (100pcs/pack),Wixim,Electrical & Lighting,Cable Tie Mount,456.00,20,wixim-p36-4.webp,,yes
TM-30-WHITE,Wixim Cable Tie Mount TM-30 30x30mm White (100pcs/pack),Wixim,Electrical & Lighting,Cable Tie Mount,360.00,20,wixim-p36-4.webp,,yes
TM-40-WHITE,Wixim Cable Tie Mount TM-40 40x40mm White (100pcs/pack),Wixim,Electrical & Lighting,Cable Tie Mount,696.00,20,wixim-p36-4.webp,,yes
V-1.25,Wixim Vinyl Wire End Cap V-1.25 1.25mm² 22-18 AWG,Wixim,Electrical & Lighting,Vinyl Wire End Cap,1.20,20,wixim-p37-1.webp,,yes
V-2,Wixim Vinyl Wire End Cap V-2 2mm² 16-14 AWG,Wixim,Electrical & Lighting,Vinyl Wire End Cap,1.44,20,wixim-p37-1.webp,,yes
V-3.5,Wixim Vinyl Wire End Cap V-3.5 3.5mm² 12 AWG,Wixim,Electrical & Lighting,Vinyl Wire End Cap,1.56,20,wixim-p37-1.webp,,yes
V-5.5,Wixim Vinyl Wire End Cap V-5.5 5.5mm² 12-10 AWG,Wixim,Electrical & Lighting,Vinyl Wire End Cap,1.68,20,wixim-p37-1.webp,,yes
V-8,Wixim Vinyl Wire End Cap V-8 8mm² 8 AWG,Wixim,Electrical & Lighting,Vinyl Wire End Cap,2.04,20,wixim-p37-1.webp,,yes
V-14,Wixim Vinyl Wire End Cap V-14 14mm² 6 AWG,Wixim,Electrical & Lighting,Vinyl Wire End Cap,2.40,20,wixim-p37-1.webp,,yes
V-22,Wixim Vinyl Wire End Cap V-22 22mm² 4 AWG,Wixim,Electrical & Lighting,Vinyl Wire End Cap,2.88,20,wixim-p37-1.webp,,yes
V-38,Wixim Vinyl Wire End Cap V-38 38mm² 2 AWG,Wixim,Electrical & Lighting,Vinyl Wire End Cap,3.60,20,wixim-p37-1.webp,,yes
V-60,Wixim Vinyl Wire End Cap V-60 60mm² 1/0 AWG,Wixim,Electrical & Lighting,Vinyl Wire End Cap,6.00,20,wixim-p37-1.webp,,yes
V-70,Wixim Vinyl Wire End Cap V-70 70mm² 2/0 AWG,Wixim,Electrical & Lighting,Vinyl Wire End Cap,7.20,20,wixim-p37-1.webp,,yes
V-80,Wixim Vinyl Wire End Cap V-80 80mm² 3/0-4/0 AWG,Wixim,Electrical & Lighting,Vinyl Wire End Cap,8.88,20,wixim-p37-1.webp,,yes
V-100,Wixim Vinyl Wire End Cap V-100 100mm² 250MCM,Wixim,Electrical & Lighting,Vinyl Wire End Cap,12.00,20,wixim-p37-1.webp,,yes
V-125,Wixim Vinyl Wire End Cap V-125 125mm² 300MCM,Wixim,Electrical & Lighting,Vinyl Wire End Cap,13.20,20,wixim-p37-1.webp,,yes
V-150,Wixim Vinyl Wire End Cap V-150 150mm² 350MCM,Wixim,Electrical & Lighting,Vinyl Wire End Cap,14.40,20,wixim-p37-1.webp,,yes
V-200,Wixim Vinyl Wire End Cap V-200 200mm² 400MCM,Wixim,Electrical & Lighting,Vinyl Wire End Cap,19.20,20,wixim-p37-1.webp,,yes
V-250,Wixim Vinyl Wire End Cap V-250 250mm² 500MCM,Wixim,Electrical & Lighting,Vinyl Wire End Cap,21.60,20,wixim-p37-1.webp,,yes
V-325,Wixim Vinyl Wire End Cap V-325 325mm² 650MCM,Wixim,Electrical & Lighting,Vinyl Wire End Cap,30.00,20,wixim-p37-1.webp,,yes
V-400,Wixim Vinyl Wire End Cap V-400 400mm² 750MCM,Wixim,Electrical & Lighting,Vinyl Wire End Cap,60.00,20,wixim-p37-1.webp,,yes
V-500,Wixim Vinyl Wire End Cap V-500 500mm² 1000MCM,Wixim,Electrical & Lighting,Vinyl Wire End Cap,72.00,20,wixim-p37-1.webp,,yes
V-630,Wixim Vinyl Wire End Cap V-630 630mm²,Wixim,Electrical & Lighting,Vinyl Wire End Cap,96.00,20,wixim-p37-1.webp,,yes
EC-0,"Wixim Cable/Wire Marker EC-0 wire 0.75-1.5mm² roll 1,000pcs",Wixim,Electrical & Lighting,Cable/Wire Marker,120.00,20,wixim-p37-2.webp,,yes
EC-1,"Wixim Cable/Wire Marker EC-1 wire 0.75-3.5mm² roll 1,000pcs",Wixim,Electrical & Lighting,Cable/Wire Marker,120.00,20,wixim-p37-2.webp,,yes
EC-2,Wixim Cable/Wire Marker EC-2 wire 3.5-8.0mm² roll 500pcs,Wixim,Electrical & Lighting,Cable/Wire Marker,120.00,20,wixim-p37-2.webp,,yes
EC-3,Wixim Cable/Wire Marker EC-3 wire 5.2-10.0mm² roll 250pcs,Wixim,Electrical & Lighting,Cable/Wire Marker,120.00,20,wixim-p37-2.webp,,yes
CHR-3MM,Wixim Nail Cable Clip CHR-3MM 3mm (100pcs/pack),Wixim,Electrical & Lighting,Nail Cable Clip,24.00,20,wixim-p38-1.webp,,yes
CHR-3.5MM,Wixim Nail Cable Clip CHR-3.5MM 3.5mm (100pcs/pack),Wixim,Electrical & Lighting,Nail Cable Clip,24.00,20,wixim-p38-1.webp,,yes
CHR-4MM,Wixim Nail Cable Clip CHR-4MM 4mm (100pcs/pack),Wixim,Electrical & Lighting,Nail Cable Clip,24.00,20,wixim-p38-1.webp,,yes
CHR-5MM,Wixim Nail Cable Clip CHR-5MM 5mm (100pcs/pack),Wixim,Electrical & Lighting,Nail Cable Clip,25.20,20,wixim-p38-1.webp,,yes
CHR-6MM,Wixim Nail Cable Clip CHR-6MM 6mm (100pcs/pack),Wixim,Electrical & Lighting,Nail Cable Clip,28.80,20,wixim-p38-1.webp,,yes
CHR-7MM,Wixim Nail Cable Clip CHR-7MM 7mm (100pcs/pack),Wixim,Electrical & Lighting,Nail Cable Clip,31.20,20,wixim-p38-1.webp,,yes
CHR-8MM,Wixim Nail Cable Clip CHR-8MM 8mm (100pcs/pack),Wixim,Electrical & Lighting,Nail Cable Clip,38.40,20,wixim-p38-1.webp,,yes
CHR-9MM,Wixim Nail Cable Clip CHR-9MM 9mm (100pcs/pack),Wixim,Electrical & Lighting,Nail Cable Clip,48.00,20,wixim-p38-1.webp,,yes
CHR-10MM,Wixim Nail Cable Clip CHR-10MM 10mm (100pcs/pack),Wixim,Electrical & Lighting,Nail Cable Clip,55.20,20,wixim-p38-1.webp,,yes
CHR-12MM,Wixim Nail Cable Clip CHR-12MM 12mm (100pcs/pack),Wixim,Electrical & Lighting,Nail Cable Clip,72.00,20,wixim-p38-1.webp,,yes
CHR-14MM,Wixim Nail Cable Clip CHR-14MM 14mm (100pcs/pack),Wixim,Electrical & Lighting,Nail Cable Clip,132.00,20,wixim-p38-1.webp,,yes
CHR-16MM,Wixim Nail Cable Clip CHR-16MM 16mm (100pcs/pack),Wixim,Electrical & Lighting,Nail Cable Clip,144.00,20,wixim-p38-1.webp,,yes
CHR-18MM,Wixim Nail Cable Clip CHR-18MM 18mm (100pcs/pack),Wixim,Electrical & Lighting,Nail Cable Clip,156.00,20,wixim-p38-1.webp,,yes
CHR-20MM,Wixim Nail Cable Clip CHR-20MM 20mm (100pcs/pack),Wixim,Electrical & Lighting,Nail Cable Clip,158.40,20,wixim-p38-1.webp,,yes
CHR-22MM,Wixim Nail Cable Clip CHR-22MM 22mm (100pcs/pack),Wixim,Electrical & Lighting,Nail Cable Clip,240.00,20,wixim-p38-1.webp,,yes
CHR-25MM,Wixim Nail Cable Clip CHR-25MM 25mm (100pcs/pack),Wixim,Electrical & Lighting,Nail Cable Clip,300.00,20,wixim-p38-1.webp,,yes
CHR-30MM,Wixim Nail Cable Clip CHR-30MM 30mm (100pcs/pack),Wixim,Electrical & Lighting,Nail Cable Clip,480.00,20,wixim-p38-1.webp,,yes
CHR-32MM,Wixim Nail Cable Clip CHR-32MM 32mm (100pcs/pack),Wixim,Electrical & Lighting,Nail Cable Clip,540.00,20,wixim-p38-1.webp,,yes
EN-06,Wixim Expand Plug EN-06 6mm (100pcs/pack),Wixim,Electrical & Lighting,Expand Plug,24.00,20,wixim-p38-2.webp,,yes
EN-06-SCREW,Wixim Expand Plug with Screw EN-06 6mm (50 sets),Wixim,Electrical & Lighting,Expand Plug,43.20,20,wixim-p38-2.webp,,yes
EN-07,Wixim Expand Plug EN-07 7mm (100pcs/pack),Wixim,Electrical & Lighting,Expand Plug,33.60,20,wixim-p38-2.webp,,yes
EN-07-SCREW,Wixim Expand Plug with Screw EN-07 7mm (50 sets),Wixim,Electrical & Lighting,Expand Plug,48.00,20,wixim-p38-2.webp,,yes
EN-08,Wixim Expand Plug EN-08 8mm (100pcs/pack),Wixim,Electrical & Lighting,Expand Plug,40.80,20,wixim-p38-2.webp,,yes
EN-08-SCREW,Wixim Expand Plug with Screw EN-08 8mm (50 sets),Wixim,Electrical & Lighting,Expand Plug,67.20,20,wixim-p38-2.webp,,yes
EN-10,Wixim Expand Plug EN-10 10mm (100pcs/pack),Wixim,Electrical & Lighting,Expand Plug,69.60,20,wixim-p38-2.webp,,yes
EN-10-SCREW,Wixim Expand Plug with Screw EN-10 10mm (50 sets),Wixim,Electrical & Lighting,Expand Plug,103.20,20,wixim-p38-2.webp,,yes
EN-12,Wixim Expand Plug EN-12 12mm (100pcs/pack),Wixim,Electrical & Lighting,Expand Plug,138.00,20,wixim-p38-2.webp,,yes
EN-12-SCREW,Wixim Expand Plug with Screw EN-12 12mm (25 sets),Wixim,Electrical & Lighting,Expand Plug,84.00,20,wixim-p38-2.webp,,yes
TB-35N,Wixim Time Switch TB-35N (TB-388) 24H 220V 10A,Wixim,Electrical & Lighting,Time Switch,2520.00,20,wixim-p39-1.webp,,yes
TB-35N-HD,Wixim Time Switch TB-35N (TB-388) HD 24H 220V 10A,Wixim,Electrical & Lighting,Time Switch,2880.00,20,wixim-p39-1.webp,,yes
TB-35B,Wixim Time Switch TB-35B (38B) with Enclosure 24H 220V 10A,Wixim,Electrical & Lighting,Time Switch,2640.00,20,wixim-p39-2.webp,,yes
C61F-GP,Wixim Floatless Relay C61F-GP,Wixim,Electrical & Lighting,Floatless Relay,576.00,20,wixim-p39-3.webp,,yes
61F-GP-N,Wixim Floatless Relay 61F-GP-N 11-Pin,Wixim,Electrical & Lighting,Floatless Relay,1272.00,20,wixim-p39-4.webp,,yes
61F-11,Wixim Floatless Relay 61F-11,Wixim,Electrical & Lighting,Floatless Relay,912.00,20,wixim-p39-5.webp,,yes
61F-G,Wixim Floatless Relay 61F-G,Wixim,Electrical & Lighting,Floatless Relay,1632.00,20,wixim-p39-6.webp,,yes
61F-G1,Wixim Floatless Relay 61F-G1,Wixim,Electrical & Lighting,Floatless Relay,2640.00,20,wixim-p39-7.webp,,yes
AFR-1,Wixim Floatless Relay AFR-1,Wixim,Electrical & Lighting,Floatless Relay,624.00,20,wixim-p39-8.webp,,yes
AFR-1-HD,Wixim Floatless Relay AFR-1 HD,Wixim,Electrical & Lighting,Floatless Relay,840.00,20,wixim-p39-8.webp,,yes
HM-1,Wixim Hour Meter HM-1 45x45,Wixim,Electrical & Lighting,Hour Meter,600.00,20,wixim-p39-9.webp,,yes
HM-142,Wixim Hour Meter HM-142 220-240V,Wixim,Electrical & Lighting,Hour Meter,840.00,20,wixim-p39-10.webp,,yes
SYS-1,"Wixim Hour Meter SYS-1 9,999.9 Hour",Wixim,Electrical & Lighting,Hour Meter,840.00,20,wixim-p39-11.webp,,yes
DH48J-A,Wixim LED Counter DH48J-A 48x48 4-Digit,Wixim,Electrical & Lighting,LED Counter,1560.00,20,wixim-p39-12.webp,,yes
CSK4-YKW,Wixim Counter CSK4-YKW 36x25 4-Digit,Wixim,Electrical & Lighting,Counter,576.00,20,wixim-p39-13.webp,,yes
CSK6-YKW,Wixim Counter CSK6-YKW 47x25 6-Digit,Wixim,Electrical & Lighting,Counter,576.00,20,wixim-p39-14.webp,,yes
CSK4-NKW,Wixim Counter CSK4-NKW 36x25 4-Digit,Wixim,Electrical & Lighting,Counter,576.00,20,wixim-p39-15.webp,,yes
CSK6-NKW,Wixim Counter CSK6-NKW 47x25 6-Digit,Wixim,Electrical & Lighting,Counter,576.00,20,wixim-p39-16.webp,,yes
H7EC,Wixim Counter H7EC LCD Type 45x22 6-Digit,Wixim,Electrical & Lighting,Counter,1560.00,20,wixim-p39-17.webp,,yes
AH3-N,Wixim Timer AH3-N,Wixim,Electrical & Lighting,Timer,624.00,20,wixim-p40-1.webp,,yes
AH3-N-HD,Wixim Timer AH3-N HD,Wixim,Electrical & Lighting,Timer,840.00,20,wixim-p40-1.webp,,yes
ST2P,Wixim Timer ST2P,Wixim,Electrical & Lighting,Timer,540.00,20,wixim-p40-2.webp,,yes
ST3P,Wixim Timer ST3P,Wixim,Electrical & Lighting,Timer,600.00,20,wixim-p40-2.webp,,yes
H3BA-8,Wixim Timer H3BA-8 0.5s-100h 24-240VAC/DC,Wixim,Electrical & Lighting,Timer,1080.00,20,wixim-p40-3.webp,,yes
H3BA-A,Wixim Timer H3BA-A 11-Pin 0.5s-100h 24-240VAC/DC,Wixim,Electrical & Lighting,Timer,1320.00,20,wixim-p40-3.webp,,yes
H3BA-N8,Wixim Timer H3BA-N8 0.5s-300h 24-240VAC/DC,Wixim,Electrical & Lighting,Timer,1140.00,20,wixim-p40-4.webp,,yes
H3BA-N8H,Wixim Timer H3BA-N8H 0.5s-300h 24-240VAC/DC,Wixim,Electrical & Lighting,Timer,1320.00,20,wixim-p40-4.webp,,yes
H3CR-A8,Wixim Timer H3CR-A8 0.5s-100h 24-240VAC/DC,Wixim,Electrical & Lighting,Timer,1380.00,20,wixim-p40-5.webp,,yes
H3CR-A,Wixim Timer H3CR-A 11-Pin 0.5s-100h 24-240VAC/DC,Wixim,Electrical & Lighting,Timer,1560.00,20,wixim-p40-5.webp,,yes
AH5N,Wixim Timer AH5N 1s-600h 24-240VAC/DC,Wixim,Electrical & Lighting,Timer,1440.00,20,wixim-p40-6.webp,,yes
H3Y-2-HD,Wixim Timer H3Y-2 HD,Wixim,Electrical & Lighting,Timer,540.00,20,wixim-p40-7.webp,,yes
H3Y-4-HD,Wixim Timer H3Y-4 HD,Wixim,Electrical & Lighting,Timer,540.00,20,wixim-p40-7.webp,,yes
ATDV-NC,Wixim Multi-Range Twin Timer ATDV-NC,Wixim,Electrical & Lighting,Multi-Range Twin Timer,1920.00,20,wixim-p40-8.webp,,yes
ATDV-YC,Wixim Multi-Range Twin Timer ATDV-YC,Wixim,Electrical & Lighting,Multi-Range Twin Timer,1920.00,20,wixim-p40-9.webp,,yes
ASK-3D,Wixim Digital Timer ASK-3D,Wixim,Electrical & Lighting,Digital Timer,2520.00,20,wixim-p40-10.webp,,yes
ASY-3SM,Wixim Digital Timer ASY-3SM,Wixim,Electrical & Lighting,Digital Timer,2520.00,20,wixim-p40-10.webp,,yes
ASTP-N,Wixim Timer ASTP-N 60S,Wixim,Electrical & Lighting,Timer,960.00,20,wixim-p40-11.webp,,yes
ASTP-Y,Wixim Timer ASTP-Y 60S,Wixim,Electrical & Lighting,Timer,960.00,20,wixim-p40-12.webp,,yes
AH2-NC,Wixim Multi-Range Timer AH2-NC 6s-60min,Wixim,Electrical & Lighting,Multi-Range Timer,1560.00,20,wixim-p40-13.webp,,yes
AH2-YC,Wixim Multi-Range Timer AH2-YC 6s-60min,Wixim,Electrical & Lighting,Multi-Range Timer,1560.00,20,wixim-p40-14.webp,,yes
TRD-N,Wixim Star-Delta Timer TRD-N 30S/60S,Wixim,Electrical & Lighting,Star-Delta Timer,1152.00,20,wixim-p40-15.webp,,yes
TRD-N-HD,Wixim Star-Delta Timer TRD-N HD 30S/60S,Wixim,Electrical & Lighting,Star-Delta Timer,1440.00,20,wixim-p40-15.webp,,yes
DH48S-1Z,Wixim Digital Timer DH48S-1Z,Wixim,Electrical & Lighting,Digital Timer,1320.00,20,wixim-p40-16.webp,,yes
DH48S-2Z,Wixim Digital Timer DH48S-2Z,Wixim,Electrical & Lighting,Digital Timer,1320.00,20,wixim-p40-16.webp,,yes
H3CA-8,Wixim LCD Multi-Range Timer H3CA-8 0.1s-9990h,Wixim,Electrical & Lighting,Digital Timer,3360.00,20,wixim-p40-17.webp,,yes
H3CA-A,Wixim LCD Multi-Range Timer H3CA-A 0.1s-9990h,Wixim,Electrical & Lighting,Digital Timer,3360.00,20,wixim-p40-17.webp,,yes
JVM-1,Wixim Under-Over Voltage Sensor JVM-1,Wixim,Electrical & Lighting,Under-Over Voltage Sensor,1920.00,20,wixim-p40-18.webp,,yes
JVM-2,Wixim Under-Over Voltage Sensor JVM-2,Wixim,Electrical & Lighting,Under-Over Voltage Sensor,2040.00,20,wixim-p40-19.webp,,yes
JVM-4,Wixim Under-Over Voltage Sensor JVM-4 (PV-195),Wixim,Electrical & Lighting,Under-Over Voltage Sensor,2880.00,20,wixim-p40-20.webp,,yes
MY2,Wixim Power Relay MY2 5A 250VAC,Wixim,Electrical & Lighting,Power Relay,144.00,20,wixim-p41-1.webp,,yes
MY2N-J,Wixim Power Relay MY2N-J 5A 250VAC,Wixim,Electrical & Lighting,Power Relay,180.00,20,wixim-p41-1.webp,,yes
MY3,Wixim Power Relay MY3 5A 250VAC,Wixim,Electrical & Lighting,Power Relay,144.00,20,wixim-p41-2.webp,,yes
MY3N-J,Wixim Power Relay MY3N-J 5A 250VAC,Wixim,Electrical & Lighting,Power Relay,180.00,20,wixim-p41-2.webp,,yes
MY4,Wixim Power Relay MY4 5A 250VAC,Wixim,Electrical & Lighting,Power Relay,144.00,20,wixim-p41-3.webp,,yes
MY4N-J,Wixim Power Relay MY4N-J 5A 250VAC,Wixim,Electrical & Lighting,Power Relay,180.00,20,wixim-p41-3.webp,,yes
LY2,Wixim Power Relay LY2 10A 250VAC,Wixim,Electrical & Lighting,Power Relay,144.00,20,wixim-p41-4.webp,,yes
LY2N-J,Wixim Power Relay LY2N-J 10A 250VAC,Wixim,Electrical & Lighting,Power Relay,180.00,20,wixim-p41-4.webp,,yes
LY3,Wixim Power Relay LY3 10A 250VAC,Wixim,Electrical & Lighting,Power Relay,288.00,20,wixim-p41-5.webp,,yes
LY3N-J,Wixim Power Relay LY3N-J 10A 250VAC,Wixim,Electrical & Lighting,Power Relay,360.00,20,wixim-p41-5.webp,,yes
LY4,Wixim Power Relay LY4 10A 250VAC,Wixim,Electrical & Lighting,Power Relay,288.00,20,wixim-p41-6.webp,,yes
LY4N-J,Wixim Power Relay LY4N-J 10A 250VAC,Wixim,Electrical & Lighting,Power Relay,360.00,20,wixim-p41-6.webp,,yes
MK2P-I,Wixim Power Relay MK2P-I 10A 250VAC,Wixim,Electrical & Lighting,Power Relay,192.00,20,wixim-p41-7.webp,,yes
MK2P-NJ,Wixim Power Relay MK2P-NJ 10A 250VAC,Wixim,Electrical & Lighting,Power Relay,240.00,20,wixim-p41-7.webp,,yes
MK3P-I,Wixim Power Relay MK3P-I 10A 250VAC,Wixim,Electrical & Lighting,Power Relay,240.00,20,wixim-p41-8.webp,,yes
MK3P-NJ,Wixim Power Relay MK3P-NJ 10A 250VAC,Wixim,Electrical & Lighting,Power Relay,288.00,20,wixim-p41-8.webp,,yes
MY2N-GS,Wixim Power Relay MY2N-GS,Wixim,Electrical & Lighting,Power Relay,288.00,20,wixim-p41-9.webp,,yes
MY4N-GS,Wixim Power Relay MY4N-GS,Wixim,Electrical & Lighting,Power Relay,288.00,20,wixim-p41-10.webp,,yes
PS-3S,Wixim Electrode Holder PS-3S,Wixim,Electrical & Lighting,Electrode Holder,480.00,20,wixim-p41-11.webp,,yes
PYF08A,Wixim Relay Socket PYF08A for MY2,Wixim,Electrical & Lighting,Relay Socket,55.20,20,wixim-p41-12.webp,,yes
PYF11A,Wixim Relay Socket PYF11A for MY3,Wixim,Electrical & Lighting,Relay Socket,64.80,20,wixim-p41-13.webp,,yes
PYF14A,Wixim Relay Socket PYF14A for MY4,Wixim,Electrical & Lighting,Relay Socket,64.80,20,wixim-p41-14.webp,,yes
PF083A,Wixim Relay Socket PF083A 8-Pin,Wixim,Electrical & Lighting,Relay Socket,40.80,20,wixim-p41-15.webp,,yes
PF085A,Wixim Relay Socket PF085A 8-Pin,Wixim,Electrical & Lighting,Relay Socket,60.00,20,wixim-p41-16.webp,,yes
PF113A,Wixim Relay Socket PF113A 11-Pin,Wixim,Electrical & Lighting,Relay Socket,55.20,20,wixim-p41-17.webp,,yes
PTF08A,Wixim Relay Socket PTF08A for LY2,Wixim,Electrical & Lighting,Relay Socket,69.60,20,wixim-p41-18.webp,,yes
PTF11A,Wixim Relay Socket PTF11A for LY3,Wixim,Electrical & Lighting,Relay Socket,120.00,20,wixim-p41-19.webp,,yes
PTF14A,Wixim Relay Socket PTF14A for LY4,Wixim,Electrical & Lighting,Relay Socket,132.00,20,wixim-p41-20.webp,,yes
P2CF-08,Wixim Relay Socket P2CF-08 8-Pin,Wixim,Electrical & Lighting,Relay Socket,132.00,20,wixim-p41-21.webp,,yes
8PFA,Wixim Relay Socket 8PFA Big 8-Pin,Wixim,Electrical & Lighting,Relay Socket,132.00,20,wixim-p41-22.webp,,yes
PTF08A-E-HD,Wixim Relay Socket PTF08A-E HD for LY2,Wixim,Electrical & Lighting,Relay Socket,120.00,20,wixim-p41-23.webp,,yes
PB-25-13,Wixim Pushbutton Switch PB-25-13 25mm 1NO Green,Wixim,Electrical & Lighting,Pushbutton Switch,72.00,20,wixim-p42-1.webp,,yes
PB-25-24,Wixim Pushbutton Switch PB-25-24 25mm 1NC Red,Wixim,Electrical & Lighting,Pushbutton Switch,72.00,20,wixim-p42-1.webp,,yes
PB-30-13,Wixim Pushbutton Switch PB-30-13 30mm 1NO Green,Wixim,Electrical & Lighting,Pushbutton Switch,74.40,20,wixim-p42-1.webp,,yes
PB-30-24,Wixim Pushbutton Switch PB-30-24 30mm 1NC Red,Wixim,Electrical & Lighting,Pushbutton Switch,74.40,20,wixim-p42-1.webp,,yes
SS-25,Wixim Selector Switch SS-25 25mm 1NO+1NC,Wixim,Electrical & Lighting,Selector Switch,96.00,20,wixim-p42-2.webp,,yes
SS-30,Wixim Selector Switch SS-30 30mm 1NO+1NC,Wixim,Electrical & Lighting,Selector Switch,100.80,20,wixim-p42-2.webp,,yes
LA139S-11AXD,Wixim LED Pilot Light LA139S-11AXD,Wixim,Electrical & Lighting,LED Pilot Light,96.00,20,wixim-p42-3.webp,,yes
PB-25-5,Wixim Pushbutton Switch PB-25-5 25mm 1NO+1NC,Wixim,Electrical & Lighting,Pushbutton Switch,79.20,20,wixim-p42-4.webp,,yes
PB-30-5,Wixim Pushbutton Switch PB-30-5 30mm 1NO+1NC,Wixim,Electrical & Lighting,Pushbutton Switch,84.00,20,wixim-p42-4.webp,,yes
PR-25,Wixim Pilot Light PR-25 Transformer Type 25mm AC220/110V,Wixim,Electrical & Lighting,Pilot Light,192.00,20,wixim-p42-5.webp,,yes
PR-30,Wixim Pilot Light PR-30 Transformer Type 30mm AC220/110V,Wixim,Electrical & Lighting,Pilot Light,240.00,20,wixim-p42-5.webp,,yes
PR-25-440V,Wixim Pilot Light PR-25 Transformer Type 25mm 440V,Wixim,Electrical & Lighting,Pilot Light,240.00,20,wixim-p42-5.webp,,yes
PR-30-440V,Wixim Pilot Light PR-30 Transformer Type 30mm 440V,Wixim,Electrical & Lighting,Pilot Light,288.00,20,wixim-p42-5.webp,,yes
LA139S-11AD,Wixim LED Illuminated Pushbutton LA139S-11AD 1NO-1NC,Wixim,Electrical & Lighting,LED Illuminated Pushbutton,120.00,20,wixim-p42-6.webp,,yes
LA139S-22AD,Wixim LED Illuminated Pushbutton LA139S-22AD 2NO-2NC,Wixim,Electrical & Lighting,LED Illuminated Pushbutton,156.00,20,wixim-p42-6.webp,,yes
NPB-25,Wixim Illuminated Pushbutton NPB-25 25mm Direct Bulb,Wixim,Electrical & Lighting,Illuminated Pushbutton,144.00,20,wixim-p42-7.webp,,yes
NPB-25-LED,Wixim Illuminated Pushbutton NPB-25 25mm LED,Wixim,Electrical & Lighting,Illuminated Pushbutton,168.00,20,wixim-p42-7.webp,,yes
NPB-30,Wixim Illuminated Pushbutton NPB-30 30mm Direct Bulb,Wixim,Electrical & Lighting,Illuminated Pushbutton,156.00,20,wixim-p42-7.webp,,yes
NPB-30-LED,Wixim Illuminated Pushbutton NPB-30 30mm LED,Wixim,Electrical & Lighting,Illuminated Pushbutton,180.00,20,wixim-p42-7.webp,,yes
RN-25,Wixim Pilot Light RN-25 Direct Type 25mm,Wixim,Electrical & Lighting,Pilot Light,57.60,20,wixim-p42-8.webp,,yes
RN-25-LED,Wixim Pilot Light RN-25 LED 25mm,Wixim,Electrical & Lighting,Pilot Light,81.60,20,wixim-p42-8.webp,,yes
RN-30,Wixim Pilot Light RN-30 Direct Type 30mm,Wixim,Electrical & Lighting,Pilot Light,60.00,20,wixim-p42-8.webp,,yes
RN-30-LED,Wixim Pilot Light RN-30 LED 30mm,Wixim,Electrical & Lighting,Pilot Light,84.00,20,wixim-p42-8.webp,,yes
LA139S-11XA,Wixim Selector Switch LA139S-11XA 1NO-1NC,Wixim,Electrical & Lighting,Selector Switch,288.00,20,wixim-p42-9.webp,,yes
LA139S-22XA,Wixim Selector Switch LA139S-22XA 2NO-2NC,Wixim,Electrical & Lighting,Selector Switch,324.00,20,wixim-p42-9.webp,,yes
MB-25,Wixim Mushroom Pushbutton MB-25 25mm 1NO+1NC,Wixim,Electrical & Lighting,Mushroom Pushbutton,108.00,20,wixim-p42-10.webp,,yes
MB-30,Wixim Mushroom Pushbutton MB-30 30mm 1NO+1NC,Wixim,Electrical & Lighting,Mushroom Pushbutton,120.00,20,wixim-p42-10.webp,,yes
CONTACT-BLOCK-25-30MM-1NO-OR-1NC,Wixim Contact Block 25/30mm 1NO or 1NC,Wixim,Electrical & Lighting,Contact Block,36.00,20,wixim-p42-11.webp,,yes
CONTACT-BLOCK-25-30MM-1NO-1NC,Wixim Contact Block 25/30mm 1NO+1NC,Wixim,Electrical & Lighting,Contact Block,43.20,20,wixim-p42-11.webp,,yes
LA139S-11ZS,Wixim Emergency Stop Mushroom Pushbutton LA139S-11ZS 1NO-1NC,Wixim,Electrical & Lighting,Mushroom Pushbutton,264.00,20,wixim-p42-12.webp,,yes
LA139S-22ZS,Wixim Emergency Stop Mushroom Pushbutton LA139S-22ZS 2NO-2NC,Wixim,Electrical & Lighting,Mushroom Pushbutton,300.00,20,wixim-p42-12.webp,,yes
RE-25,Wixim Emergency Stop Mushroom Pushbutton RE-25 25mm 1NO+1NC,Wixim,Electrical & Lighting,Mushroom Pushbutton,192.00,20,wixim-p42-13.webp,,yes
RE-30,Wixim Emergency Stop Mushroom Pushbutton RE-30 30mm 1NO+1NC,Wixim,Electrical & Lighting,Mushroom Pushbutton,204.00,20,wixim-p42-13.webp,,yes
AD22-22DSV,Wixim Digital Voltmeter Indicator AD22-22DSV AC60-500V,Wixim,Electrical & Lighting,LED Pilot Light,180.00,20,wixim-p42-14.webp,,yes
AD22-22DS-GRY,Wixim LED Pilot Light AD22-22DS Green/Red/Yellow,Wixim,Electrical & Lighting,LED Pilot Light,64.80,20,wixim-p42-15.webp,,yes
AD22-22DS-WB,Wixim LED Pilot Light AD22-22DS White/Blue,Wixim,Electrical & Lighting,LED Pilot Light,76.80,20,wixim-p42-15.webp,,yes
LAY7-10BN,Wixim Pushbutton Switch LAY7-10BN 22mm 1NO Green,Wixim,Electrical & Lighting,Pushbutton Switch,84.00,20,wixim-p43-1.webp,,yes
LAY7-01BN,Wixim Pushbutton Switch LAY7-01BN 22mm 1NC Red,Wixim,Electrical & Lighting,Pushbutton Switch,84.00,20,wixim-p43-1.webp,,yes
LAY7-11BN,Wixim Pushbutton Switch LAY7-11BN 22mm 1NO+1NC,Wixim,Electrical & Lighting,Pushbutton Switch,96.00,20,wixim-p43-1.webp,,yes
LAY7-11M,Wixim Mushroom Pushbutton LAY7-11M 40mm 1NO+1NC,Wixim,Electrical & Lighting,Mushroom Pushbutton,96.00,20,wixim-p43-2.webp,,yes
LA38-11BN,Wixim Pushbutton Switch LA38-11BN 22mm 1NO-1NC,Wixim,Electrical & Lighting,Pushbutton Switch,168.00,20,wixim-p43-3.webp,,yes
LAY7-11GND-NEON,Wixim Illuminated Pushbutton LAY7-11GND Neon 22mm AC220/110V,Wixim,Electrical & Lighting,Illuminated Pushbutton,192.00,20,wixim-p43-4.webp,,yes
LAY7-11GND-LED,Wixim Illuminated Pushbutton LAY7-11GND LED 22mm AC220/110V,Wixim,Electrical & Lighting,Illuminated Pushbutton,216.00,20,wixim-p43-4.webp,,yes
LAY7-11ZS,Wixim Emergency Stop Mushroom Pushbutton LAY7-11ZS 40mm 1NO+1NC,Wixim,Electrical & Lighting,Mushroom Pushbutton,180.00,20,wixim-p43-5.webp,,yes
LA38-11DN,Wixim Illuminated Pushbutton LA38-11DN LED 22mm 1NO-1NC,Wixim,Electrical & Lighting,Illuminated Pushbutton,288.00,20,wixim-p43-6.webp,,yes
LAY7-11X/2,Wixim Selector Switch LAY7-11X/2 2-Position 1NO+1NC,Wixim,Electrical & Lighting,Selector Switch,132.00,20,wixim-p43-7.webp,,yes
LAY7-20X/3,Wixim Selector Switch LAY7-20X/3 3-Position 2NO,Wixim,Electrical & Lighting,Selector Switch,132.00,20,wixim-p43-7.webp,,yes
LAY7-XD-NEON,Wixim Pilot Light LAY7-XD Neon 22mm,Wixim,Electrical & Lighting,Pilot Light,84.00,20,wixim-p43-8.webp,,yes
LAY7-XD-LED,Wixim Pilot Light LAY7-XD LED 22mm,Wixim,Electrical & Lighting,Pilot Light,108.00,20,wixim-p43-8.webp,,yes
LA38-11X/2,Wixim Selector Switch LA38-11X/2 2-Position 1NO+1NC,Wixim,Electrical & Lighting,Selector Switch,192.00,20,wixim-p43-9.webp,,yes
LA38-20X/3,Wixim Selector Switch LA38-20X/3 3-Position 2NO,Wixim,Electrical & Lighting,Selector Switch,192.00,20,wixim-p43-9.webp,,yes
LAY7-11XD/2,Wixim Illuminated Selector Switch LAY7-11XD/2 2-Position 1NO+1NC,Wixim,Electrical & Lighting,Illuminated Selector Switch,360.00,20,wixim-p43-10.webp,,yes
LAY7-20XD/3,Wixim Illuminated Selector Switch LAY7-20XD/3 3-Position 2NO,Wixim,Electrical & Lighting,Illuminated Selector Switch,360.00,20,wixim-p43-10.webp,,yes
CONTACT-BLOCK-LAY7-1NO-OR-1NC,Wixim Contact Block LAY7 1NO or 1NC,Wixim,Electrical & Lighting,Contact Block,31.20,20,wixim-p43-11.webp,,yes
CONTACT-BLOCK-LA38-1NO-1NC,Wixim Contact Block LA38 1NO-1NC,Wixim,Electrical & Lighting,Contact Block,48.00,20,wixim-p43-11.webp,,yes
LA38-11XD/2,Wixim Illuminated Selector Switch LA38-11XD/2 2-Position 1NO+1NC,Wixim,Electrical & Lighting,Illuminated Selector Switch,480.00,20,wixim-p43-12.webp,,yes
LA38-20XD/3,Wixim Illuminated Selector Switch LA38-20XD/3 3-Position 2NO,Wixim,Electrical & Lighting,Illuminated Selector Switch,480.00,20,wixim-p43-12.webp,,yes
LAY7-11Y/2,Wixim Key Switch LAY7-11Y/2 2-Position 1NO+1NC,Wixim,Electrical & Lighting,Key Switch,264.00,20,wixim-p43-13.webp,,yes
LAY7-20Y/3,Wixim Key Switch LAY7-20Y/3 3-Position 2NO,Wixim,Electrical & Lighting,Key Switch,264.00,20,wixim-p43-13.webp,,yes
BX-1,Wixim PVC Button Box BX-1 1-Hole 22/25/30mm,Wixim,Electrical & Lighting,PVC Button Box,96.00,20,wixim-p43-14.webp,,yes
BX-2,Wixim PVC Button Box BX-2 2-Hole 22/25/30mm,Wixim,Electrical & Lighting,PVC Button Box,168.00,20,wixim-p43-14.webp,,yes
BX-3,Wixim PVC Button Box BX-3 3-Hole 22/25/30mm,Wixim,Electrical & Lighting,PVC Button Box,216.00,20,wixim-p43-14.webp,,yes
BX-4,Wixim PVC Button Box BX-4 4-Hole 22/25/30mm,Wixim,Electrical & Lighting,PVC Button Box,276.00,20,wixim-p43-14.webp,,yes
BX-5,Wixim PVC Button Box BX-5 5-Hole 22/25/30mm,Wixim,Electrical & Lighting,PVC Button Box,432.00,20,wixim-p43-14.webp,,yes
LA38-11MZS,Wixim Emergency Stop Mushroom Pushbutton LA38-11MZS 40mm 1NO+1NC,Wixim,Electrical & Lighting,Mushroom Pushbutton,240.00,20,wixim-p43-15.webp,,yes
LAY5-BA21,Wixim Pushbutton Switch LAY5-BA21 22mm Black 1NO/1NC,Wixim,Electrical & Lighting,Pushbutton Switch,102.00,20,wixim-p44-1.webp,,yes
LAY5-BA31,Wixim Pushbutton Switch LAY5-BA31 22mm Green 1NO/1NC,Wixim,Electrical & Lighting,Pushbutton Switch,102.00,20,wixim-p44-1.webp,,yes
LAY5-BA42,Wixim Pushbutton Switch LAY5-BA42 22mm Red 1NO/1NC,Wixim,Electrical & Lighting,Pushbutton Switch,102.00,20,wixim-p44-1.webp,,yes
LAY5-BA51,Wixim Pushbutton Switch LAY5-BA51 22mm Yellow 1NO/1NC,Wixim,Electrical & Lighting,Pushbutton Switch,102.00,20,wixim-p44-1.webp,,yes
LAY5-BA35,Wixim Pushbutton Switch LAY5-BA35 22mm Green 1NO+1NC,Wixim,Electrical & Lighting,Pushbutton Switch,126.00,20,wixim-p44-1.webp,,yes
LAY5-BA45,Wixim Pushbutton Switch LAY5-BA45 22mm Red 1NO+1NC,Wixim,Electrical & Lighting,Pushbutton Switch,126.00,20,wixim-p44-1.webp,,yes
LAY5-BG25,Wixim Key Switch LAY5-BG25 2-Position 1NO+1NC,Wixim,Electrical & Lighting,Key Switch,264.00,20,wixim-p44-2.webp,,yes
LAY5-BG33,Wixim Key Switch LAY5-BG33 3-Position 2NO,Wixim,Electrical & Lighting,Key Switch,264.00,20,wixim-p44-2.webp,,yes
LAY5-BW8465,Wixim Double End Button LAY5-BW8465 w/Lamp,Wixim,Electrical & Lighting,Double End Button,384.00,20,wixim-p44-3.webp,,yes
LAY5-BW3361,Wixim Illuminated Pushbutton LAY5-BW3361 1NO Green,Wixim,Electrical & Lighting,Illuminated Pushbutton,216.00,20,wixim-p44-4.webp,,yes
LAY5-BW3462,Wixim Illuminated Pushbutton LAY5-BW3462 1NC Red,Wixim,Electrical & Lighting,Illuminated Pushbutton,216.00,20,wixim-p44-4.webp,,yes
LAY5-BW3361-LED,Wixim Illuminated Pushbutton LAY5-BW3361 LED 1NO Green,Wixim,Electrical & Lighting,Illuminated Pushbutton,240.00,20,wixim-p44-4.webp,,yes
LAY5-BW3462-LED,Wixim Illuminated Pushbutton LAY5-BW3462 LED 1NC Red,Wixim,Electrical & Lighting,Illuminated Pushbutton,240.00,20,wixim-p44-4.webp,,yes
LAY5-BV63,Wixim Pilot Light LAY5-BV63 Green 22mm,Wixim,Electrical & Lighting,Pilot Light,108.00,20,wixim-p44-5.webp,,yes
LAY5-BV64,Wixim Pilot Light LAY5-BV64 Red 22mm,Wixim,Electrical & Lighting,Pilot Light,108.00,20,wixim-p44-5.webp,,yes
LAY5-BV63-LED,Wixim Pilot Light LAY5-BV63 LED Green 22mm,Wixim,Electrical & Lighting,Pilot Light,132.00,20,wixim-p44-5.webp,,yes
LAY5-BV64-LED,Wixim Pilot Light LAY5-BV64 LED Red 22mm,Wixim,Electrical & Lighting,Pilot Light,132.00,20,wixim-p44-5.webp,,yes
LAY5-BE101,Wixim Contact Block LAY5-BE101 1NO,Wixim,Electrical & Lighting,Contact Block,36.00,20,wixim-p44-6.webp,,yes
LAY5-BE102,Wixim Contact Block LAY5-BE102 1NC,Wixim,Electrical & Lighting,Contact Block,36.00,20,wixim-p44-6.webp,,yes
LAY5-BW3341,Wixim Illuminated Pushbutton LAY5-BW3341 Transformer Type 1NO Green,Wixim,Electrical & Lighting,Illuminated Pushbutton,384.00,20,wixim-p44-7.webp,,yes
LAY5-BW3442,Wixim Illuminated Pushbutton LAY5-BW3442 Transformer Type 1NC Red,Wixim,Electrical & Lighting,Illuminated Pushbutton,384.00,20,wixim-p44-7.webp,,yes
LAY5-BC31,Wixim Mushroom Pushbutton LAY5-BC31 1NO Green,Wixim,Electrical & Lighting,Mushroom Pushbutton,120.00,20,wixim-p44-8.webp,,yes
LAY5-BC42,Wixim Mushroom Pushbutton LAY5-BC42 1NC Red,Wixim,Electrical & Lighting,Mushroom Pushbutton,120.00,20,wixim-p44-8.webp,,yes
XB2-EA131S,Wixim Pushbutton Switch XB2-EA131S 1NO Start Green w/Logo,Wixim,Electrical & Lighting,Pushbutton Switch,57.60,20,wixim-p44-9.webp,,yes
XB2-EA142S,Wixim Pushbutton Switch XB2-EA142S 1NC Stop Red w/Logo,Wixim,Electrical & Lighting,Pushbutton Switch,57.60,20,wixim-p44-9.webp,,yes
LAY5-BD45,Wixim Selector Switch LAY5-BD45 2-Position Spring Return,Wixim,Electrical & Lighting,Selector Switch,204.00,20,wixim-p44-10.webp,,yes
LAY5-BD53,Wixim Selector Switch LAY5-BD53 3-Position Spring Return,Wixim,Electrical & Lighting,Selector Switch,204.00,20,wixim-p44-10.webp,,yes
LAY5-BD25,Wixim Selector Switch LAY5-BD25 2-Position 1NO+1NC,Wixim,Electrical & Lighting,Selector Switch,156.00,20,wixim-p44-10.webp,,yes
LAY5-BD33,Wixim Selector Switch LAY5-BD33 3-Position 2NO,Wixim,Electrical & Lighting,Selector Switch,156.00,20,wixim-p44-10.webp,,yes
LAY5-BS542,Wixim Emergency Stop Mushroom Pushbutton LAY5-BS542 40mm 1NC Red,Wixim,Electrical & Lighting,Mushroom Pushbutton,192.00,20,wixim-p44-11.webp,,yes
AD22-22MSD,Wixim Buzzer AD22-22MSD Red w/Flash,Wixim,Electrical & Lighting,Buzzer,180.00,20,wixim-p44-12.webp,,yes
AD22-22MFD,Wixim Buzzer AD22-22MFD Black,Wixim,Electrical & Lighting,Buzzer,156.00,20,wixim-p44-12.webp,,yes
LAY5-BJ45,Wixim Selector Switch LAY5-BJ45 Long Handle 2-Position Spring Return,Wixim,Electrical & Lighting,Selector Switch,204.00,20,wixim-p44-13.webp,,yes
LAY5-BJ53,Wixim Selector Switch LAY5-BJ53 Long Handle 3-Position Spring Return,Wixim,Electrical & Lighting,Selector Switch,204.00,20,wixim-p44-13.webp,,yes
LAY5-BJ25,Wixim Selector Switch LAY5-BJ25 Long Handle 2-Position 1NO+1NC,Wixim,Electrical & Lighting,Selector Switch,156.00,20,wixim-p44-13.webp,,yes
LAY5-BJ33,Wixim Selector Switch LAY5-BJ33 Long Handle 3-Position 2NO,Wixim,Electrical & Lighting,Selector Switch,156.00,20,wixim-p44-13.webp,,yes
LAY5-BS142,Wixim Emergency Stop Mushroom Pushbutton LAY5-BS142 w/Key 40mm 1NC Red,Wixim,Electrical & Lighting,Mushroom Pushbutton,336.00,20,wixim-p44-14.webp,,yes
LAY5-J174,Wixim Emergency Stop Control Station LAY5-J174 w/PVC Box,Wixim,Electrical & Lighting,Control Station,288.00,20,wixim-p44-15.webp,,yes
LAY5-B213,Wixim Start and Stop Control Station LAY5-B213 2-Way,Wixim,Electrical & Lighting,Control Station,283.20,20,wixim-p44-16.webp,,yes
LAY4-BA21,Wixim Pushbutton Switch LAY4-BA21 22mm Black 1NO/1NC,Wixim,Electrical & Lighting,Pushbutton Switch,180.00,20,wixim-p45-1.webp,,yes
LAY4-BA31,Wixim Pushbutton Switch LAY4-BA31 22mm Green 1NO/1NC,Wixim,Electrical & Lighting,Pushbutton Switch,180.00,20,wixim-p45-1.webp,,yes
LAY4-BA42,Wixim Pushbutton Switch LAY4-BA42 22mm Red 1NO/1NC,Wixim,Electrical & Lighting,Pushbutton Switch,180.00,20,wixim-p45-1.webp,,yes
LAY4-BA35,Wixim Pushbutton Switch LAY4-BA35 22mm Green 1NO+1NC,Wixim,Electrical & Lighting,Pushbutton Switch,240.00,20,wixim-p45-1.webp,,yes
LAY4-BA45,Wixim Pushbutton Switch LAY4-BA45 22mm Red 1NO+1NC,Wixim,Electrical & Lighting,Pushbutton Switch,240.00,20,wixim-p45-1.webp,,yes
LAY4-BC31,Wixim Mushroom Pushbutton LAY4-BC31 40mm 1NO Green,Wixim,Electrical & Lighting,Mushroom Pushbutton,180.00,20,wixim-p45-2.webp,,yes
LAY4-BC42,Wixim Mushroom Pushbutton LAY4-BC42 40mm 1NC Red,Wixim,Electrical & Lighting,Mushroom Pushbutton,180.00,20,wixim-p45-2.webp,,yes
XB2-EA21,Wixim Pushbutton Switch XB2-EA21 22mm Black 1NO/1NC,Wixim,Electrical & Lighting,Pushbutton Switch,120.00,20,wixim-p45-3.webp,,yes
XB2-EA31,Wixim Pushbutton Switch XB2-EA31 22mm Green 1NO/1NC,Wixim,Electrical & Lighting,Pushbutton Switch,120.00,20,wixim-p45-3.webp,,yes
XB2-EA42,Wixim Pushbutton Switch XB2-EA42 22mm Red 1NO/1NC,Wixim,Electrical & Lighting,Pushbutton Switch,120.00,20,wixim-p45-3.webp,,yes
XB2-EA51,Wixim Pushbutton Switch XB2-EA51 22mm Yellow 1NO/1NC,Wixim,Electrical & Lighting,Pushbutton Switch,120.00,20,wixim-p45-3.webp,,yes
XB2-EA35,Wixim Pushbutton Switch XB2-EA35 22mm Green 1NO+1NC,Wixim,Electrical & Lighting,Pushbutton Switch,156.00,20,wixim-p45-3.webp,,yes
XB2-EA45,Wixim Pushbutton Switch XB2-EA45 22mm Red 1NO+1NC,Wixim,Electrical & Lighting,Pushbutton Switch,156.00,20,wixim-p45-3.webp,,yes
LAY4-BW3361,Wixim Illuminated Pushbutton LAY4-BW3361 LED Green,Wixim,Electrical & Lighting,Illuminated Pushbutton,312.00,20,wixim-p45-4.webp,,yes
LAY4-BW3462,Wixim Illuminated Pushbutton LAY4-BW3462 LED Red,Wixim,Electrical & Lighting,Illuminated Pushbutton,312.00,20,wixim-p45-4.webp,,yes
LAY4-BS542,Wixim Emergency Stop Mushroom Pushbutton LAY4-BS542 40mm 1NC Red,Wixim,Electrical & Lighting,Mushroom Pushbutton,264.00,20,wixim-p45-5.webp,,yes
XB2-EW3361,Wixim Illuminated Pushbutton XB2-EW3361 1NO Green,Wixim,Electrical & Lighting,Illuminated Pushbutton,288.00,20,wixim-p45-6.webp,,yes
XB2-EW3462,Wixim Illuminated Pushbutton XB2-EW3462 1NC Red,Wixim,Electrical & Lighting,Illuminated Pushbutton,288.00,20,wixim-p45-6.webp,,yes
XB2-EW3361-LED,Wixim Illuminated Pushbutton XB2-EW3361 LED 1NO Green,Wixim,Electrical & Lighting,Illuminated Pushbutton,312.00,20,wixim-p45-6.webp,,yes
XB2-EW3462-LED,Wixim Illuminated Pushbutton XB2-EW3462 LED 1NC Red,Wixim,Electrical & Lighting,Illuminated Pushbutton,312.00,20,wixim-p45-6.webp,,yes
LAY4-BV63,Wixim Pilot Light LAY4-BV63 LED Green 22mm,Wixim,Electrical & Lighting,Pilot Light,240.00,20,wixim-p45-7.webp,,yes
LAY4-BV64,Wixim Pilot Light LAY4-BV64 LED Red 22mm,Wixim,Electrical & Lighting,Pilot Light,240.00,20,wixim-p45-7.webp,,yes
LAY4-BW8465,Wixim Double End Button LAY4-BW8465 w/Lamp,Wixim,Electrical & Lighting,Double End Button,456.00,20,wixim-p45-8.webp,,yes
XB2-EV63,Wixim Pilot Light XB2-EV63 Green 22mm,Wixim,Electrical & Lighting,Pilot Light,144.00,20,wixim-p45-9.webp,,yes
XB2-EV64,Wixim Pilot Light XB2-EV64 Red 22mm,Wixim,Electrical & Lighting,Pilot Light,144.00,20,wixim-p45-9.webp,,yes
XB2-EV63-LED,Wixim Pilot Light XB2-EV63 LED Green 22mm,Wixim,Electrical & Lighting,Pilot Light,168.00,20,wixim-p45-9.webp,,yes
XB2-EV64-LED,Wixim Pilot Light XB2-EV64 LED Red 22mm,Wixim,Electrical & Lighting,Pilot Light,168.00,20,wixim-p45-9.webp,,yes
LAY4-BD45,Wixim Selector Switch LAY4-BD45 2-Position Spring Return,Wixim,Electrical & Lighting,Selector Switch,288.00,20,wixim-p45-10.webp,,yes
LAY4-BD53,Wixim Selector Switch LAY4-BD53 3-Position Spring Return,Wixim,Electrical & Lighting,Selector Switch,288.00,20,wixim-p45-10.webp,,yes
LAY4-BD25,Wixim Selector Switch LAY4-BD25 2-Position 1NO+1NC,Wixim,Electrical & Lighting,Selector Switch,240.00,20,wixim-p45-10.webp,,yes
LAY4-BD33,Wixim Selector Switch LAY4-BD33 3-Position 2NO,Wixim,Electrical & Lighting,Selector Switch,240.00,20,wixim-p45-10.webp,,yes
CONTACT-BLOCK-LAY4-1NO-OR-1NC,Wixim Contact Block LAY4 1NO or 1NC,Wixim,Electrical & Lighting,Contact Block,60.00,20,wixim-p45-11.webp,,yes
CONTACT-BLOCK-XB2-1NO-OR-1NC,Wixim Contact Block XB2 1NO or 1NC,Wixim,Electrical & Lighting,Contact Block,36.00,20,wixim-p45-11.webp,,yes
XB2-ED45,Wixim Selector Switch XB2-ED45 2-Position Spring Return,Wixim,Electrical & Lighting,Selector Switch,240.00,20,wixim-p45-12.webp,,yes
XB2-ED53,Wixim Selector Switch XB2-ED53 3-Position Spring Return,Wixim,Electrical & Lighting,Selector Switch,240.00,20,wixim-p45-12.webp,,yes
XB2-ED25,Wixim Selector Switch XB2-ED25 2-Position 1NO+1NC,Wixim,Electrical & Lighting,Selector Switch,180.00,20,wixim-p45-12.webp,,yes
XB2-ED33,Wixim Selector Switch XB2-ED33 3-Position 2NO,Wixim,Electrical & Lighting,Selector Switch,180.00,20,wixim-p45-12.webp,,yes
LAY4-BG25,Wixim Key Switch LAY4-BG25 2-Position 1NO-1NC,Wixim,Electrical & Lighting,Key Switch,456.00,20,wixim-p45-13.webp,,yes
LAY4-BG33,Wixim Key Switch LAY4-BG33 3-Position 2NO,Wixim,Electrical & Lighting,Key Switch,456.00,20,wixim-p45-13.webp,,yes
APBB-22N,Wixim Double End Button APBB-22N 22mm w/Lamp,Wixim,Electrical & Lighting,Double End Button,216.00,20,wixim-p45-14.webp,,yes
XB2-ES542,Wixim Emergency Stop Mushroom Pushbutton XB2-ES542 40mm 1NC Red,Wixim,Electrical & Lighting,Mushroom Pushbutton,252.00,20,wixim-p45-15.webp,,yes
LA6S,Wixim Waterproof Metal LED Pilot Light LA6S 6mm AC220V,Wixim,Electrical & Lighting,LED Pilot Light,72.00,20,wixim-p46-1.webp,,yes
LA8C-C1,Wixim Waterproof Metal LED Pilot Light LA8C-C1 8mm AC220V,Wixim,Electrical & Lighting,LED Pilot Light,105.60,20,wixim-p46-1.webp,,yes
LA10C-C1,Wixim Waterproof Metal LED Pilot Light LA10C-C1 10mm AC220V,Wixim,Electrical & Lighting,LED Pilot Light,132.00,20,wixim-p46-1.webp,,yes
LA12C-P1,Wixim Waterproof Metal LED Pilot Light LA12C-P1 12mm IP67,Wixim,Electrical & Lighting,LED Pilot Light,156.00,20,wixim-p46-2.webp,,yes
LA12S-P1,Wixim Waterproof Metal Pushbutton Switch LA12S-P1 12mm IP67,Wixim,Electrical & Lighting,Pushbutton Switch,96.00,20,wixim-p46-3.webp,,yes
LA12S-P11E,Wixim Waterproof Metal LED Illuminated Pushbutton Switch LA12S-P11E 12mm IP67,Wixim,Electrical & Lighting,LED Illuminated Pushbutton Switch,180.00,20,wixim-p46-4.webp,,yes
LA16S-C0,Wixim Waterproof Metal LED Pilot Light LA16S-C0 16mm IP67,Wixim,Electrical & Lighting,LED Pilot Light,168.00,20,wixim-p46-5.webp,,yes
LA16S-P1,Wixim Waterproof Metal Pushbutton Switch LA16S-P1 16mm IP67,Wixim,Electrical & Lighting,Pushbutton Switch,120.00,20,wixim-p46-6.webp,,yes
LA16S-P11E,Wixim Waterproof Metal LED Illuminated Pushbutton Switch LA16S-P11E 16mm IP67,Wixim,Electrical & Lighting,LED Illuminated Pushbutton Switch,192.00,20,wixim-p46-7.webp,,yes
LA22S-C0,Wixim Waterproof Metal LED Pilot Light LA22S-C0 22mm IP67,Wixim,Electrical & Lighting,LED Pilot Light,240.00,20,wixim-p46-8.webp,,yes
LA22S-P11,Wixim Waterproof Metal Pushbutton Switch LA22S-P11 22mm IP67,Wixim,Electrical & Lighting,Pushbutton Switch,240.00,20,wixim-p46-9.webp,,yes
LA22S-P11E,Wixim Waterproof Metal LED Illuminated Pushbutton Switch LA22S-P11E 22mm IP67,Wixim,Electrical & Lighting,LED Illuminated Pushbutton Switch,480.00,20,wixim-p46-10.webp,,yes
LA22S-C11E,Wixim Waterproof Metal LED Illuminated Pushbutton Switch LA22S-C11E 22mm IP67,Wixim,Electrical & Lighting,LED Illuminated Pushbutton Switch,576.00,20,wixim-p46-11.webp,,yes
LA25S-C0,Wixim Waterproof Metal LED Pilot Light LA25S-C0 25mm IP67,Wixim,Electrical & Lighting,LED Pilot Light,360.00,20,wixim-p46-12.webp,,yes
LA25S-P11,Wixim Waterproof Metal Pushbutton Switch LA25S-P11 25mm IP67,Wixim,Electrical & Lighting,Pushbutton Switch,360.00,20,wixim-p46-13.webp,,yes
LA25S-P11E,Wixim Waterproof Metal LED Illuminated Pushbutton Switch LA25S-P11E 25mm IP67,Wixim,Electrical & Lighting,LED Illuminated Pushbutton Switch,720.00,20,wixim-p46-14.webp,,yes
LA25S-C11E,Wixim Waterproof Metal LED Power Sign Pushbutton Switch LA25S-C11E 25mm IP67,Wixim,Electrical & Lighting,LED Power Sign Pushbutton Switch,816.00,20,wixim-p46-15.webp,,yes
PED-8,Wixim Copper Body LED Pilot Light PED-8 8mm,Wixim,Electrical & Lighting,Pilot Light,48.00,20,wixim-p47-1.webp,,yes
PED-10,Wixim Copper Body LED Pilot Light PED-10 10mm,Wixim,Electrical & Lighting,Pilot Light,48.00,20,wixim-p47-2.webp,,yes
PL-101,Wixim Pilot Light PL-101 10mm,Wixim,Electrical & Lighting,Pilot Light,24.00,20,wixim-p47-3.webp,,yes
PL-220,Wixim Pilot Light PL-220 13.5mm,Wixim,Electrical & Lighting,Pilot Light,36.00,20,wixim-p47-4.webp,,yes
BULB-LED-E10-BA9S,Wixim Indicator Bulb LED E-10/BA9S,Wixim,Electrical & Lighting,Pilot Light,28.80,20,wixim-p47-5.webp,,yes
BULB-NEON-E10-BA9S,Wixim Indicator Bulb Neon/Glass E-10/BA9S,Wixim,Electrical & Lighting,Pilot Light,14.40,20,wixim-p47-6.webp,,yes
BS-211B,Wixim Power Pushbutton Switch BS-211B 10A 1.5kW,Wixim,Electrical & Lighting,Power Pushbutton Switch,132.00,20,wixim-p47-7.webp,,yes
BS-211B-HD,Wixim Power Pushbutton Switch BS-211B HD Silver Point 10A 1.5kW,Wixim,Electrical & Lighting,Power Pushbutton Switch,180.00,20,wixim-p47-7.webp,,yes
BS-216B,Wixim Power Pushbutton Switch BS-216B 15A 2.2kW,Wixim,Electrical & Lighting,Power Pushbutton Switch,144.00,20,wixim-p47-8.webp,,yes
BS-216B-HD,Wixim Power Pushbutton Switch BS-216B HD Silver Point 15A 2.2kW,Wixim,Electrical & Lighting,Power Pushbutton Switch,216.00,20,wixim-p47-8.webp,,yes
BS-230B,Wixim Power Pushbutton Switch BS-230B 30A 3.5kW,Wixim,Electrical & Lighting,Power Pushbutton Switch,168.00,20,wixim-p47-9.webp,,yes
BS-230B-HD,Wixim Power Pushbutton Switch BS-230B HD Silver Point 30A 3.5kW,Wixim,Electrical & Lighting,Power Pushbutton Switch,252.00,20,wixim-p47-9.webp,,yes
BT-2,Wixim Pushbutton Station BT-2 2-Button AC250V 3A,Wixim,Electrical & Lighting,Power Pushbutton Switch,84.00,20,wixim-p47-10.webp,,yes
BT-3,Wixim Pushbutton Station BT-3 3-Button AC250V 3A,Wixim,Electrical & Lighting,Power Pushbutton Switch,144.00,20,wixim-p47-11.webp,,yes
TBSP-315,Wixim Power Pushbutton Switch TBSP-315,Wixim,Electrical & Lighting,Power Pushbutton Switch,216.00,20,wixim-p47-12.webp,,yes
TBSP-330,Wixim Power Pushbutton Switch TBSP-330,Wixim,Electrical & Lighting,Power Pushbutton Switch,288.00,20,wixim-p47-12.webp,,yes
TBSS-315,Wixim Power Pushbutton Switch TBSS-315,Wixim,Electrical & Lighting,Power Pushbutton Switch,288.00,20,wixim-p47-13.webp,,yes
TBSS-330,Wixim Power Pushbutton Switch TBSS-330,Wixim,Electrical & Lighting,Power Pushbutton Switch,312.00,20,wixim-p47-13.webp,,yes
TPB-2,Wixim Pushbutton Station TPB-2 (BT-2) 2-Button Metal Box,Wixim,Electrical & Lighting,Power Pushbutton Switch,192.00,20,wixim-p47-14.webp,,yes
TPB-3,Wixim Pushbutton Station TPB-3 (BT-3) 3-Button Metal Box,Wixim,Electrical & Lighting,Power Pushbutton Switch,240.00,20,wixim-p47-15.webp,,yes
CMR-301,Wixim Monolever Switch CMR-301 30mm 2P 2NO 250V 6A,Wixim,Electrical & Lighting,Monolever Switch,744.00,20,wixim-p47-16.webp,,yes
CMR-302,Wixim Monolever Switch CMR-302 30mm 4P 4NO 250V 6A,Wixim,Electrical & Lighting,Monolever Switch,816.00,20,wixim-p47-16.webp,,yes
XD2-PA22,Wixim Monolever Switch XD2-PA22 22mm 2P,Wixim,Electrical & Lighting,Monolever Switch,576.00,20,wixim-p47-17.webp,,yes
XD2-PA24,Wixim Monolever Switch XD2-PA24 22mm 4P,Wixim,Electrical & Lighting,Monolever Switch,672.00,20,wixim-p47-17.webp,,yes
COB-61,Wixim Hoist Pushbutton Switch COB-61 2-Button Indirect Type AC250V 5A,Wixim,Electrical & Lighting,Hoist Pushbutton Switch,408.00,20,wixim-p47-18.webp,,yes
COB-62,Wixim Hoist Pushbutton Switch COB-62 4-Button Indirect Type AC250V 5A,Wixim,Electrical & Lighting,Hoist Pushbutton Switch,504.00,20,wixim-p47-19.webp,,yes
COB-63,Wixim Hoist Pushbutton Switch COB-63 6-Button Indirect Type AC250V 5A,Wixim,Electrical & Lighting,Hoist Pushbutton Switch,732.00,20,wixim-p47-20.webp,,yes
CA2713,Wixim Hoist Pushbutton Switch CA2713 with Emergency Stop IP65,Wixim,Electrical & Lighting,Hoist Pushbutton Switch,2160.00,20,wixim-p47-21.webp,,yes
CA4713,Wixim Hoist Pushbutton Switch CA4713 with Emergency Stop IP65,Wixim,Electrical & Lighting,Hoist Pushbutton Switch,2640.00,20,wixim-p47-22.webp,,yes
CA6713,Wixim Hoist Pushbutton Switch CA6713 with Emergency Stop IP65,Wixim,Electrical & Lighting,Hoist Pushbutton Switch,3360.00,20,wixim-p47-23.webp,,yes
TB-1503,Wixim Molded Terminal Block TB-1503 15A 3P 0.5-1.5mm² AC600V,Wixim,Electrical & Lighting,Molded Terminal Block,19.20,20,wixim-p48-1.webp,,yes
TB-1504,Wixim Molded Terminal Block TB-1504 15A 4P 0.5-1.5mm² AC600V,Wixim,Electrical & Lighting,Molded Terminal Block,24.00,20,wixim-p48-1.webp,,yes
TB-1506,Wixim Molded Terminal Block TB-1506 15A 6P 0.5-1.5mm² AC600V,Wixim,Electrical & Lighting,Molded Terminal Block,31.20,20,wixim-p48-1.webp,,yes
TB-1508,Wixim Molded Terminal Block TB-1508 15A 8P 0.5-1.5mm² AC600V,Wixim,Electrical & Lighting,Molded Terminal Block,43.20,20,wixim-p48-1.webp,,yes
TB-1510,Wixim Molded Terminal Block TB-1510 15A 10P 0.5-1.5mm² AC600V,Wixim,Electrical & Lighting,Molded Terminal Block,52.80,20,wixim-p48-1.webp,,yes
TB-1512,Wixim Molded Terminal Block TB-1512 15A 12P 0.5-1.5mm² AC600V,Wixim,Electrical & Lighting,Molded Terminal Block,60.00,20,wixim-p48-1.webp,,yes
TB-2503,Wixim Molded Terminal Block TB-2503 25A 3P 0.5-2.5mm² AC600V,Wixim,Electrical & Lighting,Molded Terminal Block,30.00,20,wixim-p48-2.webp,,yes
TB-2504,Wixim Molded Terminal Block TB-2504 25A 4P 0.5-2.5mm² AC600V,Wixim,Electrical & Lighting,Molded Terminal Block,36.00,20,wixim-p48-2.webp,,yes
TB-2506,Wixim Molded Terminal Block TB-2506 25A 6P 0.5-2.5mm² AC600V,Wixim,Electrical & Lighting,Molded Terminal Block,50.40,20,wixim-p48-2.webp,,yes
TB-2508,Wixim Molded Terminal Block TB-2508 25A 8P 0.5-2.5mm² AC600V,Wixim,Electrical & Lighting,Molded Terminal Block,64.80,20,wixim-p48-2.webp,,yes
TB-2510,Wixim Molded Terminal Block TB-2510 25A 10P 0.5-2.5mm² AC600V,Wixim,Electrical & Lighting,Molded Terminal Block,76.80,20,wixim-p48-2.webp,,yes
TB-2512,Wixim Molded Terminal Block TB-2512 25A 12P 0.5-2.5mm² AC600V,Wixim,Electrical & Lighting,Molded Terminal Block,91.20,20,wixim-p48-2.webp,,yes
TB-3503,Wixim Molded Terminal Block TB-3503 35A 3P 0.5-3.5mm² AC600V,Wixim,Electrical & Lighting,Molded Terminal Block,36.00,20,wixim-p48-3.webp,,yes
TB-3504,Wixim Molded Terminal Block TB-3504 35A 4P 0.5-3.5mm² AC600V,Wixim,Electrical & Lighting,Molded Terminal Block,48.00,20,wixim-p48-3.webp,,yes
TB-3506,Wixim Molded Terminal Block TB-3506 35A 6P 0.5-3.5mm² AC600V,Wixim,Electrical & Lighting,Molded Terminal Block,60.00,20,wixim-p48-3.webp,,yes
TB-3508,Wixim Molded Terminal Block TB-3508 35A 8P 0.5-3.5mm² AC600V,Wixim,Electrical & Lighting,Molded Terminal Block,79.20,20,wixim-p48-3.webp,,yes
TB-3510,Wixim Molded Terminal Block TB-3510 35A 10P 0.5-3.5mm² AC600V,Wixim,Electrical & Lighting,Molded Terminal Block,96.00,20,wixim-p48-3.webp,,yes
TB-3512,Wixim Molded Terminal Block TB-3512 35A 12P 0.5-3.5mm² AC600V,Wixim,Electrical & Lighting,Molded Terminal Block,120.00,20,wixim-p48-3.webp,,yes
TB-4503,Wixim Molded Terminal Block TB-4503 45A 3P 0.5-4mm² AC600V,Wixim,Electrical & Lighting,Molded Terminal Block,60.00,20,wixim-p48-3.webp,,yes
TB-4504,Wixim Molded Terminal Block TB-4504 45A 4P 0.5-4mm² AC600V,Wixim,Electrical & Lighting,Molded Terminal Block,72.00,20,wixim-p48-3.webp,,yes
TB-4506,Wixim Molded Terminal Block TB-4506 45A 6P 0.5-4mm² AC600V,Wixim,Electrical & Lighting,Molded Terminal Block,117.60,20,wixim-p48-3.webp,,yes
TB-4508,Wixim Molded Terminal Block TB-4508 45A 8P 0.5-4mm² AC600V,Wixim,Electrical & Lighting,Molded Terminal Block,156.00,20,wixim-p48-3.webp,,yes
TB-4510,Wixim Molded Terminal Block TB-4510 45A 10P 0.5-4mm² AC600V,Wixim,Electrical & Lighting,Molded Terminal Block,180.00,20,wixim-p48-3.webp,,yes
TB-4512,Wixim Molded Terminal Block TB-4512 45A 12P 0.5-4mm² AC600V,Wixim,Electrical & Lighting,Molded Terminal Block,216.00,20,wixim-p48-3.webp,,yes
TB-603,Wixim Molded Terminal Block TB-603 60A 3P 0.5-10mm² AC600V,Wixim,Electrical & Lighting,Molded Terminal Block,132.00,20,wixim-p48-4.webp,,yes
TB-604,Wixim Molded Terminal Block TB-604 60A 4P 0.5-10mm² AC600V,Wixim,Electrical & Lighting,Molded Terminal Block,168.00,20,wixim-p48-4.webp,,yes
TB-606,Wixim Molded Terminal Block TB-606 60A 6P 0.5-10mm² AC600V,Wixim,Electrical & Lighting,Molded Terminal Block,240.00,20,wixim-p48-4.webp,,yes
TB-1003,Wixim Molded Terminal Block TB-1003 100A 3P 0.5-25mm² AC600V,Wixim,Electrical & Lighting,Molded Terminal Block,192.00,20,wixim-p48-4.webp,,yes
TB-1004,Wixim Molded Terminal Block TB-1004 100A 4P 0.5-25mm² AC600V,Wixim,Electrical & Lighting,Molded Terminal Block,288.00,20,wixim-p48-4.webp,,yes
TB-1006,Wixim Molded Terminal Block TB-1006 100A 6P 0.5-25mm² AC600V,Wixim,Electrical & Lighting,Molded Terminal Block,372.00,20,wixim-p48-4.webp,,yes
TC-1503,Wixim Molded Terminal Block TC-1503 150A 3P 40-60mm² AC600V,Wixim,Electrical & Lighting,Molded Terminal Block,312.00,20,wixim-p49-1.webp,,yes
TC-1504,Wixim Molded Terminal Block TC-1504 150A 4P 40-60mm² AC600V,Wixim,Electrical & Lighting,Molded Terminal Block,432.00,20,wixim-p49-1.webp,,yes
TC-2003,Wixim Molded Terminal Block TC-2003 200A 3P 60-100mm² AC600V,Wixim,Electrical & Lighting,Molded Terminal Block,456.00,20,wixim-p49-1.webp,,yes
TC-2004,Wixim Molded Terminal Block TC-2004 200A 4P 60-100mm² AC600V,Wixim,Electrical & Lighting,Molded Terminal Block,600.00,20,wixim-p49-1.webp,,yes
TC-3003,Wixim Molded Terminal Block TC-3003 300A 3P 100-150mm² AC600V,Wixim,Electrical & Lighting,Molded Terminal Block,672.00,20,wixim-p49-1.webp,,yes
TC-3004,Wixim Molded Terminal Block TC-3004 300A 4P 100-150mm² AC600V,Wixim,Electrical & Lighting,Molded Terminal Block,960.00,20,wixim-p49-1.webp,,yes
TC-4003,Wixim Molded Terminal Block TC-4003 400A 3P 100-200mm² AC600V,Wixim,Electrical & Lighting,Molded Terminal Block,936.00,20,wixim-p49-2.webp,,yes
TC-4004,Wixim Molded Terminal Block TC-4004 400A 4P 100-200mm² AC600V,Wixim,Electrical & Lighting,Molded Terminal Block,1176.00,20,wixim-p49-3.webp,,yes
TC-6003,Wixim Molded Terminal Block TC-6003 600A 3P 200-300mm² AC600V,Wixim,Electrical & Lighting,Molded Terminal Block,1920.00,20,wixim-p49-4.webp,,yes
TB-6004,Wixim Molded Terminal Block TB-6004 600A 4P 200-300mm² AC600V,Wixim,Electrical & Lighting,Molded Terminal Block,2400.00,20,wixim-p49-5.webp,,yes
IN-12BK,Wixim Molded Terminal Block IN-12BK 20A 2P 2.0mm² AC600V,Wixim,Electrical & Lighting,Molded Terminal Block,48.00,20,wixim-p49-6.webp,,yes
IN-13SBK,Wixim Molded Terminal Block IN-13SBK 20A 3P 2.0mm² AC600V,Wixim,Electrical & Lighting,Molded Terminal Block,52.80,20,wixim-p49-7.webp,,yes
IN-20BK,Wixim Molded Terminal Block IN-20BK 30A 3P 3.5mm² AC600V,Wixim,Electrical & Lighting,Molded Terminal Block,74.40,20,wixim-p49-8.webp,,yes
IN-30BK,Wixim Molded Terminal Block IN-30BK 50A 3P 8.0mm² AC600V,Wixim,Electrical & Lighting,Molded Terminal Block,120.00,20,wixim-p49-9.webp,,yes
IN-411SB,Wixim Molded Terminal Block IN-411SB 60A 1P 14mm² AC600V,Wixim,Electrical & Lighting,Molded Terminal Block,62.40,20,wixim-p49-10.webp,,yes
IN-60BK,Wixim Molded Terminal Block IN-60BK 90A 1P 22mm² AC600V,Wixim,Electrical & Lighting,Molded Terminal Block,108.00,20,wixim-p49-11.webp,,yes
IN-100BK,Wixim Molded Terminal Block IN-100BK 130A 1P 38mm² AC600V,Wixim,Electrical & Lighting,Molded Terminal Block,199.20,20,wixim-p49-12.webp,,yes
IN-200BK,Wixim Molded Terminal Block IN-200BK 240A 1P 100mm² AC600V,Wixim,Electrical & Lighting,Molded Terminal Block,564.00,20,wixim-p49-13.webp,,yes
USLKG-3,Wixim Ground Terminal Block USLKG-3 34A 0.2-2.5mm²,Wixim,Electrical & Lighting,Ground Terminal Block,55.20,20,wixim-p49-14.webp,,yes
USLKG-5,Wixim Ground Terminal Block USLKG-5 34A 0.2-4mm²,Wixim,Electrical & Lighting,Ground Terminal Block,60.00,20,wixim-p49-15.webp,,yes
USLKG-6,Wixim Ground Terminal Block USLKG-6 37A 0.2-6mm²,Wixim,Electrical & Lighting,Ground Terminal Block,81.60,20,wixim-p49-16.webp,,yes
USLKG-10,Wixim Ground Terminal Block USLKG-10 76A 0.5-10mm²,Wixim,Electrical & Lighting,Ground Terminal Block,105.60,20,wixim-p49-17.webp,,yes
USLKG-16,Wixim Ground Terminal Block USLKG-16 101A 2.5-16mm²,Wixim,Electrical & Lighting,Ground Terminal Block,156.00,20,wixim-p49-18.webp,,yes
USLKG-35,Wixim Ground Terminal Block USLKG-35 150A 7.5-50mm²,Wixim,Electrical & Lighting,Ground Terminal Block,264.00,20,wixim-p49-19.webp,,yes
TK-10A,Wixim Din Rail Terminal Block TK-10A 0.75-1.5mm² AC600V 10pcs/pack,Wixim,Electrical & Lighting,Terminal Block (Din Rail Type),21.60,20,wixim-p50-1.webp,,yes
TK-20A,Wixim Din Rail Terminal Block TK-20A 1.5-2.5mm² AC600V 10pcs/pack,Wixim,Electrical & Lighting,Terminal Block (Din Rail Type),31.20,20,wixim-p50-2.webp,,yes
TK-30A,Wixim Din Rail Terminal Block TK-30A 2.5-4.0mm² AC600V 10pcs/pack,Wixim,Electrical & Lighting,Terminal Block (Din Rail Type),40.80,20,wixim-p50-3.webp,,yes
TK-40A,Wixim Din Rail Terminal Block TK-40A 4.0-6.0mm² AC600V 10pcs/pack,Wixim,Electrical & Lighting,Terminal Block (Din Rail Type),52.80,20,wixim-p50-4.webp,,yes
TK-60A,Wixim Din Rail Terminal Block TK-60A 6.0-10mm² AC600V 10pcs/pack,Wixim,Electrical & Lighting,Terminal Block (Din Rail Type),79.20,20,wixim-p50-5.webp,,yes
TK-100A,Wixim Din Rail Terminal Block TK-100A 10-25mm² AC600V 10pcs/pack,Wixim,Electrical & Lighting,Terminal Block (Din Rail Type),156.00,20,wixim-p50-6.webp,,yes
TBC-10A,Wixim Din Rail Terminal Block G Type TBC-10A 0.75-1.5mm²,Wixim,Electrical & Lighting,Terminal Block (Din Rail Type),24.00,20,wixim-p50-7.webp,,yes
TBC-20A,Wixim Din Rail Terminal Block G Type TBC-20A 1.5-2.5mm²,Wixim,Electrical & Lighting,Terminal Block (Din Rail Type),33.60,20,wixim-p50-8.webp,,yes
TBC-30A,Wixim Din Rail Terminal Block G Type TBC-30A 2.5-4.0mm²,Wixim,Electrical & Lighting,Terminal Block (Din Rail Type),45.60,20,wixim-p50-9.webp,,yes
TBC-60A,Wixim Din Rail Terminal Block G Type TBC-60A 6.0-10mm²,Wixim,Electrical & Lighting,Terminal Block (Din Rail Type),86.40,20,wixim-p50-10.webp,,yes
TK-100A-G,Wixim Din Rail Terminal Block G Type TK-100A 10-25mm²,Wixim,Electrical & Lighting,Terminal Block (Din Rail Type),172.80,20,wixim-p50-11.webp,,yes
H2519-2,Wixim Terminal Block H2519-2 2P 36A 0.5-6mm² AC600V,Wixim,Electrical & Lighting,Terminal Block (Din Rail Type),24.00,20,wixim-p50-12.webp,,yes
H2519-3,Wixim Terminal Block H2519-3 3P 36A 0.5-6mm² AC600V,Wixim,Electrical & Lighting,Terminal Block (Din Rail Type),36.00,20,wixim-p50-12.webp,,yes
H2519-12,Wixim Terminal Block H2519-12 12P 36A 0.5-6mm² AC600V,Wixim,Electrical & Lighting,Terminal Block (Din Rail Type),144.00,20,wixim-p50-12.webp,,yes
JXB-2.5,Wixim Din Rail Terminal Block JXB-2.5 24A 0.2-2.5mm² AC800V,Wixim,Electrical & Lighting,Terminal Block (Din Rail Type),15.60,20,wixim-p50-13.webp,,yes
JXB-4,Wixim Din Rail Terminal Block JXB-4 32A 0.2-4mm² AC800V,Wixim,Electrical & Lighting,Terminal Block (Din Rail Type),19.20,20,wixim-p50-14.webp,,yes
JXB-6,Wixim Din Rail Terminal Block JXB-6 41A 0.2-6mm² AC800V,Wixim,Electrical & Lighting,Terminal Block (Din Rail Type),24.00,20,wixim-p50-15.webp,,yes
JXB-10,Wixim Din Rail Terminal Block JXB-10 57A 0.2-10mm² AC800V,Wixim,Electrical & Lighting,Terminal Block (Din Rail Type),28.80,20,wixim-p50-16.webp,,yes
JXB-16,Wixim Din Rail Terminal Block JXB-16 76A 0.5-16mm² AC800V,Wixim,Electrical & Lighting,Terminal Block (Din Rail Type),45.60,20,wixim-p50-17.webp,,yes
JXB-25,Wixim Din Rail Terminal Block JXB-25 100A 10-25mm² AC800V,Wixim,Electrical & Lighting,Terminal Block (Din Rail Type),60.00,20,wixim-p50-18.webp,,yes
JXB-35,Wixim Din Rail Terminal Block JXB-35 125A 10-35mm² AC800V,Wixim,Electrical & Lighting,Terminal Block (Din Rail Type),86.40,20,wixim-p50-19.webp,,yes
JXB-70,Wixim Din Rail Terminal Block JXB-70 192A 25-95mm² AC800V,Wixim,Electrical & Lighting,Terminal Block (Din Rail Type),264.00,20,wixim-p50-20.webp,,yes
END-PLATE,Wixim Terminal Block End Plate for all Series,Wixim,Electrical & Lighting,Terminal Block (Din Rail Type),6.00,20,wixim-p50-21.webp,,yes
STOPPER-E-UK,Wixim Din Rail Terminal Stopper E/UK,Wixim,Electrical & Lighting,Terminal Block (Din Rail Type),10.80,20,wixim-p50-22.webp,,yes
STOPPER-EW-35,Wixim Din Rail Terminal Stopper EW-35,Wixim,Electrical & Lighting,Terminal Block (Din Rail Type),10.80,20,wixim-p50-23.webp,,yes
STOPPER-METAL,Wixim Din Rail Terminal Stopper Metal,Wixim,Electrical & Lighting,Terminal Block (Din Rail Type),10.80,20,wixim-p50-24.webp,,yes
UK-1.5N,Wixim Din Rail Terminal Block UK-1.5N 17.5A 0.14-1.5mm² AC500V,Wixim,Electrical & Lighting,Terminal Block,16.80,20,wixim-p51-1.webp,,yes
UK-2.5B,Wixim Din Rail Terminal Block UK-2.5B 32A 0.2-2.5mm² AC690V,Wixim,Electrical & Lighting,Terminal Block,18.00,20,wixim-p51-2.webp,,yes
UK-3N,Wixim Din Rail Terminal Block UK-3N 32A 0.2-2.5mm² AC800V,Wixim,Electrical & Lighting,Terminal Block,21.60,20,wixim-p51-3.webp,,yes
UK-5N,Wixim Din Rail Terminal Block UK-5N 41A 0.2-4mm² AC800V,Wixim,Electrical & Lighting,Terminal Block,26.40,20,wixim-p51-4.webp,,yes
UK-6N,Wixim Din Rail Terminal Block UK-6N 57A 0.2-6mm² AC800V,Wixim,Electrical & Lighting,Terminal Block,33.60,20,wixim-p51-5.webp,,yes
UK-10N,Wixim Din Rail Terminal Block UK-10N 76A 0.5-10mm² AC800V,Wixim,Electrical & Lighting,Terminal Block,43.20,20,wixim-p51-6.webp,,yes
UK-16N,Wixim Din Rail Terminal Block UK-16N 101A 4-16mm² AC800V,Wixim,Electrical & Lighting,Terminal Block,67.20,20,wixim-p51-7.webp,,yes
UK-35N,Wixim Din Rail Terminal Block UK-35N 125A 10-35mm² AC800V,Wixim,Electrical & Lighting,Terminal Block,132.00,20,wixim-p51-8.webp,,yes
UKH-50N,Wixim Din Rail Terminal Block UKH-50N 150A 25-50mm² AC800V,Wixim,Electrical & Lighting,Terminal Block,216.00,20,wixim-p51-9.webp,,yes
UKK-5,Wixim Din Rail Terminal Block UKK-5 32A 0.2-4mm² AC800V,Wixim,Electrical & Lighting,Terminal Block,55.20,20,wixim-p51-10.webp,,yes
PCT-22,Wixim Quick Wire Connector PCT-22 2P 32A 0.08-2.5mm² AC400V,Wixim,Electrical & Lighting,Terminal Block,24.00,20,wixim-p51-11.webp,,yes
PCT-23,Wixim Quick Wire Connector PCT-23 3P 32A 0.08-2.5mm² AC400V,Wixim,Electrical & Lighting,Terminal Block,36.00,20,wixim-p51-11.webp,,yes
PCT-24,Wixim Quick Wire Connector PCT-24 4P 32A 0.08-2.5mm² AC400V,Wixim,Electrical & Lighting,Terminal Block,48.00,20,wixim-p51-11.webp,,yes
PCT-22D,Wixim Quick Wire Connector Din Rail PCT-22D 2P 32A 0.08-2.5mm² AC400V,Wixim,Electrical & Lighting,Terminal Block,38.40,20,wixim-p51-12.webp,,yes
PCT-23D,Wixim Quick Wire Connector Din Rail PCT-23D 3P 32A 0.08-2.5mm² AC400V,Wixim,Electrical & Lighting,Terminal Block,57.60,20,wixim-p51-12.webp,,yes
PCT-24D,Wixim Quick Wire Connector Din Rail PCT-24D 4P 32A 0.08-2.5mm² AC400V,Wixim,Electrical & Lighting,Terminal Block,76.80,20,wixim-p51-12.webp,,yes
PGM-7,"Wixim Brass Cable Gland PGM-7 1/4"" cable 3-6.5mm IP68",Wixim,Electrical & Lighting,Brass Cable Gland,52.80,20,wixim-p51-13.webp,,yes
PGM-9,"Wixim Brass Cable Gland PGM-9 3/8"" cable 4-8mm IP68",Wixim,Electrical & Lighting,Brass Cable Gland,67.20,20,wixim-p51-13.webp,,yes
PGM-11,Wixim Brass Cable Gland PGM-11 cable 5-10mm IP68,Wixim,Electrical & Lighting,Brass Cable Gland,79.20,20,wixim-p51-13.webp,,yes
PGM-13.5,"Wixim Brass Cable Gland PGM-13.5 1/2"" cable 6-12mm IP68",Wixim,Electrical & Lighting,Brass Cable Gland,91.20,20,wixim-p51-13.webp,,yes
PGM-16,Wixim Brass Cable Gland PGM-16 cable 10-14mm IP68,Wixim,Electrical & Lighting,Brass Cable Gland,120.00,20,wixim-p51-13.webp,,yes
PGM-19,"Wixim Brass Cable Gland PGM-19 3/4"" cable 12-15mm IP68",Wixim,Electrical & Lighting,Brass Cable Gland,156.00,20,wixim-p51-13.webp,,yes
PGM-21,Wixim Brass Cable Gland PGM-21 cable 13-18mm IP68,Wixim,Electrical & Lighting,Brass Cable Gland,174.00,20,wixim-p51-13.webp,,yes
PGM-25,Wixim Brass Cable Gland PGM-25 cable 15-22mm IP68,Wixim,Electrical & Lighting,Brass Cable Gland,252.00,20,wixim-p51-13.webp,,yes
PGM-29,"Wixim Brass Cable Gland PGM-29 1"" cable 18-25mm IP68",Wixim,Electrical & Lighting,Brass Cable Gland,324.00,20,wixim-p51-13.webp,,yes
PGM-36,"Wixim Brass Cable Gland PGM-36 1-1/4"" cable 22-32mm IP68",Wixim,Electrical & Lighting,Brass Cable Gland,528.00,20,wixim-p51-13.webp,,yes
PGM-42,"Wixim Brass Cable Gland PGM-42 1-1/2"" cable 30-38mm IP68",Wixim,Electrical & Lighting,Brass Cable Gland,840.00,20,wixim-p51-13.webp,,yes
PGM-48,"Wixim Brass Cable Gland PGM-48 2"" cable 34-44mm IP68",Wixim,Electrical & Lighting,Brass Cable Gland,1152.00,20,wixim-p51-13.webp,,yes
PGM-63,"Wixim Brass Cable Gland PGM-63 2-1/2"" cable 42-54mm IP68",Wixim,Electrical & Lighting,Brass Cable Gland,2280.00,20,wixim-p51-13.webp,,yes
TBS-05A,Wixim Flexible Terminal Block TBS-05A 5A 6mm² AC400V 10pcs/pack,Wixim,Electrical & Lighting,Flexible Terminal Block,28.80,20,wixim-p52-1.webp,,yes
TBS-10A,Wixim Flexible Terminal Block TBS-10A 10A 10mm² AC400V 10pcs/pack,Wixim,Electrical & Lighting,Flexible Terminal Block,38.40,20,wixim-p52-1.webp,,yes
TBS-15A,Wixim Flexible Terminal Block TBS-15A 15A 12mm² AC400V 10pcs/pack,Wixim,Electrical & Lighting,Flexible Terminal Block,57.60,20,wixim-p52-1.webp,,yes
TBS-20A,Wixim Flexible Terminal Block TBS-20A 20A 14mm² AC400V 10pcs/pack,Wixim,Electrical & Lighting,Flexible Terminal Block,64.80,20,wixim-p52-1.webp,,yes
TBS-30A,Wixim Flexible Terminal Block TBS-30A 30A 16mm² AC400V 10pcs/pack,Wixim,Electrical & Lighting,Flexible Terminal Block,72.00,20,wixim-p52-1.webp,,yes
TBS-60A,Wixim Flexible Terminal Block TBS-60A 60A 25mm² AC400V 10pcs/pack,Wixim,Electrical & Lighting,Flexible Terminal Block,132.00,20,wixim-p52-1.webp,,yes
TBS-80A,Wixim Flexible Terminal Block TBS-80A 80A 35mm² AC400V 10pcs/pack,Wixim,Electrical & Lighting,Flexible Terminal Block,240.00,20,wixim-p52-1.webp,,yes
TBS-100A,Wixim Flexible Terminal Block TBS-100A 100A 40mm² AC400V 10pcs/pack,Wixim,Electrical & Lighting,Flexible Terminal Block,288.00,20,wixim-p52-1.webp,,yes
GROUND-BUS-BAR-6X9-4WAY,Wixim Grounding Bus Bar 6x9mm 4 Way,Wixim,Electrical & Lighting,Grounding Bus Bar,60.00,20,wixim-p52-2.webp,,yes
GROUND-BUS-BAR-6X9-6WAY,Wixim Grounding Bus Bar 6x9mm 6 Way,Wixim,Electrical & Lighting,Grounding Bus Bar,72.00,20,wixim-p52-2.webp,,yes
GROUND-BUS-BAR-6X9-8WAY,Wixim Grounding Bus Bar 6x9mm 8 Way,Wixim,Electrical & Lighting,Grounding Bus Bar,84.00,20,wixim-p52-2.webp,,yes
GROUND-BUS-BAR-6X9-10WAY,Wixim Grounding Bus Bar 6x9mm 10 Way,Wixim,Electrical & Lighting,Grounding Bus Bar,96.00,20,wixim-p52-2.webp,,yes
GROUND-BUS-BAR-6X9-12WAY,Wixim Grounding Bus Bar 6x9mm 12 Way,Wixim,Electrical & Lighting,Grounding Bus Bar,108.00,20,wixim-p52-2.webp,,yes
GROUND-BUS-BAR-6X9-14WAY,Wixim Grounding Bus Bar 6x9mm 14 Way,Wixim,Electrical & Lighting,Grounding Bus Bar,132.00,20,wixim-p52-2.webp,,yes
GROUND-BUS-BAR-6X9-16WAY,Wixim Grounding Bus Bar 6x9mm 16 Way,Wixim,Electrical & Lighting,Grounding Bus Bar,168.00,20,wixim-p52-2.webp,,yes
GROUND-BUS-BAR-6X9-1M,Wixim Grounding Bus Bar 6x9mm 1 Meter 130 Way Ø5,Wixim,Electrical & Lighting,Grounding Bus Bar,912.00,20,wixim-p52-4.webp,,yes
GROUND-BUS-BAR-8X12-4WAY,Wixim Grounding Bus Bar 8x12mm 4 Way,Wixim,Electrical & Lighting,Grounding Bus Bar,96.00,20,wixim-p52-3.webp,,yes
GROUND-BUS-BAR-8X12-6WAY,Wixim Grounding Bus Bar 8x12mm 6 Way,Wixim,Electrical & Lighting,Grounding Bus Bar,108.00,20,wixim-p52-3.webp,,yes
GROUND-BUS-BAR-8X12-8WAY,Wixim Grounding Bus Bar 8x12mm 8 Way,Wixim,Electrical & Lighting,Grounding Bus Bar,120.00,20,wixim-p52-3.webp,,yes
GROUND-BUS-BAR-8X12-10WAY,Wixim Grounding Bus Bar 8x12mm 10 Way,Wixim,Electrical & Lighting,Grounding Bus Bar,144.00,20,wixim-p52-3.webp,,yes
GROUND-BUS-BAR-8X12-12WAY,Wixim Grounding Bus Bar 8x12mm 12 Way,Wixim,Electrical & Lighting,Grounding Bus Bar,168.00,20,wixim-p52-3.webp,,yes
GROUND-BUS-BAR-8X12-14WAY,Wixim Grounding Bus Bar 8x12mm 14 Way,Wixim,Electrical & Lighting,Grounding Bus Bar,204.00,20,wixim-p52-3.webp,,yes
GROUND-BUS-BAR-8X12-16WAY,Wixim Grounding Bus Bar 8x12mm 16 Way,Wixim,Electrical & Lighting,Grounding Bus Bar,228.00,20,wixim-p52-3.webp,,yes
GROUND-BUS-BAR-8X12-1M,Wixim Grounding Bus Bar 8x12mm 1 Meter 100 Way Ø6,Wixim,Electrical & Lighting,Grounding Bus Bar,1260.00,20,wixim-p52-4.webp,,yes
BUS-BAR-FIX-HOLDER,Wixim Grounding Bus Bar Fix Holder,Wixim,Electrical & Lighting,Grounding Bus Bar,4.80,20,wixim-p52-3.webp,,yes
MAC3/UKY-3,Wixim Float Switch MAC3/UKY-3 5m cable 250V 15(8)A IP68,Wixim,Electrical & Lighting,Float Switch,768.00,20,wixim-p53-1.webp,,yes
UKY-2-5,Wixim Float Switch UKY-2-5 5m cable 250V 15(8)A IP68,Wixim,Electrical & Lighting,Float Switch,720.00,20,wixim-p53-2.webp,,yes
UKY-2-10,Wixim Float Switch UKY-2-10 10m cable 250V 15(8)A IP68,Wixim,Electrical & Lighting,Float Switch,1140.00,20,wixim-p53-2.webp,,yes
UKY/ST-70AB,Wixim Float Switch UKY/ST-70AB Water Inside 250V 16(10)A,Wixim,Electrical & Lighting,Float Switch,552.00,20,wixim-p53-3.webp,,yes
HY-1,Wixim Automatic Pump Control HY-1 2.2kW 10A 10bar IP65,Wixim,Electrical & Lighting,Automatic Pump Control,2160.00,20,wixim-p53-4.webp,,yes
HY-7,Wixim Automatic Pump Pressure Switch HY-7 1.5Hp/20A 20-80PSI,Wixim,Electrical & Lighting,Automatic Pump Control,456.00,20,wixim-p53-5.webp,,yes
VFS-201,Wixim Foot Switch VFS-201 10A Plastic,Wixim,Electrical & Lighting,Foot Switch,192.00,20,wixim-p54-1.webp,,yes
FS-1,Wixim Foot Switch FS-1 10A Metal,Wixim,Electrical & Lighting,Foot Switch,264.00,20,wixim-p54-2.webp,,yes
FS-2,Wixim Foot Switch FS-2 10A Aluminium,Wixim,Electrical & Lighting,Foot Switch,264.00,20,wixim-p54-3.webp,,yes
FS-3,Wixim Foot Switch FS-3 10A Aluminium,Wixim,Electrical & Lighting,Foot Switch,396.00,20,wixim-p54-4.webp,,yes
FS-4/LT3,Wixim Foot Switch FS-4/LT3 15A Aluminium,Wixim,Electrical & Lighting,Foot Switch,1056.00,20,wixim-p54-5.webp,,yes
FS-5/LT4,Wixim Foot Switch FS-5/LT4 15A Aluminium w/Cover,Wixim,Electrical & Lighting,Foot Switch,1176.00,20,wixim-p54-6.webp,,yes
FS-502,Wixim Foot Switch FS-502 15A Aluminium w/Cover,Wixim,Electrical & Lighting,Foot Switch,2040.00,20,wixim-p54-7.webp,,yes
FS-802,Wixim Foot Switch FS-802 15A Aluminium Double,Wixim,Electrical & Lighting,Foot Switch,3120.00,20,wixim-p54-8.webp,,yes
FS-702,Wixim Foot Switch FS-702 15A Aluminium Double,Wixim,Electrical & Lighting,Foot Switch,3360.00,20,wixim-p54-9.webp,,yes
FS-602,Wixim Foot Switch FS-602 15A Aluminium Double w/Cover,Wixim,Electrical & Lighting,Foot Switch,4560.00,20,wixim-p54-10.webp,,yes
AS-03,Wixim Photo Control Switch Auto Lighter AS-03 3A,Wixim,Electrical & Lighting,Photo Control Switch,312.00,20,wixim-p54-11.webp,,yes
AS-06,Wixim Photo Control Switch Auto Lighter AS-06 6A,Wixim,Electrical & Lighting,Photo Control Switch,312.00,20,wixim-p54-11.webp,,yes
AS-10,Wixim Photo Control Switch Auto Lighter AS-10 10A,Wixim,Electrical & Lighting,Photo Control Switch,456.00,20,wixim-p54-12.webp,,yes
AS-15,Wixim Photo Control Switch Auto Lighter AS-15 15A,Wixim,Electrical & Lighting,Photo Control Switch,540.00,20,wixim-p54-12.webp,,yes
LC-10,Wixim Photo Control Switch LC-10 10A 1 or 2KW,Wixim,Electrical & Lighting,Photo Control Switch,432.00,20,wixim-p54-13.webp,,yes
LC-10R,Wixim Photo Control Switch Receptacle LC-10R,Wixim,Electrical & Lighting,Photo Control Switch,264.00,20,wixim-p54-14.webp,,yes
CDF-10A,"Wixim Ceiling Duct Fan CDF-10A 8""",Wixim,Electrical & Lighting,Ceiling Duct Fan,1440.00,20,wixim-p54-15.webp,,yes
CDF-12A,"Wixim Ceiling Duct Fan CDF-12A 10""",Wixim,Electrical & Lighting,Ceiling Duct Fan,1680.00,20,wixim-p54-15.webp,,yes
GF40 DC-PV2,Wixim Photovoltaic DC Switch GF40 DC-PV2 32A IP66,Wixim,Electrical & Lighting,Photovoltaic DC Switch,3720.00,20,wixim-p54-16.webp,,yes
AZ-8111,Wixim Limit Switch AZ-8111 AC250V 5A IP65,Wixim,Electrical & Lighting,Limit Switch,336.00,20,wixim-p55-1.webp,,yes
TZ-8111,Wixim Limit Switch TZ-8111 AC250V 5A IP65,Wixim,Electrical & Lighting,Limit Switch,408.00,20,wixim-p55-1.webp,,yes
AZ-8112,Wixim Limit Switch AZ-8112 AC250V 5A IP65,Wixim,Electrical & Lighting,Limit Switch,336.00,20,wixim-p55-2.webp,,yes
TZ-8112,Wixim Limit Switch TZ-8112 AC250V 5A IP65,Wixim,Electrical & Lighting,Limit Switch,408.00,20,wixim-p55-2.webp,,yes
AZ-8122,Wixim Limit Switch AZ-8122 AC250V 5A IP65,Wixim,Electrical & Lighting,Limit Switch,336.00,20,wixim-p55-3.webp,,yes
TZ-8122,Wixim Limit Switch TZ-8122 AC250V 5A IP65,Wixim,Electrical & Lighting,Limit Switch,408.00,20,wixim-p55-3.webp,,yes
AZ-8104,Wixim Limit Switch AZ-8104 AC250V 5A IP65,Wixim,Electrical & Lighting,Limit Switch,360.00,20,wixim-p55-4.webp,,yes
TZ-8104,Wixim Limit Switch TZ-8104 AC250V 5A IP65,Wixim,Electrical & Lighting,Limit Switch,432.00,20,wixim-p55-4.webp,,yes
AZ-8108,Wixim Limit Switch AZ-8108 AC250V 5A IP65,Wixim,Electrical & Lighting,Limit Switch,360.00,20,wixim-p55-5.webp,,yes
TZ-8108,Wixim Limit Switch TZ-8108 AC250V 5A IP65,Wixim,Electrical & Lighting,Limit Switch,432.00,20,wixim-p55-5.webp,,yes
AZ-8107,Wixim Limit Switch AZ-8107 AC250V 5A IP65,Wixim,Electrical & Lighting,Limit Switch,336.00,20,wixim-p55-6.webp,,yes
TZ-8107,Wixim Limit Switch TZ-8107 AC250V 5A IP65,Wixim,Electrical & Lighting,Limit Switch,408.00,20,wixim-p55-6.webp,,yes
AZ-8169,Wixim Limit Switch AZ-8169 AC250V 5A IP65,Wixim,Electrical & Lighting,Limit Switch,336.00,20,wixim-p55-7.webp,,yes
TZ-8169,Wixim Limit Switch TZ-8169 AC250V 5A IP65,Wixim,Electrical & Lighting,Limit Switch,408.00,20,wixim-p55-7.webp,,yes
AZ-8166,Wixim Limit Switch AZ-8166 AC250V 5A IP65,Wixim,Electrical & Lighting,Limit Switch,336.00,20,wixim-p55-8.webp,,yes
TZ-8166,Wixim Limit Switch TZ-8166 AC250V 5A IP65,Wixim,Electrical & Lighting,Limit Switch,408.00,20,wixim-p55-8.webp,,yes
AZ-8200,Wixim Limit Switch AZ-8200 AC250V 5A IP65,Wixim,Electrical & Lighting,Limit Switch,336.00,20,wixim-p55-9.webp,,yes
TZ-8200,Wixim Limit Switch TZ-8200 AC250V 5A IP65,Wixim,Electrical & Lighting,Limit Switch,408.00,20,wixim-p55-9.webp,,yes
WL-D,Wixim Limit Switch WL-D AC250V 10A IP67,Wixim,Electrical & Lighting,Limit Switch,720.00,20,wixim-p55-10.webp,,yes
WL-D-HD,Wixim Limit Switch WL-D HD Heavy Duty AC250V 10A IP67,Wixim,Electrical & Lighting,Limit Switch,840.00,20,wixim-p55-10.webp,,yes
WL-D2,Wixim Limit Switch WL-D2 AC250V 10A IP67,Wixim,Electrical & Lighting,Limit Switch,720.00,20,wixim-p55-11.webp,,yes
WL-D2-HD,Wixim Limit Switch WL-D2 HD Heavy Duty AC250V 10A IP67,Wixim,Electrical & Lighting,Limit Switch,840.00,20,wixim-p55-11.webp,,yes
WL-D28,Wixim Limit Switch WL-D28 AC250V 10A IP67,Wixim,Electrical & Lighting,Limit Switch,720.00,20,wixim-p55-12.webp,,yes
WL-D28-HD,Wixim Limit Switch WL-D28 HD Heavy Duty AC250V 10A IP67,Wixim,Electrical & Lighting,Limit Switch,840.00,20,wixim-p55-12.webp,,yes
WL-CA2,Wixim Limit Switch WL-CA2 AC250V 10A IP67,Wixim,Electrical & Lighting,Limit Switch,720.00,20,wixim-p55-13.webp,,yes
WL-CA2-HD,Wixim Limit Switch WL-CA2 HD Heavy Duty AC250V 10A IP67,Wixim,Electrical & Lighting,Limit Switch,840.00,20,wixim-p55-13.webp,,yes
WL-CA2-2,Wixim Limit Switch WL-CA2-2 AC250V 10A IP67,Wixim,Electrical & Lighting,Limit Switch,720.00,20,wixim-p55-14.webp,,yes
WL-CA2-2-HD,Wixim Limit Switch WL-CA2-2 HD Heavy Duty AC250V 10A IP67,Wixim,Electrical & Lighting,Limit Switch,840.00,20,wixim-p55-14.webp,,yes
WL-CA32-41,Wixim Limit Switch WL-CA32-41 AC250V 10A IP67,Wixim,Electrical & Lighting,Limit Switch,840.00,20,wixim-p55-15.webp,,yes
WL-CA32-41-HD,Wixim Limit Switch WL-CA32-41 HD Heavy Duty AC250V 10A IP67,Wixim,Electrical & Lighting,Limit Switch,1008.00,20,wixim-p55-15.webp,,yes
WL-CL,Wixim Limit Switch WL-CL AC250V 10A IP67,Wixim,Electrical & Lighting,Limit Switch,720.00,20,wixim-p55-16.webp,,yes
WL-CL-HD,Wixim Limit Switch WL-CL HD Heavy Duty AC250V 10A IP67,Wixim,Electrical & Lighting,Limit Switch,840.00,20,wixim-p55-16.webp,,yes
WL-NJ,Wixim Limit Switch WL-NJ AC250V 10A IP67,Wixim,Electrical & Lighting,Limit Switch,720.00,20,wixim-p55-17.webp,,yes
WL-NJ-HD,Wixim Limit Switch WL-NJ HD Heavy Duty AC250V 10A IP67,Wixim,Electrical & Lighting,Limit Switch,840.00,20,wixim-p55-17.webp,,yes
WL-CA12,Wixim Limit Switch WL-CA12 AC250V 10A IP67,Wixim,Electrical & Lighting,Limit Switch,720.00,20,wixim-p55-18.webp,,yes
WL-CA12-HD,Wixim Limit Switch WL-CA12 HD Heavy Duty AC250V 10A IP67,Wixim,Electrical & Lighting,Limit Switch,840.00,20,wixim-p55-18.webp,,yes
WL-CA12-2,Wixim Limit Switch WL-CA12-2 AC250V 10A IP67,Wixim,Electrical & Lighting,Limit Switch,720.00,20,wixim-p55-19.webp,,yes
WL-CA12-2-HD,Wixim Limit Switch WL-CA12-2 HD Heavy Duty AC250V 10A IP67,Wixim,Electrical & Lighting,Limit Switch,840.00,20,wixim-p55-19.webp,,yes
AM1300,Wixim Micro Switch AM1300 AC250V 15A,Wixim,Electrical & Lighting,Micro Switch,156.00,20,wixim-p56-1.webp,,yes
Z-15G-B,Wixim Micro Switch Z-15G-B AC250V 15A,Wixim,Electrical & Lighting,Micro Switch,204.00,20,wixim-p56-1.webp,,yes
AM1306,Wixim Micro Switch AM1306 AC250V 15A,Wixim,Electrical & Lighting,Micro Switch,156.00,20,wixim-p56-2.webp,,yes
Z-15GD-B,Wixim Micro Switch Z-15GD-B AC250V 15A,Wixim,Electrical & Lighting,Micro Switch,204.00,20,wixim-p56-2.webp,,yes
AM1305,Wixim Micro Switch AM1305 AC250V 15A,Wixim,Electrical & Lighting,Micro Switch,180.00,20,wixim-p56-3.webp,,yes
Z-15GS-B,Wixim Micro Switch Z-15GS-B AC250V 15A,Wixim,Electrical & Lighting,Micro Switch,216.00,20,wixim-p56-3.webp,,yes
AM1307,Wixim Micro Switch AM1307 AC250V 15A,Wixim,Electrical & Lighting,Micro Switch,192.00,20,wixim-p56-4.webp,,yes
Z-15GQ-B,Wixim Micro Switch Z-15GQ-B AC250V 15A,Wixim,Electrical & Lighting,Micro Switch,240.00,20,wixim-p56-4.webp,,yes
AM1308,Wixim Micro Switch AM1308 AC250V 15A,Wixim,Electrical & Lighting,Micro Switch,204.00,20,wixim-p56-5.webp,,yes
Z-15GQ22-B,Wixim Micro Switch Z-15GQ22-B AC250V 15A,Wixim,Electrical & Lighting,Micro Switch,240.00,20,wixim-p56-5.webp,,yes
AM1301,Wixim Micro Switch AM1301 AC250V 15A,Wixim,Electrical & Lighting,Micro Switch,156.00,20,wixim-p56-6.webp,,yes
Z-15GL-B,Wixim Micro Switch Z-15GL-B AC250V 15A,Wixim,Electrical & Lighting,Micro Switch,204.00,20,wixim-p56-6.webp,,yes
AM1701,Wixim Micro Switch AM1701 AC250V 15A,Wixim,Electrical & Lighting,Micro Switch,180.00,20,wixim-p56-7.webp,,yes
Z-15GW-B,Wixim Micro Switch Z-15GW-B AC250V 15A,Wixim,Electrical & Lighting,Micro Switch,216.00,20,wixim-p56-7.webp,,yes
AM1702,Wixim Micro Switch AM1702 AC250V 15A,Wixim,Electrical & Lighting,Micro Switch,180.00,20,wixim-p56-8.webp,,yes
Z-15GW21-B,Wixim Micro Switch Z-15GW21-B AC250V 15A,Wixim,Electrical & Lighting,Micro Switch,216.00,20,wixim-p56-8.webp,,yes
AM1703,Wixim Micro Switch AM1703 AC250V 15A,Wixim,Electrical & Lighting,Micro Switch,180.00,20,wixim-p56-9.webp,,yes
Z-15GW2-B,Wixim Micro Switch Z-15GW2-B AC250V 15A,Wixim,Electrical & Lighting,Micro Switch,216.00,20,wixim-p56-9.webp,,yes
AM1704,Wixim Micro Switch AM1704 AC250V 15A,Wixim,Electrical & Lighting,Micro Switch,180.00,20,wixim-p56-10.webp,,yes
Z-15GW22-B,Wixim Micro Switch Z-15GW22-B AC250V 15A,Wixim,Electrical & Lighting,Micro Switch,216.00,20,wixim-p56-10.webp,,yes
D4C-1520,Wixim Enclosed Limit Switch D4C-1520 HD AC250V 5A IP67 1m cable,Wixim,Electrical & Lighting,Enclosed Switch,1032.00,20,wixim-p56-11.webp,,yes
D4C-1532,Wixim Enclosed Limit Switch D4C-1532 HD AC250V 5A IP67 1m cable,Wixim,Electrical & Lighting,Enclosed Switch,1032.00,20,wixim-p56-12.webp,,yes
D4C-1501,Wixim Enclosed Limit Switch D4C-1501 HD AC250V 5A IP67 1m cable,Wixim,Electrical & Lighting,Enclosed Switch,1032.00,20,wixim-p56-13.webp,,yes
D4C-1531,Wixim Enclosed Limit Switch D4C-1531 HD AC250V 5A IP67 1m cable,Wixim,Electrical & Lighting,Enclosed Switch,1032.00,20,wixim-p56-14.webp,,yes
D4C-1521,Wixim Enclosed Limit Switch D4C-1521 HD AC250V 5A IP67 1m cable,Wixim,Electrical & Lighting,Enclosed Switch,1032.00,20,wixim-p56-15.webp,,yes
D4C-1566,Wixim Enclosed Limit Switch D4C-1566 HD AC250V 5A IP67 1m cable,Wixim,Electrical & Lighting,Enclosed Switch,1032.00,20,wixim-p56-16.webp,,yes
V-15-1C25,Wixim Micro Switch V-15-1C25 HD AC250V 10A,Wixim,Electrical & Lighting,Micro Switch,48.00,20,wixim-p56-17.webp,,yes
V-151-1C25,Wixim Micro Switch V-151-1C25 HD AC250V 10A,Wixim,Electrical & Lighting,Micro Switch,48.00,20,wixim-p56-18.webp,,yes
V-152-1C25,Wixim Micro Switch V-152-1C25 HD AC250V 10A,Wixim,Electrical & Lighting,Micro Switch,48.00,20,wixim-p56-19.webp,,yes
V-153-1C25,Wixim Micro Switch V-153-1C25 HD AC250V 10A,Wixim,Electrical & Lighting,Micro Switch,48.00,20,wixim-p56-20.webp,,yes
V-155-1C25,Wixim Micro Switch V-155-1C25 HD AC250V 10A,Wixim,Electrical & Lighting,Micro Switch,48.00,20,wixim-p56-21.webp,,yes
V-156-1C25,Wixim Micro Switch V-156-1C25 HD AC250V 10A,Wixim,Electrical & Lighting,Micro Switch,48.00,20,wixim-p56-22.webp,,yes
HL-5100,Wixim Limit Switch HL-5100 AC250V 5A IP65,Wixim,Electrical & Lighting,Limit Switch,576.00,20,wixim-p57-1.webp,,yes
HL-5100-HD,Wixim Limit Switch HL-5100 HD Heavy Duty AC250V 5A IP65,Wixim,Electrical & Lighting,Limit Switch,720.00,20,wixim-p57-1.webp,,yes
HL-5200,Wixim Limit Switch HL-5200 AC250V 5A IP65,Wixim,Electrical & Lighting,Limit Switch,576.00,20,wixim-p57-2.webp,,yes
HL-5200-HD,Wixim Limit Switch HL-5200 HD Heavy Duty AC250V 5A IP65,Wixim,Electrical & Lighting,Limit Switch,720.00,20,wixim-p57-2.webp,,yes
HL-5000,Wixim Limit Switch HL-5000 AC250V 5A IP65,Wixim,Electrical & Lighting,Limit Switch,576.00,20,wixim-p57-3.webp,,yes
HL-5000-HD,Wixim Limit Switch HL-5000 HD Heavy Duty AC250V 5A IP65,Wixim,Electrical & Lighting,Limit Switch,720.00,20,wixim-p57-3.webp,,yes
HL-5050,Wixim Limit Switch HL-5050 AC250V 5A IP65,Wixim,Electrical & Lighting,Limit Switch,576.00,20,wixim-p57-4.webp,,yes
HL-5050-HD,Wixim Limit Switch HL-5050 HD Heavy Duty AC250V 5A IP65,Wixim,Electrical & Lighting,Limit Switch,720.00,20,wixim-p57-4.webp,,yes
HL-5030,Wixim Limit Switch HL-5030 AC250V 5A IP65,Wixim,Electrical & Lighting,Limit Switch,576.00,20,wixim-p57-5.webp,,yes
HL-5030-HD,Wixim Limit Switch HL-5030 HD Heavy Duty AC250V 5A IP65,Wixim,Electrical & Lighting,Limit Switch,720.00,20,wixim-p57-5.webp,,yes
HL-5300,Wixim Limit Switch HL-5300 AC250V 5A IP65,Wixim,Electrical & Lighting,Limit Switch,576.00,20,wixim-p57-6.webp,,yes
HL-5300-HD,Wixim Limit Switch HL-5300 HD Heavy Duty AC250V 5A IP65,Wixim,Electrical & Lighting,Limit Switch,720.00,20,wixim-p57-6.webp,,yes
AZ-7310,Wixim Limit Switch AZ-7310 AC250V 5A IP67,Wixim,Electrical & Lighting,Limit Switch,240.00,20,wixim-p57-7.webp,,yes
D4MC-5000,Wixim Limit Switch D4MC-5000 AC250V 5A IP67,Wixim,Electrical & Lighting,Limit Switch,300.00,20,wixim-p57-7.webp,,yes
AZ-7311,Wixim Limit Switch AZ-7311 AC250V 5A IP67,Wixim,Electrical & Lighting,Limit Switch,240.00,20,wixim-p57-8.webp,,yes
D4MC-5020,Wixim Limit Switch D4MC-5020 AC250V 5A IP67,Wixim,Electrical & Lighting,Limit Switch,300.00,20,wixim-p57-8.webp,,yes
AZ-7312,Wixim Limit Switch AZ-7312 AC250V 5A IP67,Wixim,Electrical & Lighting,Limit Switch,240.00,20,wixim-p57-9.webp,,yes
D4MC-5040,Wixim Limit Switch D4MC-5040 AC250V 5A IP67,Wixim,Electrical & Lighting,Limit Switch,300.00,20,wixim-p57-9.webp,,yes
AZ-7120,Wixim Limit Switch AZ-7120 AC250V 5A IP67,Wixim,Electrical & Lighting,Limit Switch,240.00,20,wixim-p57-10.webp,,yes
D4MC-1000,Wixim Limit Switch D4MC-1000 AC250V 5A IP67,Wixim,Electrical & Lighting,Limit Switch,300.00,20,wixim-p57-10.webp,,yes
AZ-7140,Wixim Limit Switch AZ-7140 AC250V 5A IP67,Wixim,Electrical & Lighting,Limit Switch,240.00,20,wixim-p57-11.webp,,yes
D4MC-1020,Wixim Limit Switch D4MC-1020 AC250V 5A IP67,Wixim,Electrical & Lighting,Limit Switch,300.00,20,wixim-p57-11.webp,,yes
AZ-7121,Wixim Limit Switch AZ-7121 AC250V 5A IP67,Wixim,Electrical & Lighting,Limit Switch,240.00,20,wixim-p57-12.webp,,yes
D4MC-2000,Wixim Limit Switch D4MC-2000 AC250V 5A IP67,Wixim,Electrical & Lighting,Limit Switch,300.00,20,wixim-p57-12.webp,,yes
AZ-7141,Wixim Limit Switch AZ-7141 AC250V 5A IP67,Wixim,Electrical & Lighting,Limit Switch,240.00,20,wixim-p57-13.webp,,yes
D4MC-2020,Wixim Limit Switch D4MC-2020 AC250V 5A IP67,Wixim,Electrical & Lighting,Limit Switch,300.00,20,wixim-p57-13.webp,,yes
AZ-7144,Wixim Limit Switch AZ-7144 AC250V 5A IP67,Wixim,Electrical & Lighting,Limit Switch,240.00,20,wixim-p57-14.webp,,yes
D4MC-3030,Wixim Limit Switch D4MC-3030 AC250V 5A IP67,Wixim,Electrical & Lighting,Limit Switch,300.00,20,wixim-p57-14.webp,,yes
AZ-7124,Wixim Limit Switch AZ-7124 AC250V 5A IP67,Wixim,Electrical & Lighting,Limit Switch,240.00,20,wixim-p57-14.webp,,yes
AZ-7100,Wixim Limit Switch AZ-7100 AC250V 5A IP67,Wixim,Electrical & Lighting,Limit Switch,240.00,20,wixim-p57-15.webp,,yes
AZ-7166,Wixim Limit Switch AZ-7166 AC250V 5A IP67,Wixim,Electrical & Lighting,Limit Switch,240.00,20,wixim-p57-16.webp,,yes
AZ-7100-HD,Wixim Limit Switch AZ-7100 HD Heavy Duty AC250V 5A IP67,Wixim,Electrical & Lighting,Limit Switch,300.00,20,wixim-p57-15.webp,,yes
AZ-7166-HD,Wixim Limit Switch AZ-7166 HD Heavy Duty AC250V 5A IP67,Wixim,Electrical & Lighting,Limit Switch,300.00,20,wixim-p57-16.webp,,yes
WX-1021,Wixim Toggle Switch 1021 ON-OFF SPST AC250V 15A,Wixim,Electrical & Lighting,Toggle Switch,67.20,20,wixim-p57-17.webp,,yes
WX-1121,Wixim Toggle Switch 1121 ON-ON SPDT AC250V 15A,Wixim,Electrical & Lighting,Toggle Switch,67.20,20,wixim-p57-18.webp,,yes
WX-1122,Wixim Toggle Switch 1122 ON-OFF-ON SPDT AC250V 15A,Wixim,Electrical & Lighting,Toggle Switch,67.20,20,wixim-p57-19.webp,,yes
WX-1221,Wixim Toggle Switch 1221 ON-OFF DPST AC250V 15A,Wixim,Electrical & Lighting,Toggle Switch,79.20,20,wixim-p57-20.webp,,yes
WX-1321,Wixim Toggle Switch 1321 ON-ON DPDT AC250V 15A,Wixim,Electrical & Lighting,Toggle Switch,79.20,20,wixim-p57-21.webp,,yes
WX-1322,Wixim Toggle Switch 1322 ON-OFF-ON DPDT AC250V 15A,Wixim,Electrical & Lighting,Toggle Switch,79.20,20,wixim-p57-22.webp,,yes
CV33,Wixim Voltmeter Switch CV33 3P3W 2 Stages AC660V 16A,Wixim,Electrical & Lighting,Cam Switch,624.00,20,wixim-p58-1.webp,,yes
CV34,Wixim Voltmeter Switch CV34 3P4W 3 Stages AC660V 16A,Wixim,Electrical & Lighting,Cam Switch,624.00,20,wixim-p58-1.webp,,yes
CA33,Wixim Ammeter Switch CA33 3P3W 2 Stages 2CT AC660V 16A,Wixim,Electrical & Lighting,Cam Switch,624.00,20,wixim-p58-2.webp,,yes
CA34,Wixim Ammeter Switch CA34 3P4W 3 Stages 3CT AC660V 16A,Wixim,Electrical & Lighting,Cam Switch,624.00,20,wixim-p58-2.webp,,yes
CA099,Wixim Cam Switch CA099 20A 3P ON-OFF AC660V 48x48mm,Wixim,Electrical & Lighting,Cam Switch,624.00,20,wixim-p58-3.webp,,yes
CA111,Wixim Cam Switch CA111 20A 3P ON-OFF-ON AC660V 48x48mm,Wixim,Electrical & Lighting,Cam Switch,624.00,20,wixim-p58-4.webp,,yes
C32-099,Wixim Cam Switch C32-099 32A 3P ON-OFF AC660V 64x64mm,Wixim,Electrical & Lighting,Cam Switch,1200.00,20,wixim-p58-5.webp,,yes
C63-099,Wixim Cam Switch C63-099 63A 3P ON-OFF AC660V 64x64mm,Wixim,Electrical & Lighting,Cam Switch,1440.00,20,wixim-p58-6.webp,,yes
C32-111,Wixim Change-over Switch C32-111 32A 3P ON-OFF-ON 64x64mm,Wixim,Electrical & Lighting,Change-over Switch,1440.00,20,wixim-p58-7.webp,,yes
C63-111,Wixim Change-over Switch C63-111 63A 3P ON-OFF-ON 64x64mm,Wixim,Electrical & Lighting,Change-over Switch,1800.00,20,wixim-p58-8.webp,,yes
CAM-SW-BOX-IP65,Wixim Waterproof Box for Cam Switch IP65,Wixim,Electrical & Lighting,Cam Switch,504.00,20,wixim-p58-9.webp,,yes
RSD-16A,Wixim Isolation Disconnect Switch RSD-16A 3P ON-OFF AC660V,Wixim,Electrical & Lighting,Isolation Switch,900.00,20,wixim-p58-10.webp,,yes
RSD-20A,Wixim Isolation Disconnect Switch RSD-20A 3P ON-OFF AC660V,Wixim,Electrical & Lighting,Isolation Switch,900.00,20,wixim-p58-10.webp,,yes
RSD-25A,Wixim Isolation Disconnect Switch RSD-25A 3P ON-OFF AC660V,Wixim,Electrical & Lighting,Isolation Switch,1056.00,20,wixim-p58-10.webp,,yes
RSD-32A,Wixim Isolation Disconnect Switch RSD-32A 3P ON-OFF AC660V,Wixim,Electrical & Lighting,Isolation Switch,1056.00,20,wixim-p58-10.webp,,yes
RSD-40A,Wixim Isolation Disconnect Switch RSD-40A 3P ON-OFF AC660V,Wixim,Electrical & Lighting,Isolation Switch,1380.00,20,wixim-p58-10.webp,,yes
RSD-63A,Wixim Isolation Disconnect Switch RSD-63A 3P ON-OFF AC660V,Wixim,Electrical & Lighting,Isolation Switch,1584.00,20,wixim-p58-10.webp,,yes
RSD-80A,Wixim Isolation Disconnect Switch RSD-80A 3P ON-OFF AC660V,Wixim,Electrical & Lighting,Isolation Switch,1980.00,20,wixim-p58-10.webp,,yes
RSD-100A,Wixim Isolation Disconnect Switch RSD-100A 3P ON-OFF AC660V,Wixim,Electrical & Lighting,Isolation Switch,2352.00,20,wixim-p58-10.webp,,yes
UKP-20A-3P,Wixim Isolation Disconnect Switch Enclosed IP65 UKP-20A 3P 100x80mm,Wixim,Electrical & Lighting,Isolation Switch,1032.00,20,wixim-p58-11.webp,,yes
UKP-20A-4P,Wixim Isolation Disconnect Switch Enclosed IP65 UKP-20A 4P 100x80mm,Wixim,Electrical & Lighting,Isolation Switch,1176.00,20,wixim-p58-11.webp,,yes
UKP-32A-3P,Wixim Isolation Disconnect Switch Enclosed IP65 UKP-32A 3P 125x100mm,Wixim,Electrical & Lighting,Isolation Switch,1320.00,20,wixim-p58-12.webp,,yes
UKP-32A-4P,Wixim Isolation Disconnect Switch Enclosed IP65 UKP-32A 4P 125x100mm,Wixim,Electrical & Lighting,Isolation Switch,1440.00,20,wixim-p58-12.webp,,yes
UKP-63A-3P,Wixim Isolation Disconnect Switch Enclosed IP65 UKP-63A 3P 175x115mm,Wixim,Electrical & Lighting,Isolation Switch,1980.00,20,wixim-p58-13.webp,,yes
UKP-63A-4P,Wixim Isolation Disconnect Switch Enclosed IP65 UKP-63A 4P 175x115mm,Wixim,Electrical & Lighting,Isolation Switch,2400.00,20,wixim-p58-13.webp,,yes
UKP-80A-3P,Wixim Isolation Disconnect Switch Enclosed IP65 UKP-80A 3P,Wixim,Electrical & Lighting,Isolation Switch,4680.00,20,wixim-p58-13.webp,,yes
UKP-80A-4P,Wixim Isolation Disconnect Switch Enclosed IP65 UKP-80A 4P,Wixim,Electrical & Lighting,Isolation Switch,5160.00,20,wixim-p58-13.webp,,yes
UKP-100A-3P,Wixim Isolation Disconnect Switch Enclosed IP65 UKP-100A 3P,Wixim,Electrical & Lighting,Isolation Switch,4920.00,20,wixim-p58-13.webp,,yes
UKP-100A-4P,Wixim Isolation Disconnect Switch Enclosed IP65 UKP-100A 4P,Wixim,Electrical & Lighting,Isolation Switch,5400.00,20,wixim-p58-13.webp,,yes
FS-101-1P,Wixim Din Rail Fuse Box FS-101 1P w/Fuse 10A & Neon Lamp,Wixim,Electrical & Lighting,Fuse Box,48.00,20,wixim-p59-1.webp,,yes
FS-102,Wixim Din Rail Fuse Box FS-102 2P w/Fuse 10A & Neon Lamp,Wixim,Electrical & Lighting,Fuse Box,96.00,20,wixim-p59-2.webp,,yes
FS-101-3P,Wixim Din Rail Fuse Box FS-101 3P w/Fuse 10A & Neon Lamp,Wixim,Electrical & Lighting,Fuse Box,144.00,20,wixim-p59-3.webp,,yes
BLX-1,Wixim Panel Fuse Holder BLX-1 Ø5x20,Wixim,Electrical & Lighting,Fuse Box,14.40,20,wixim-p59-4.webp,,yes
BLX-6X30,Wixim Panel Fuse Holder BLX Ø6x30,Wixim,Electrical & Lighting,Fuse Box,16.80,20,wixim-p59-5.webp,,yes
DS-438,Wixim Push Button Micro Switch DS-438,Wixim,Electrical & Lighting,Micro Switch,72.00,20,wixim-p59-6.webp,,yes
DS-316,Wixim Push Switch DS-316 Ø10mm,Wixim,Electrical & Lighting,Push Switch,14.40,20,wixim-p59-7.webp,,yes
DS-313,Wixim Push Switch DS-313 Ø12mm,Wixim,Electrical & Lighting,Push Switch,14.40,20,wixim-p59-8.webp,,yes
DS-212,Wixim Push Switch DS-212 1NC Ø16mm,Wixim,Electrical & Lighting,Push Switch,24.00,20,wixim-p59-9.webp,,yes
KCD1-101,Wixim Rocker Switch KCD1-101 2Pin AC250V 16A 21x15mm,Wixim,Electrical & Lighting,Rocker Switch,16.80,20,wixim-p59-10.webp,,yes
KCD1-102,Wixim Rocker Switch KCD1-102 3Pin AC250V 16A 21x15mm,Wixim,Electrical & Lighting,Rocker Switch,19.20,20,wixim-p59-11.webp,,yes
KCD8-201N,Wixim Rocker Switch KCD8-201N 6Pin AC250V 16A,Wixim,Electrical & Lighting,Rocker Switch,26.40,20,wixim-p59-12.webp,,yes
KCD10-102N,Wixim Rocker Switch KCD10-102N 3Pin AC250V 16A Ø23x18mm,Wixim,Electrical & Lighting,Rocker Switch,26.40,20,wixim-p59-13.webp,,yes
KCD2-101N,Wixim Rocker Switch with Light KCD2-101N 2Pin AC250V 16A 30.5x13.5mm,Wixim,Electrical & Lighting,Rocker Switch,21.60,20,wixim-p59-14.webp,,yes
KCD2-102N,Wixim Rocker Switch with Light KCD2-102N 3Pin AC250V 16A 30.5x13.5mm,Wixim,Electrical & Lighting,Rocker Switch,24.00,20,wixim-p59-15.webp,,yes
KCD2-103N,Wixim Rocker Switch with Light KCD2-103N 3Pin AC250V 16A 30.5x13.5mm,Wixim,Electrical & Lighting,Rocker Switch,26.40,20,wixim-p59-16.webp,,yes
KCD2-203N,Wixim Rocker Switch with Light KCD2-203N 6Pin AC250V 16A,Wixim,Electrical & Lighting,Rocker Switch,50.40,20,wixim-p59-17.webp,,yes
KCD4-201N,Wixim Rocker Switch with Light KCD4-201N 4Pin AC250V 16A 31x25mm,Wixim,Electrical & Lighting,Rocker Switch,31.20,20,wixim-p59-18.webp,,yes
KCD4-202N,Wixim Rocker Switch with Light KCD4-202N 6Pin AC250V 16A 31x25mm,Wixim,Electrical & Lighting,Rocker Switch,36.00,20,wixim-p59-19.webp,,yes
KCD4-203,Wixim Rocker Switch with Light KCD4-203 6Pin AC250V 16A 31x25mm,Wixim,Electrical & Lighting,Rocker Switch,40.80,20,wixim-p59-20.webp,,yes
AS-05N,Wixim AC Solenoid Push-Pull AS-05N 0.5Kg,Wixim,Electrical & Lighting,AC Solenoid,912.00,20,wixim-p59-21.webp,,yes
AS-5N,Wixim AC Solenoid Push-Pull AS-5N 1Kg,Wixim,Electrical & Lighting,AC Solenoid,1152.00,20,wixim-p59-22.webp,,yes
AS-10N,Wixim AC Solenoid Push-Pull AS-10N 1.5Kg,Wixim,Electrical & Lighting,AC Solenoid,1560.00,20,wixim-p59-23.webp,,yes
AS-15N,Wixim AC Solenoid Push-Pull AS-15N 2Kg,Wixim,Electrical & Lighting,AC Solenoid,1920.00,20,wixim-p59-24.webp,,yes
AS-20N,Wixim AC Solenoid Push-Pull AS-20N 3Kg,Wixim,Electrical & Lighting,AC Solenoid,2160.00,20,wixim-p59-25.webp,,yes
AS-30N,Wixim AC Solenoid Push-Pull AS-30N 5Kg,Wixim,Electrical & Lighting,AC Solenoid,2400.00,20,wixim-p59-26.webp,,yes
AS-45N,Wixim AC Solenoid Push-Pull AS-45N 7Kg,Wixim,Electrical & Lighting,AC Solenoid,5640.00,20,wixim-p59-27.webp,,yes
AS-50N,Wixim AC Solenoid Push-Pull AS-50N 10Kg,Wixim,Electrical & Lighting,AC Solenoid,14400.00,20,wixim-p59-27.webp,,yes
CT-2515,Wixim Metal Enclosure CT-2515 200x250x150mm (8x10x6 in) IP65,Wixim,Electrical & Lighting,Metal Enclosure,1860.00,20,wixim-p60-1.webp,,yes
CT-2315,Wixim Metal Enclosure CT-2315 200x300x150mm (8x12x6 in) IP65,Wixim,Electrical & Lighting,Metal Enclosure,1920.00,20,wixim-p60-1.webp,,yes
CT-25315,Wixim Metal Enclosure CT-25315 250x300x150mm (10x12x6 in) IP65,Wixim,Electrical & Lighting,Metal Enclosure,2040.00,20,wixim-p60-1.webp,,yes
CT-25355,Wixim Metal Enclosure CT-25355 250x350x150mm (10x14x6 in) IP65,Wixim,Electrical & Lighting,Metal Enclosure,2280.00,20,wixim-p60-1.webp,,yes
CT-25317,Wixim Metal Enclosure CT-25317 250x350x170mm (10x14x6.8 in) IP65,Wixim,Electrical & Lighting,Metal Enclosure,2400.00,20,wixim-p60-1.webp,,yes
CT-3315,Wixim Metal Enclosure CT-3315 300x300x150mm (12x12x6 in) IP65,Wixim,Electrical & Lighting,Metal Enclosure,2400.00,20,wixim-p60-1.webp,,yes
CT-3415,Wixim Metal Enclosure CT-3415 300x400x150mm (12x16x6 in) IP65,Wixim,Electrical & Lighting,Metal Enclosure,2760.00,20,wixim-p60-1.webp,,yes
CT-3417,Wixim Metal Enclosure CT-3417 300x400x170mm (12x16x6.8 in) IP65,Wixim,Electrical & Lighting,Metal Enclosure,2880.00,20,wixim-p60-1.webp,,yes
CT-3420,Wixim Metal Enclosure CT-3420 300x400x200mm (12x16x8 in) IP65,Wixim,Electrical & Lighting,Metal Enclosure,3000.00,20,wixim-p60-1.webp,,yes
CT-3520,Wixim Metal Enclosure CT-3520 300x500x200mm (12x20x8 in) IP65,Wixim,Electrical & Lighting,Metal Enclosure,3780.00,20,wixim-p60-1.webp,,yes
CT-3542,Wixim Metal Enclosure CT-3542 350x450x200mm (14x18x8 in) IP65,Wixim,Electrical & Lighting,Metal Enclosure,3600.00,20,wixim-p60-1.webp,,yes
CT-4420,Wixim Metal Enclosure CT-4420 400x400x200mm (16x16x8 in) IP65,Wixim,Electrical & Lighting,Metal Enclosure,3900.00,20,wixim-p60-1.webp,,yes
CT-4515,Wixim Metal Enclosure CT-4515 400x500x150mm (16x20x6 in) IP65,Wixim,Electrical & Lighting,Metal Enclosure,4440.00,20,wixim-p60-1.webp,,yes
CT-4520,Wixim Metal Enclosure CT-4520 400x500x200mm (16x20x8 in) IP65,Wixim,Electrical & Lighting,Metal Enclosure,4680.00,20,wixim-p60-1.webp,,yes
CT-4620,Wixim Metal Enclosure CT-4620 400x600x200mm (16x24x8 in) IP65,Wixim,Electrical & Lighting,Metal Enclosure,5400.00,20,wixim-p60-1.webp,,yes
CT-4625,Wixim Metal Enclosure CT-4625 400x600x250mm (16x24x10 in) IP65,Wixim,Electrical & Lighting,Metal Enclosure,5940.00,20,wixim-p60-1.webp,,yes
CT-4630,Wixim Metal Enclosure CT-4630 400x600x300mm (16x24x12 in) IP65,Wixim,Electrical & Lighting,Metal Enclosure,8040.00,20,wixim-p60-1.webp,,yes
CT-4520-450X550X200,Wixim Metal Enclosure CT-4520 450x550x200mm (18x22x8 in) IP65,Wixim,Electrical & Lighting,Metal Enclosure,5760.00,20,wixim-p60-1.webp,,yes
CT-4562,Wixim Metal Enclosure CT-4562 450x600x200mm (18x24x8 in) IP65,Wixim,Electrical & Lighting,Metal Enclosure,6000.00,20,wixim-p60-1.webp,,yes
CT-5520,Wixim Metal Enclosure CT-5520 500x500x200mm (20x20x8 in) IP65,Wixim,Electrical & Lighting,Metal Enclosure,6000.00,20,wixim-p60-1.webp,,yes
CT-5620,Wixim Metal Enclosure CT-5620 500x600x200mm (20x24x8 in) IP65,Wixim,Electrical & Lighting,Metal Enclosure,6120.00,20,wixim-p60-1.webp,,yes
CT-5625,Wixim Metal Enclosure CT-5625 500x600x250mm (20x24x10 in) IP65,Wixim,Electrical & Lighting,Metal Enclosure,6360.00,20,wixim-p60-1.webp,,yes
CT-5630,Wixim Metal Enclosure CT-5630 500x600x300mm (20x24x12 in) IP65,Wixim,Electrical & Lighting,Metal Enclosure,9360.00,20,wixim-p60-1.webp,,yes
CT-5720,Wixim Metal Enclosure CT-5720 500x700x200mm (20x28x8 in) IP65,Wixim,Electrical & Lighting,Metal Enclosure,6960.00,20,wixim-p60-1.webp,,yes
CT-5725,Wixim Metal Enclosure CT-5725 500x700x250mm (20x28x10 in) IP65,Wixim,Electrical & Lighting,Metal Enclosure,7800.00,20,wixim-p60-1.webp,,yes
CT-5730,Wixim Metal Enclosure CT-5730 500x700x300mm (20x28x12 in) IP65,Wixim,Electrical & Lighting,Metal Enclosure,9840.00,20,wixim-p60-1.webp,,yes
CT-6625,Wixim Metal Enclosure CT-6625 600x600x250mm (24x24x10 in) IP65,Wixim,Electrical & Lighting,Metal Enclosure,8520.00,20,wixim-p60-1.webp,,yes
CT-6630,Wixim Metal Enclosure CT-6630 600x600x300mm (24x24x12 in) IP65,Wixim,Electrical & Lighting,Metal Enclosure,10680.00,20,wixim-p60-1.webp,,yes
CT-6730,Wixim Metal Enclosure CT-6730 600x700x300mm (24x28x12 in) IP65,Wixim,Electrical & Lighting,Metal Enclosure,12600.00,20,wixim-p60-1.webp,,yes
CT-6820,Wixim Metal Enclosure CT-6820 600x800x200mm (24x32x8 in) IP65,Wixim,Electrical & Lighting,Metal Enclosure,9600.00,20,wixim-p60-1.webp,,yes
CT-6825,Wixim Metal Enclosure CT-6825 600x800x250mm (24x32x10 in) IP65,Wixim,Electrical & Lighting,Metal Enclosure,11280.00,20,wixim-p60-1.webp,,yes
CT-6830,Wixim Metal Enclosure CT-6830 600x800x300mm (24x32x12 in) IP65,Wixim,Electrical & Lighting,Metal Enclosure,15000.00,20,wixim-p60-1.webp,,yes
CT-8830,Wixim Metal Enclosure CT-8830 800x800x300mm (32x32x12 in) IP65,Wixim,Electrical & Lighting,Metal Enclosure,16560.00,20,wixim-p60-1.webp,,yes
CT-81030,Wixim Metal Enclosure CT-81030 800x1000x300mm (32x40x12 in) IP65,Wixim,Electrical & Lighting,Metal Enclosure,18600.00,20,wixim-p60-1.webp,,yes
CT-81230,Wixim Metal Enclosure CT-81230 800x1200x300mm (32x48x12 in) IP65,Wixim,Electrical & Lighting,Metal Enclosure,20400.00,20,wixim-p60-1.webp,,yes
CT-101230,Wixim Metal Enclosure CT-101230 1000x1200x300mm (40x48x12 in) IP65,Wixim,Electrical & Lighting,Metal Enclosure,26400.00,20,wixim-p60-1.webp,,yes
TJ-MG-2030-S,Wixim Plastic Enclosure TJ-MG-2030-S 200x300x150mm Latch & Hinge ABS Grey Cover,Wixim,Electrical & Lighting,Plastic Enclosure,3000.00,20,wixim-p61-1.webp,,yes
TJ-MG-2030,Wixim Plastic Enclosure TJ-MG-2030 200x300x180mm Latch & Hinge ABS Grey Cover,Wixim,Electrical & Lighting,Plastic Enclosure,3360.00,20,wixim-p61-1.webp,,yes
TJ-MG-3030,Wixim Plastic Enclosure TJ-MG-3030 300x300x180mm Latch & Hinge ABS Grey Cover,Wixim,Electrical & Lighting,Plastic Enclosure,4320.00,20,wixim-p61-1.webp,,yes
TJ-MG-3040,Wixim Plastic Enclosure TJ-MG-3040 300x400x180mm Latch & Hinge ABS Grey Cover,Wixim,Electrical & Lighting,Plastic Enclosure,5880.00,20,wixim-p61-1.webp,,yes
TJ-MG-4050-1,Wixim Plastic Enclosure TJ-MG-4050-1 400x500x160mm Latch & Hinge ABS Grey Cover,Wixim,Electrical & Lighting,Plastic Enclosure,8280.00,20,wixim-p61-1.webp,,yes
TJ-MG-4050,Wixim Plastic Enclosure TJ-MG-4050 400x500x200mm Latch & Hinge ABS Grey Cover,Wixim,Electrical & Lighting,Plastic Enclosure,9360.00,20,wixim-p61-1.webp,,yes
TJ-MG-4060,Wixim Plastic Enclosure TJ-MG-4060 400x600x220mm Latch & Hinge ABS Grey Cover,Wixim,Electrical & Lighting,Plastic Enclosure,10560.00,20,wixim-p61-1.webp,,yes
TJ-MG-5060,Wixim Plastic Enclosure TJ-MG-5060 500x600x200mm Latch & Hinge ABS Grey Cover,Wixim,Electrical & Lighting,Plastic Enclosure,12600.00,20,wixim-p61-1.webp,,yes
TIP-54,Wixim Plastic Enclosure TIP-54 400x500x200mm Latch & Hinge Polyester ABS Grey Cover,Wixim,Electrical & Lighting,Plastic Enclosure,8520.00,20,wixim-p61-1.webp,,yes
TIP-64,Wixim Plastic Enclosure TIP-64 400x600x230mm Latch & Hinge Polyester ABS Grey Cover,Wixim,Electrical & Lighting,Plastic Enclosure,9600.00,20,wixim-p61-1.webp,,yes
TIP-65,Wixim Plastic Enclosure TIP-65 500x600x230mm Latch & Hinge Polyester ABS Grey Cover,Wixim,Electrical & Lighting,Plastic Enclosure,13200.00,20,wixim-p61-1.webp,,yes
TIP-85,Wixim Plastic Enclosure TIP-85 600x800x300mm Latch & Hinge Polyester ABS Grey Cover,Wixim,Electrical & Lighting,Plastic Enclosure,14400.00,20,wixim-p61-1.webp,,yes
TJ-AG-1928,Wixim Plastic Enclosure TJ-AG-1928 190x280x130mm Screw Type ABS Grey Cover,Wixim,Electrical & Lighting,Plastic Enclosure,1680.00,20,wixim-p62-1.webp,,yes
TJ-AG-1928-1,Wixim Plastic Enclosure TJ-AG-1928-1 190x280x180mm Screw Type ABS Grey Cover,Wixim,Electrical & Lighting,Plastic Enclosure,2064.00,20,wixim-p62-1.webp,,yes
TJ-AG-2828,Wixim Plastic Enclosure TJ-AG-2828 280x280x130mm Screw Type ABS Grey Cover,Wixim,Electrical & Lighting,Plastic Enclosure,2100.00,20,wixim-p62-1.webp,,yes
TJ-AG-2828-1,Wixim Plastic Enclosure TJ-AG-2828-1 280x280x180mm Screw Type ABS Grey Cover,Wixim,Electrical & Lighting,Plastic Enclosure,2640.00,20,wixim-p62-1.webp,,yes
TJ-AG-2834,Wixim Plastic Enclosure TJ-AG-2834 280x340x130mm Screw Type ABS Grey Cover,Wixim,Electrical & Lighting,Plastic Enclosure,2640.00,20,wixim-p62-1.webp,,yes
TJ-AG-2834-1,Wixim Plastic Enclosure TJ-AG-2834-1 280x340x180mm Screw Type ABS Grey Cover,Wixim,Electrical & Lighting,Plastic Enclosure,3240.00,20,wixim-p62-1.webp,,yes
TJ-AG-2838,Wixim Plastic Enclosure TJ-AG-2838 280x380x130mm Screw Type ABS Grey Cover,Wixim,Electrical & Lighting,Plastic Enclosure,3120.00,20,wixim-p62-1.webp,,yes
TJ-AG-2838-1,Wixim Plastic Enclosure TJ-AG-2838-1 280x380x180mm Screw Type ABS Grey Cover,Wixim,Electrical & Lighting,Plastic Enclosure,3528.00,20,wixim-p62-1.webp,,yes
TJ-AG-3080,Wixim Plastic Enclosure TJ-AG-3080 300x380x120mm Screw Type ABS Grey Cover,Wixim,Electrical & Lighting,Plastic Enclosure,2340.00,20,wixim-p62-1.webp,,yes
TJ-MT-2030-S,Wixim Plastic Enclosure TJ-MT-2030-S 200x300x150mm Latch & Hinge PC Transparent Cover,Wixim,Electrical & Lighting,Plastic Enclosure,3600.00,20,wixim-p61-2.webp,,yes
TJ-MT-2030,Wixim Plastic Enclosure TJ-MT-2030 200x300x180mm Latch & Hinge PC Transparent Cover,Wixim,Electrical & Lighting,Plastic Enclosure,3960.00,20,wixim-p61-2.webp,,yes
TJ-MT-3030,Wixim Plastic Enclosure TJ-MT-3030 300x300x180mm Latch & Hinge PC Transparent Cover,Wixim,Electrical & Lighting,Plastic Enclosure,4800.00,20,wixim-p61-2.webp,,yes
TJ-MT-3040,Wixim Plastic Enclosure TJ-MT-3040 300x400x180mm Latch & Hinge PC Transparent Cover,Wixim,Electrical & Lighting,Plastic Enclosure,6600.00,20,wixim-p61-2.webp,,yes
TJ-MT-4050-1,Wixim Plastic Enclosure TJ-MT-4050-1 400x500x160mm Latch & Hinge PC Transparent Cover,Wixim,Electrical & Lighting,Plastic Enclosure,9600.00,20,wixim-p61-2.webp,,yes
TJ-MT-4050,Wixim Plastic Enclosure TJ-MT-4050 400x500x200mm Latch & Hinge PC Transparent Cover,Wixim,Electrical & Lighting,Plastic Enclosure,10080.00,20,wixim-p61-2.webp,,yes
TJ-MT-4060,Wixim Plastic Enclosure TJ-MT-4060 400x600x220mm Latch & Hinge PC Transparent Cover,Wixim,Electrical & Lighting,Plastic Enclosure,10800.00,20,wixim-p61-2.webp,,yes
TJ-MT-5060,Wixim Plastic Enclosure TJ-MT-5060 500x600x200mm Latch & Hinge PC Transparent Cover,Wixim,Electrical & Lighting,Plastic Enclosure,13800.00,20,wixim-p61-2.webp,,yes
TX-54,Wixim Plastic Enclosure TX-54 400x500x200mm Latch & Hinge Polyester PC Transparent Cover,Wixim,Electrical & Lighting,Plastic Enclosure,10080.00,20,wixim-p61-2.webp,,yes
TX-64,Wixim Plastic Enclosure TX-64 400x600x230mm Latch & Hinge Polyester PC Transparent Cover,Wixim,Electrical & Lighting,Plastic Enclosure,13200.00,20,wixim-p61-2.webp,,yes
TX-65,Wixim Plastic Enclosure TX-65 500x600x230mm Latch & Hinge Polyester PC Transparent Cover,Wixim,Electrical & Lighting,Plastic Enclosure,15360.00,20,wixim-p61-2.webp,,yes
TX-85,Wixim Plastic Enclosure TX-85 600x800x300mm Latch & Hinge Polyester PC Transparent Cover,Wixim,Electrical & Lighting,Plastic Enclosure,18000.00,20,wixim-p61-2.webp,,yes
TJ-AT-1928,Wixim Plastic Enclosure TJ-AT-1928 190x280x130mm Screw Type PC Transparent Cover,Wixim,Electrical & Lighting,Plastic Enclosure,2280.00,20,wixim-p62-1.webp,,yes
TJ-AT-1928-1,Wixim Plastic Enclosure TJ-AT-1928-1 190x280x180mm Screw Type PC Transparent Cover,Wixim,Electrical & Lighting,Plastic Enclosure,2760.00,20,wixim-p62-1.webp,,yes
TJ-AT-2828,Wixim Plastic Enclosure TJ-AT-2828 280x280x130mm Screw Type PC Transparent Cover,Wixim,Electrical & Lighting,Plastic Enclosure,2880.00,20,wixim-p62-1.webp,,yes
TJ-AT-2828-1,Wixim Plastic Enclosure TJ-AT-2828-1 280x280x180mm Screw Type PC Transparent Cover,Wixim,Electrical & Lighting,Plastic Enclosure,3600.00,20,wixim-p62-1.webp,,yes
TJ-AT-2834,Wixim Plastic Enclosure TJ-AT-2834 280x340x130mm Screw Type PC Transparent Cover,Wixim,Electrical & Lighting,Plastic Enclosure,3600.00,20,wixim-p62-1.webp,,yes
TJ-AT-2834-1,Wixim Plastic Enclosure TJ-AT-2834-1 280x340x180mm Screw Type PC Transparent Cover,Wixim,Electrical & Lighting,Plastic Enclosure,4368.00,20,wixim-p62-1.webp,,yes
TJ-AT-2838,Wixim Plastic Enclosure TJ-AT-2838 280x380x130mm Screw Type PC Transparent Cover,Wixim,Electrical & Lighting,Plastic Enclosure,4260.00,20,wixim-p62-1.webp,,yes
TJ-AT-2838-1,Wixim Plastic Enclosure TJ-AT-2838-1 280x380x180mm Screw Type PC Transparent Cover,Wixim,Electrical & Lighting,Plastic Enclosure,4680.00,20,wixim-p62-1.webp,,yes
TJ-AT-3080,Wixim Plastic Enclosure TJ-AT-3080 300x380x120mm Screw Type PC Transparent Cover,Wixim,Electrical & Lighting,Plastic Enclosure,3360.00,20,wixim-p62-1.webp,,yes
TJ-AG-0506,Wixim Plastic Enclosure Tibox TJ-AG-0506 50x65x55mm ABS Grey Cover IP66,Wixim,Electrical & Lighting,Plastic Enclosure,264.00,20,wixim-p62-1.webp,,yes
TJ-AG-0609,Wixim Plastic Enclosure Tibox TJ-AG-0609 65x95x55mm ABS Grey Cover IP66,Wixim,Electrical & Lighting,Plastic Enclosure,300.00,20,wixim-p62-1.webp,,yes
TJ-AG-0811-S,Wixim Plastic Enclosure Tibox TJ-AG-0811-S 80x110x50mm ABS Grey Cover IP66,Wixim,Electrical & Lighting,Plastic Enclosure,348.00,20,wixim-p62-1.webp,,yes
TJ-AG-0811,Wixim Plastic Enclosure Tibox TJ-AG-0811 80x110x70mm ABS Grey Cover IP66,Wixim,Electrical & Lighting,Plastic Enclosure,384.00,20,wixim-p62-1.webp,,yes
TJ-AG-0811-1,Wixim Plastic Enclosure Tibox TJ-AG-0811-1 80x110x85mm ABS Grey Cover IP66,Wixim,Electrical & Lighting,Plastic Enclosure,456.00,20,wixim-p62-1.webp,,yes
TJ-AG-0813,Wixim Plastic Enclosure Tibox TJ-AG-0813 80x130x70mm ABS Grey Cover IP66,Wixim,Electrical & Lighting,Plastic Enclosure,432.00,20,wixim-p62-1.webp,,yes
TJ-AG-0813-1,Wixim Plastic Enclosure Tibox TJ-AG-0813-1 80x130x85mm ABS Grey Cover IP66,Wixim,Electrical & Lighting,Plastic Enclosure,540.00,20,wixim-p62-1.webp,,yes
TJ-AG-0818,Wixim Plastic Enclosure Tibox TJ-AG-0818 80x180x70mm ABS Grey Cover IP66,Wixim,Electrical & Lighting,Plastic Enclosure,540.00,20,wixim-p62-1.webp,,yes
TJ-AG-0818-1,Wixim Plastic Enclosure Tibox TJ-AG-0818-1 80x180x85mm ABS Grey Cover IP66,Wixim,Electrical & Lighting,Plastic Enclosure,636.00,20,wixim-p62-1.webp,,yes
TJ-AG-0825,Wixim Plastic Enclosure Tibox TJ-AG-0825 80x250x70mm ABS Grey Cover IP66,Wixim,Electrical & Lighting,Plastic Enclosure,588.00,20,wixim-p62-1.webp,,yes
TJ-AG-0825-1,Wixim Plastic Enclosure Tibox TJ-AG-0825-1 80x250x85mm ABS Grey Cover IP66,Wixim,Electrical & Lighting,Plastic Enclosure,684.00,20,wixim-p62-1.webp,,yes
TJ-AG-1010,Wixim Plastic Enclosure Tibox TJ-AG-1010 100x100x75mm ABS Grey Cover IP66,Wixim,Electrical & Lighting,Plastic Enclosure,504.00,20,wixim-p62-1.webp,,yes
TJ-AG-1010-1,Wixim Plastic Enclosure Tibox TJ-AG-1010-1 100x100x100mm ABS Grey Cover IP66,Wixim,Electrical & Lighting,Plastic Enclosure,600.00,20,wixim-p62-1.webp,,yes
TJ-AG-1212-S,Wixim Plastic Enclosure Tibox TJ-AG-1212-S 125x125x75mm ABS Grey Cover IP66,Wixim,Electrical & Lighting,Plastic Enclosure,564.00,20,wixim-p62-1.webp,,yes
TJ-AG-1212,Wixim Plastic Enclosure Tibox TJ-AG-1212 125x125x100mm ABS Grey Cover IP66,Wixim,Electrical & Lighting,Plastic Enclosure,720.00,20,wixim-p62-1.webp,,yes
TJ-AG-1217,Wixim Plastic Enclosure Tibox TJ-AG-1217 125x175x75mm ABS Grey Cover IP66,Wixim,Electrical & Lighting,Plastic Enclosure,768.00,20,wixim-p62-1.webp,,yes
TJ-AG-1217-1,Wixim Plastic Enclosure Tibox TJ-AG-1217-1 125x175x100mm ABS Grey Cover IP66,Wixim,Electrical & Lighting,Plastic Enclosure,828.00,20,wixim-p62-1.webp,,yes
TJ-AG-1417,Wixim Plastic Enclosure Tibox TJ-AG-1417 140x170x100mm ABS Grey Cover IP66,Wixim,Electrical & Lighting,Plastic Enclosure,828.00,20,wixim-p62-1.webp,,yes
TJ-AG-1423,Wixim Plastic Enclosure Tibox TJ-AG-1423 140x230x90mm ABS Grey Cover IP66,Wixim,Electrical & Lighting,Plastic Enclosure,936.00,20,wixim-p62-1.webp,,yes
TJ-AG-1520,Wixim Plastic Enclosure Tibox TJ-AG-1520 150x200x100mm ABS Grey Cover IP66,Wixim,Electrical & Lighting,Plastic Enclosure,864.00,20,wixim-p62-1.webp,,yes
TJ-AG-1520-1,Wixim Plastic Enclosure Tibox TJ-AG-1520-1 150x200x130mm ABS Grey Cover IP66,Wixim,Electrical & Lighting,Plastic Enclosure,912.00,20,wixim-p62-1.webp,,yes
TJ-AG-1525,Wixim Plastic Enclosure Tibox TJ-AG-1525 150x250x100mm ABS Grey Cover IP66,Wixim,Electrical & Lighting,Plastic Enclosure,912.00,20,wixim-p62-1.webp,,yes
TJ-AG-1525-1,Wixim Plastic Enclosure Tibox TJ-AG-1525-1 150x250x130mm ABS Grey Cover IP66,Wixim,Electrical & Lighting,Plastic Enclosure,1008.00,20,wixim-p62-1.webp,,yes
TJ-AG-1717,Wixim Plastic Enclosure Tibox TJ-AG-1717 175x175x75mm ABS Grey Cover IP66,Wixim,Electrical & Lighting,Plastic Enclosure,864.00,20,wixim-p62-1.webp,,yes
TJ-AG-1717-1,Wixim Plastic Enclosure Tibox TJ-AG-1717-1 175x175x100mm ABS Grey Cover IP66,Wixim,Electrical & Lighting,Plastic Enclosure,912.00,20,wixim-p62-1.webp,,yes
TJ-AG-1725,Wixim Plastic Enclosure Tibox TJ-AG-1725 175x250x75mm ABS Grey Cover IP66,Wixim,Electrical & Lighting,Plastic Enclosure,912.00,20,wixim-p62-1.webp,,yes
TJ-AG-1725-1,Wixim Plastic Enclosure Tibox TJ-AG-1725-1 175x250x100mm ABS Grey Cover IP66,Wixim,Electrical & Lighting,Plastic Enclosure,1008.00,20,wixim-p62-1.webp,,yes
TJ-AG-2020-S,Wixim Plastic Enclosure Tibox TJ-AG-2020-S 200x200x100mm ABS Grey Cover IP66,Wixim,Electrical & Lighting,Plastic Enclosure,936.00,20,wixim-p62-1.webp,,yes
TJ-AG-2020,Wixim Plastic Enclosure Tibox TJ-AG-2020 200x200x130mm ABS Grey Cover IP66,Wixim,Electrical & Lighting,Plastic Enclosure,1008.00,20,wixim-p62-1.webp,,yes
TJ-AT-0506,Wixim Plastic Enclosure Tibox TJ-AT-0506 50x65x55mm PC Transparent Cover IP66,Wixim,Electrical & Lighting,Plastic Enclosure,336.00,20,wixim-p62-1.webp,,yes
TJ-AT-0609,Wixim Plastic Enclosure Tibox TJ-AT-0609 65x95x55mm PC Transparent Cover IP66,Wixim,Electrical & Lighting,Plastic Enclosure,360.00,20,wixim-p62-1.webp,,yes
TJ-AT-0811-S,Wixim Plastic Enclosure Tibox TJ-AT-0811-S 80x110x50mm PC Transparent Cover IP66,Wixim,Electrical & Lighting,Plastic Enclosure,396.00,20,wixim-p62-1.webp,,yes
TJ-AT-0811,Wixim Plastic Enclosure Tibox TJ-AT-0811 80x110x70mm PC Transparent Cover IP66,Wixim,Electrical & Lighting,Plastic Enclosure,480.00,20,wixim-p62-1.webp,,yes
TJ-AT-0811-1,Wixim Plastic Enclosure Tibox TJ-AT-0811-1 80x110x85mm PC Transparent Cover IP66,Wixim,Electrical & Lighting,Plastic Enclosure,540.00,20,wixim-p62-1.webp,,yes
TJ-AT-0813,Wixim Plastic Enclosure Tibox TJ-AT-0813 80x130x70mm PC Transparent Cover IP66,Wixim,Electrical & Lighting,Plastic Enclosure,552.00,20,wixim-p62-1.webp,,yes
TJ-AT-0813-1,Wixim Plastic Enclosure Tibox TJ-AT-0813-1 80x130x85mm PC Transparent Cover IP66,Wixim,Electrical & Lighting,Plastic Enclosure,684.00,20,wixim-p62-1.webp,,yes
TJ-AT-0818,Wixim Plastic Enclosure Tibox TJ-AT-0818 80x180x70mm PC Transparent Cover IP66,Wixim,Electrical & Lighting,Plastic Enclosure,684.00,20,wixim-p62-1.webp,,yes
TJ-AT-0818-1,Wixim Plastic Enclosure Tibox TJ-AT-0818-1 80x180x85mm PC Transparent Cover IP66,Wixim,Electrical & Lighting,Plastic Enclosure,780.00,20,wixim-p62-1.webp,,yes
TJ-AT-0825,Wixim Plastic Enclosure Tibox TJ-AT-0825 80x250x70mm PC Transparent Cover IP66,Wixim,Electrical & Lighting,Plastic Enclosure,732.00,20,wixim-p62-1.webp,,yes
TJ-AT-0825-1,Wixim Plastic Enclosure Tibox TJ-AT-0825-1 80x250x85mm PC Transparent Cover IP66,Wixim,Electrical & Lighting,Plastic Enclosure,792.00,20,wixim-p62-1.webp,,yes
TJ-AG-1010-PC,Wixim Plastic Enclosure Tibox TJ-AG-1010 100x100x75mm PC Transparent Cover IP66,Wixim,Electrical & Lighting,Plastic Enclosure,648.00,20,wixim-p62-1.webp,,yes
TJ-AG-1010-1-PC,Wixim Plastic Enclosure Tibox TJ-AG-1010-1 100x100x100mm PC Transparent Cover IP66,Wixim,Electrical & Lighting,Plastic Enclosure,744.00,20,wixim-p62-1.webp,,yes
TJ-AT-1212-S,Wixim Plastic Enclosure Tibox TJ-AT-1212-S 125x125x75mm PC Transparent Cover IP66,Wixim,Electrical & Lighting,Plastic Enclosure,780.00,20,wixim-p62-1.webp,,yes
TJ-AT-1212,Wixim Plastic Enclosure Tibox TJ-AT-1212 125x125x100mm PC Transparent Cover IP66,Wixim,Electrical & Lighting,Plastic Enclosure,828.00,20,wixim-p62-1.webp,,yes
TJ-AT-1217,Wixim Plastic Enclosure Tibox TJ-AT-1217 125x175x75mm PC Transparent Cover IP66,Wixim,Electrical & Lighting,Plastic Enclosure,888.00,20,wixim-p62-1.webp,,yes
TJ-AT-1217-1,Wixim Plastic Enclosure Tibox TJ-AT-1217-1 125x175x100mm PC Transparent Cover IP66,Wixim,Electrical & Lighting,Plastic Enclosure,1032.00,20,wixim-p62-1.webp,,yes
TJ-AT-1417,Wixim Plastic Enclosure Tibox TJ-AT-1417 140x170x95mm PC Transparent Cover IP66,Wixim,Electrical & Lighting,Plastic Enclosure,1032.00,20,wixim-p62-1.webp,,yes
TJ-AT-1423,Wixim Plastic Enclosure Tibox TJ-AT-1423 140x230x90mm PC Transparent Cover IP66,Wixim,Electrical & Lighting,Plastic Enclosure,1128.00,20,wixim-p62-1.webp,,yes
TJ-AT-1520,Wixim Plastic Enclosure Tibox TJ-AT-1520 150x200x100mm PC Transparent Cover IP66,Wixim,Electrical & Lighting,Plastic Enclosure,1032.00,20,wixim-p62-1.webp,,yes
TJ-AT-1520-1,Wixim Plastic Enclosure Tibox TJ-AT-1520-1 150x200x130mm PC Transparent Cover IP66,Wixim,Electrical & Lighting,Plastic Enclosure,1104.00,20,wixim-p62-1.webp,,yes
TJ-AT-1525,Wixim Plastic Enclosure Tibox TJ-AT-1525 150x250x100mm PC Transparent Cover IP66,Wixim,Electrical & Lighting,Plastic Enclosure,1104.00,20,wixim-p62-1.webp,,yes
TJ-AT-1525-1,Wixim Plastic Enclosure Tibox TJ-AT-1525-1 150x250x130mm PC Transparent Cover IP66,Wixim,Electrical & Lighting,Plastic Enclosure,1188.00,20,wixim-p62-1.webp,,yes
TJ-AT-1717,Wixim Plastic Enclosure Tibox TJ-AT-1717 175x175x75mm PC Transparent Cover IP66,Wixim,Electrical & Lighting,Plastic Enclosure,1044.00,20,wixim-p62-1.webp,,yes
TJ-AT-1717-1,Wixim Plastic Enclosure Tibox TJ-AT-1717-1 175x175x100mm PC Transparent Cover IP66,Wixim,Electrical & Lighting,Plastic Enclosure,1104.00,20,wixim-p62-1.webp,,yes
TJ-AT-1725,Wixim Plastic Enclosure Tibox TJ-AT-1725 175x250x75mm PC Transparent Cover IP66,Wixim,Electrical & Lighting,Plastic Enclosure,1104.00,20,wixim-p62-1.webp,,yes
TJ-AT-1725-1,Wixim Plastic Enclosure Tibox TJ-AT-1725-1 175x250x100mm PC Transparent Cover IP66,Wixim,Electrical & Lighting,Plastic Enclosure,1188.00,20,wixim-p62-1.webp,,yes
TJ-AT-2020-S,Wixim Plastic Enclosure Tibox TJ-AT-2020-S 200x200x95mm PC Transparent Cover IP66,Wixim,Electrical & Lighting,Plastic Enclosure,1140.00,20,wixim-p62-1.webp,,yes
TJ-AT-2020,Wixim Plastic Enclosure Tibox TJ-AT-2020 200x200x130mm PC Transparent Cover IP66,Wixim,Electrical & Lighting,Plastic Enclosure,1188.00,20,wixim-p62-1.webp,,yes
TSM-S-2WAY,Wixim Distribution Box Surface Mounted TSM-S-2WAY 2-Way IP40,Wixim,Electrical & Lighting,Distribution Box,180.00,20,wixim-p63-1.webp,,yes
TSM-S-4WAY,Wixim Distribution Box Surface Mounted TSM-S-4WAY 4-Way IP40,Wixim,Electrical & Lighting,Distribution Box,360.00,20,wixim-p63-1.webp,,yes
TSM-S-6WAY,Wixim Distribution Box Surface Mounted TSM-S-6WAY 6-Way IP40,Wixim,Electrical & Lighting,Distribution Box,420.00,20,wixim-p63-1.webp,,yes
TSM-S-8WAY,Wixim Distribution Box Surface Mounted TSM-S-8WAY 8-Way IP40,Wixim,Electrical & Lighting,Distribution Box,540.00,20,wixim-p63-1.webp,,yes
TSM-S-10WAY,Wixim Distribution Box Surface Mounted TSM-S-10WAY 10-Way IP40,Wixim,Electrical & Lighting,Distribution Box,672.00,20,wixim-p63-1.webp,,yes
TSM-S-12WAY,Wixim Distribution Box Surface Mounted TSM-S-12WAY 12-Way IP40,Wixim,Electrical & Lighting,Distribution Box,792.00,20,wixim-p63-1.webp,,yes
TSM-S-15WAY,Wixim Distribution Box Surface Mounted TSM-S-15WAY 15-Way IP40,Wixim,Electrical & Lighting,Distribution Box,936.00,20,wixim-p63-1.webp,,yes
TSM-S-18WAY,Wixim Distribution Box Surface Mounted TSM-S-18WAY 18-Way IP40,Wixim,Electrical & Lighting,Distribution Box,1080.00,20,wixim-p63-1.webp,,yes
TSM-S-24WAY,Wixim Distribution Box Surface Mounted TSM-S-24WAY 24-Way IP40,Wixim,Electrical & Lighting,Distribution Box,1680.00,20,wixim-p63-1.webp,,yes
TSM-S-36WAY,Wixim Distribution Box Surface Mounted TSM-S-36WAY 36-Way IP40,Wixim,Electrical & Lighting,Distribution Box,2520.00,20,wixim-p63-1.webp,,yes
TSM-F-2WAY,Wixim Distribution Box Flush Mounted TSM-F-2WAY 2-Way,Wixim,Electrical & Lighting,Distribution Box,180.00,20,wixim-p63-2.webp,,yes
TSM-F-4WAY,Wixim Distribution Box Flush Mounted TSM-F-4WAY 4-Way,Wixim,Electrical & Lighting,Distribution Box,360.00,20,wixim-p63-2.webp,,yes
TSM-F-6WAY,Wixim Distribution Box Flush Mounted TSM-F-6WAY 6-Way,Wixim,Electrical & Lighting,Distribution Box,420.00,20,wixim-p63-2.webp,,yes
TSM-F-8WAY,Wixim Distribution Box Flush Mounted TSM-F-8WAY 8-Way,Wixim,Electrical & Lighting,Distribution Box,540.00,20,wixim-p63-2.webp,,yes
TSM-F-10WAY,Wixim Distribution Box Flush Mounted TSM-F-10WAY 10-Way,Wixim,Electrical & Lighting,Distribution Box,672.00,20,wixim-p63-2.webp,,yes
TSM-F-12WAY,Wixim Distribution Box Flush Mounted TSM-F-12WAY 12-Way,Wixim,Electrical & Lighting,Distribution Box,792.00,20,wixim-p63-2.webp,,yes
TSM-F-15WAY,Wixim Distribution Box Flush Mounted TSM-F-15WAY 15-Way,Wixim,Electrical & Lighting,Distribution Box,936.00,20,wixim-p63-2.webp,,yes
TSM-F-18WAY,Wixim Distribution Box Flush Mounted TSM-F-18WAY 18-Way,Wixim,Electrical & Lighting,Distribution Box,1080.00,20,wixim-p63-2.webp,,yes
TSM-F-24WAY,Wixim Distribution Box Flush Mounted TSM-F-24WAY 24-Way,Wixim,Electrical & Lighting,Distribution Box,1680.00,20,wixim-p63-2.webp,,yes
TSM-F-36WAY,Wixim Distribution Box Flush Mounted TSM-F-36WAY 36-Way,Wixim,Electrical & Lighting,Distribution Box,2520.00,20,wixim-p63-2.webp,,yes
HT-2WAY,Wixim Distribution Box Waterproof HT-2WAY 2-Way IP65,Wixim,Electrical & Lighting,Distribution Box,240.00,20,wixim-p64-1.webp,,yes
HT-5WAY,Wixim Distribution Box Waterproof HT-5WAY 5-Way IP65,Wixim,Electrical & Lighting,Distribution Box,492.00,20,wixim-p64-1.webp,,yes
HT-8WAY,Wixim Distribution Box Waterproof HT-8WAY 8-Way IP65,Wixim,Electrical & Lighting,Distribution Box,672.00,20,wixim-p64-1.webp,,yes
HT-12WAY,Wixim Distribution Box Waterproof HT-12WAY 12-Way IP65,Wixim,Electrical & Lighting,Distribution Box,1080.00,20,wixim-p64-1.webp,,yes
HT-15WAY,Wixim Distribution Box Waterproof HT-15WAY 15-Way IP65,Wixim,Electrical & Lighting,Distribution Box,1272.00,20,wixim-p64-1.webp,,yes
HT-18WAY,Wixim Distribution Box Waterproof HT-18WAY 18-Way IP65,Wixim,Electrical & Lighting,Distribution Box,1536.00,20,wixim-p64-1.webp,,yes
HT-24WAY,Wixim Distribution Box Waterproof HT-24WAY 24-Way IP65,Wixim,Electrical & Lighting,Distribution Box,1968.00,20,wixim-p64-1.webp,,yes
W-2P,Wixim Protective Window Hood W-2P 2-Pole Transparent IP67,Wixim,Electrical & Lighting,Window Hood,312.00,20,wixim-p64-2.webp,,yes
W-3P,Wixim Protective Window Hood W-3P 3-Pole Transparent IP67,Wixim,Electrical & Lighting,Window Hood,384.00,20,wixim-p64-2.webp,,yes
W-4P,Wixim Protective Window Hood W-4P 4-Pole Transparent IP67,Wixim,Electrical & Lighting,Window Hood,408.00,20,wixim-p64-2.webp,,yes
W-5P,Wixim Protective Window Hood W-5P 5-Pole Transparent IP67,Wixim,Electrical & Lighting,Window Hood,480.00,20,wixim-p64-2.webp,,yes
W-6P,Wixim Protective Window Hood W-6P 6-Pole Transparent IP67,Wixim,Electrical & Lighting,Window Hood,504.00,20,wixim-p64-2.webp,,yes
W-8P,Wixim Protective Window Hood W-8P 8-Pole Transparent IP67,Wixim,Electrical & Lighting,Window Hood,552.00,20,wixim-p64-2.webp,,yes
W-10P,Wixim Protective Window Hood W-10P 10-Pole Transparent IP67,Wixim,Electrical & Lighting,Window Hood,600.00,20,wixim-p64-2.webp,,yes
W-12P,Wixim Protective Window Hood W-12P 12-Pole Transparent IP67,Wixim,Electrical & Lighting,Window Hood,648.00,20,wixim-p64-2.webp,,yes
W-13P,Wixim Protective Window Hood W-13P 13-Pole Transparent IP67,Wixim,Electrical & Lighting,Window Hood,744.00,20,wixim-p64-2.webp,,yes
W-16P,Wixim Protective Window Hood W-16P 16-Pole Transparent IP67,Wixim,Electrical & Lighting,Window Hood,912.00,20,wixim-p64-2.webp,,yes
W-18P,Wixim Protective Window Hood W-18P 18-Pole Transparent IP67,Wixim,Electrical & Lighting,Window Hood,1320.00,20,wixim-p64-2.webp,,yes
DIN-RAIL-BRACKET-2-8P,Wixim Window Hood Din Rail Bracket Set 2-8P,Wixim,Electrical & Lighting,Window Hood,84.00,20,wixim-p64-3.webp,,yes
DIN-RAIL-BRACKET-10-18P,Wixim Window Hood Din Rail Bracket Set 10-18P,Wixim,Electrical & Lighting,Window Hood,120.00,20,wixim-p64-3.webp,,yes
SM-1WAY,Wixim Distribution Box SM-1WAY 1-Way,Wixim,Electrical & Lighting,Distribution Box,72.00,20,wixim-p65-1.webp,,yes
SM-2WAY,Wixim Distribution Box SM-2WAY 2-Way,Wixim,Electrical & Lighting,Distribution Box,86.40,20,wixim-p65-2.webp,,yes
SM-4WAY,Wixim Distribution Box SM-4WAY 4-Way,Wixim,Electrical & Lighting,Distribution Box,120.00,20,wixim-p65-3.webp,,yes
SM-6WAY,Wixim Distribution Box SM-6WAY 6-Way,Wixim,Electrical & Lighting,Distribution Box,144.00,20,wixim-p65-4.webp,,yes
SM-8WAY,Wixim Distribution Box SM-8WAY 8-Way,Wixim,Electrical & Lighting,Distribution Box,192.00,20,wixim-p65-5.webp,,yes
JUNCTION-BOX-50X50,Wixim Water-Proof Junction Box 50x50mm Round IP55,Wixim,Electrical & Lighting,Junction Box,60.00,20,wixim-p65-6.webp,,yes
JUNCTION-BOX-80X50,Wixim Water-Proof Junction Box 80x50mm Round IP55,Wixim,Electrical & Lighting,Junction Box,66.00,20,wixim-p65-7.webp,,yes
JUNCTION-BOX-85X85X50,Wixim Water-Proof Junction Box 85x85x50mm IP55,Wixim,Electrical & Lighting,Junction Box,96.00,20,wixim-p65-8.webp,,yes
JUNCTION-BOX-100X100X70,Wixim Water-Proof Junction Box 100x100x70mm IP55,Wixim,Electrical & Lighting,Junction Box,168.00,20,wixim-p65-9.webp,,yes
JUNCTION-BOX-150X110X70,Wixim Water-Proof Junction Box 150x110x70mm IP55,Wixim,Electrical & Lighting,Junction Box,252.00,20,wixim-p65-10.webp,,yes
JUNCTION-BOX-150X150X70,Wixim Water-Proof Junction Box 150x150x70mm IP55,Wixim,Electrical & Lighting,Junction Box,276.00,20,wixim-p65-11.webp,,yes
JUNCTION-BOX-200X100X70,Wixim Water-Proof Junction Box 200x100x70mm IP55,Wixim,Electrical & Lighting,Junction Box,300.00,20,wixim-p65-12.webp,,yes
JUNCTION-BOX-200X155X80,Wixim Water-Proof Junction Box 200x155x80mm IP55,Wixim,Electrical & Lighting,Junction Box,372.00,20,wixim-p65-13.webp,,yes
JUNCTION-BOX-200X200X80,Wixim Water-Proof Junction Box 200x200x80mm IP55,Wixim,Electrical & Lighting,Junction Box,504.00,20,wixim-p65-14.webp,,yes
JUNCTION-BOX-255X200X80,Wixim Water-Proof Junction Box 255x200x80mm IP55,Wixim,Electrical & Lighting,Junction Box,600.00,20,wixim-p65-15.webp,,yes
JUNCTION-BOX-300X250X120,Wixim Water-Proof Junction Box 300x250x120mm IP55,Wixim,Electrical & Lighting,Junction Box,1080.00,20,wixim-p65-16.webp,,yes
UKF1-20A,Wixim Weather Protected Isolating Switch UKF1-20A 1-Pole 20A IP65,Wixim,Electrical & Lighting,Weather Protected Isolating Switch,912.00,20,wixim-p65-17.webp,,yes
UKF1-35A,Wixim Weather Protected Isolating Switch UKF1-35A 1-Pole 35A IP65,Wixim,Electrical & Lighting,Weather Protected Isolating Switch,960.00,20,wixim-p65-17.webp,,yes
UKF1-63A,Wixim Weather Protected Isolating Switch UKF1-63A 1-Pole 63A IP65,Wixim,Electrical & Lighting,Weather Protected Isolating Switch,1020.00,20,wixim-p65-17.webp,,yes
UKF2-20A,Wixim Weather Protected Isolating Switch UKF2-20A 2-Pole 20A IP65,Wixim,Electrical & Lighting,Weather Protected Isolating Switch,1068.00,20,wixim-p65-18.webp,,yes
UKF2-35A,Wixim Weather Protected Isolating Switch UKF2-35A 2-Pole 35A IP65,Wixim,Electrical & Lighting,Weather Protected Isolating Switch,1176.00,20,wixim-p65-18.webp,,yes
UKF2-63A,Wixim Weather Protected Isolating Switch UKF2-63A 2-Pole 63A IP65,Wixim,Electrical & Lighting,Weather Protected Isolating Switch,1776.00,20,wixim-p65-18.webp,,yes
UKF3-20A,Wixim Weather Protected Isolating Switch UKF3-20A 3-Pole 20A IP65,Wixim,Electrical & Lighting,Weather Protected Isolating Switch,1176.00,20,wixim-p65-19.webp,,yes
UKF3-35A,Wixim Weather Protected Isolating Switch UKF3-35A 3-Pole 35A IP65,Wixim,Electrical & Lighting,Weather Protected Isolating Switch,1272.00,20,wixim-p65-19.webp,,yes
UKF3-63A,Wixim Weather Protected Isolating Switch UKF3-63A 3-Pole 63A IP65,Wixim,Electrical & Lighting,Weather Protected Isolating Switch,1920.00,20,wixim-p65-19.webp,,yes
HY2-15A,Wixim Drum/Reverse Switch HY2-15A 15A,Wixim,Electrical & Lighting,Drum/Reverse Switch,840.00,20,wixim-p65-20.webp,,yes
HY2-30A,Wixim Drum/Reverse Switch HY2-30A 30A,Wixim,Electrical & Lighting,Drum/Reverse Switch,1320.00,20,wixim-p65-20.webp,,yes
QS-15A,Wixim Drum/Reverse Switch QS-15A 15A,Wixim,Electrical & Lighting,Drum/Reverse Switch,420.00,20,wixim-p65-21.webp,,yes
QS-30A,Wixim Drum/Reverse Switch QS-30A 30A,Wixim,Electrical & Lighting,Drum/Reverse Switch,612.00,20,wixim-p65-21.webp,,yes
LTE-1081,Wixim Warning Beacon Light LTE-1081 Screw Fixing 80mm 3in 5W,Wixim,Electrical & Lighting,Warning/Beacon Light,540.00,20,wixim-p66-1.webp,,yes
LWD-8001,Wixim Warning Beacon Light LWD-8001 80mm 3in Solar,Wixim,Electrical & Lighting,Warning/Beacon Light,792.00,20,,,yes
LTE-1101,Wixim Warning Beacon Light LTE-1101 Screw Fixing 100mm 4in 10W,Wixim,Electrical & Lighting,Warning/Beacon Light,540.00,20,wixim-p66-2.webp,,yes
LTE-1101J,Wixim Warning Beacon Light LTE-1101J 100mm 4in with Buzzer 90dB 10W,Wixim,Electrical & Lighting,Warning/Beacon Light,792.00,20,wixim-p66-2.webp,,yes
LTD-1101,Wixim Warning Beacon Light LTD-1101 Magnetic Fixing 100mm 4in 10W,Wixim,Electrical & Lighting,Warning/Beacon Light,792.00,20,wixim-p66-2.webp,,yes
LTE-5103,Wixim Warning Beacon Light LTE-5103 100mm 4in LED 3W,Wixim,Electrical & Lighting,Warning/Beacon Light,1560.00,20,wixim-p66-3.webp,,yes
LTE-5103J,Wixim Warning Beacon Light LTE-5103J 100mm 4in LED 3W with Buzzer 90dB,Wixim,Electrical & Lighting,Warning/Beacon Light,1800.00,20,wixim-p66-3.webp,,yes
LTE-1121,Wixim Warning Beacon Light LTE-1121 120mm 5in 10W,Wixim,Electrical & Lighting,Warning/Beacon Light,660.00,20,wixim-p66-5.webp,,yes
LTE-1121J,Wixim Warning Beacon Light LTE-1121J 120mm 5in 10W with Buzzer 90dB,Wixim,Electrical & Lighting,Warning/Beacon Light,840.00,20,wixim-p66-5.webp,,yes
LTE-1161,Wixim Warning Beacon Light LTE-1161 160mm 6in 35W,Wixim,Electrical & Lighting,Warning/Beacon Light,1440.00,20,wixim-p66-6.webp,,yes
LTE-1181,Wixim Warning Beacon Light LTE-1181 180mm 7in 35W,Wixim,Electrical & Lighting,Warning/Beacon Light,1920.00,20,wixim-p66-7.webp,,yes
LTD-1201,Wixim Warning Beacon Light LTD-1201 Magnetic Revolving 23W,Wixim,Electrical & Lighting,Warning/Beacon Light,1200.00,20,wixim-p66-4.webp,,yes
LTD-1201J,Wixim Warning Beacon Light LTD-1201J Magnetic Revolving 23W with Buzzer 90dB,Wixim,Electrical & Lighting,Warning/Beacon Light,2160.00,20,wixim-p66-4.webp,,yes
ROAD-CONE-TOP-LIGHT-55MM,Wixim Road Cone Top Light 55mm Battery 2x3A,Wixim,Electrical & Lighting,Telescopic Road Cone,120.00,20,wixim-p66-8.webp,,yes
PP30,Wixim Telescopic Road Cone PP30 30cm Height PP Base 19x19x3cm,Wixim,Electrical & Lighting,Telescopic Road Cone,384.00,20,wixim-p66-9.webp,,yes
PP40,Wixim Telescopic Road Cone PP40 40cm Height PP Base 24.5x24.5x3.5cm,Wixim,Electrical & Lighting,Telescopic Road Cone,504.00,20,wixim-p66-9.webp,,yes
PP50,Wixim Telescopic Road Cone PP50 50cm Height PP Base 24.5x24.5x3.5cm,Wixim,Electrical & Lighting,Telescopic Road Cone,672.00,20,wixim-p66-9.webp,,yes
PP55,Wixim Telescopic Road Cone PP55 55cm Height PP Base 30.5x30.5x5cm,Wixim,Electrical & Lighting,Telescopic Road Cone,924.00,20,wixim-p66-9.webp,,yes
PP70,Wixim Telescopic Road Cone PP70 70cm Height PP Base 30.5x30.5x5cm,Wixim,Electrical & Lighting,Telescopic Road Cone,1176.00,20,wixim-p66-9.webp,,yes
TBJ-01,Wixim High-Power Industrial Motor Siren TBJ-01 LED 30W 130dB IP55,Wixim,Electrical & Lighting,High-Power Industrial Motor Siren,7200.00,20,wixim-p66-10.webp,,yes
TBJ-02,Wixim High-Power Industrial Motor Siren TBJ-02 LED 30W 130dB IP55,Wixim,Electrical & Lighting,High-Power Industrial Motor Siren,7200.00,20,wixim-p66-10.webp,,yes
TBJ-03,Wixim High-Power Industrial Motor Siren TBJ-03 LED 30W 130dB IP55,Wixim,Electrical & Lighting,High-Power Industrial Motor Siren,7200.00,20,wixim-p66-10.webp,,yes
N-1101YKJ,Wixim Remote Control Warning Light N-1101YKJ with Buzzer LED 3W 110dB,Wixim,Electrical & Lighting,Warning/Beacon Light,2760.00,20,wixim-p66-11.webp,,yes
LTE-5051,Wixim LED Strobe Light LTE-5051 IP54 2W,Wixim,Electrical & Lighting,LED Strobe,456.00,20,wixim-p66-12.webp,,yes
LTE-5061,Wixim LED Strobe Light LTE-5061 70mm IP54 2W,Wixim,Electrical & Lighting,LED Strobe,456.00,20,wixim-p66-13.webp,,yes
LTA205-1,Wixim Signal Tower 52mm LTA205-1 1-Layer R 5W IP55,Wixim,Electrical & Lighting,Signal Tower Light,912.00,20,wixim-p67-1.webp,,yes
LTA205-2,Wixim Signal Tower 52mm LTA205-2 2-Layer R.G 10W IP55,Wixim,Electrical & Lighting,Signal Tower Light,1056.00,20,wixim-p67-1.webp,,yes
LTA205-3,Wixim Signal Tower 52mm LTA205-3 3-Layer R.Y.G 15W IP55,Wixim,Electrical & Lighting,Signal Tower Light,1224.00,20,wixim-p67-1.webp,,yes
LTA205-4,Wixim Signal Tower 52mm LTA205-4 4-Layer R.Y.G.B 20W IP55,Wixim,Electrical & Lighting,Signal Tower Light,1392.00,20,wixim-p67-1.webp,,yes
LTA205-5,Wixim Signal Tower 52mm LTA205-5 5-Layer R.Y.G.B.W 25W IP55,Wixim,Electrical & Lighting,Signal Tower Light,1560.00,20,wixim-p67-1.webp,,yes
LTA505-1,Wixim LED Signal Tower 52mm LTA505-1 1-Layer R 2W IP55,Wixim,Electrical & Lighting,Signal Tower Light,1320.00,20,wixim-p67-2.webp,,yes
LTA505-2,Wixim LED Signal Tower 52mm LTA505-2 2-Layer R.G 4W IP55,Wixim,Electrical & Lighting,Signal Tower Light,1680.00,20,wixim-p67-2.webp,,yes
LTA505-3,Wixim LED Signal Tower 52mm LTA505-3 3-Layer R.Y.G 6W IP55,Wixim,Electrical & Lighting,Signal Tower Light,2040.00,20,wixim-p67-2.webp,,yes
LTA505-4,Wixim LED Signal Tower 52mm LTA505-4 4-Layer R.Y.G.B 8W IP55,Wixim,Electrical & Lighting,Signal Tower Light,2400.00,20,wixim-p67-2.webp,,yes
LTA505-5,Wixim LED Signal Tower 52mm LTA505-5 5-Layer R.Y.G.B.W 10W IP55,Wixim,Electrical & Lighting,Signal Tower Light,2760.00,20,wixim-p67-2.webp,,yes
LTD70-1,Wixim LED Module Signal Tower 70mm LTD70-1 1-Layer R 2W IP65,Wixim,Electrical & Lighting,Signal Tower Light,1800.00,20,wixim-p67-3.webp,,yes
LTD70-2,Wixim LED Module Signal Tower 70mm LTD70-2 2-Layer R.G 4W IP65,Wixim,Electrical & Lighting,Signal Tower Light,2760.00,20,wixim-p67-3.webp,,yes
LTD70-3,Wixim LED Module Signal Tower 70mm LTD70-3 3-Layer R.Y.G 6W IP65,Wixim,Electrical & Lighting,Signal Tower Light,3600.00,20,wixim-p67-3.webp,,yes
LTD70-4,Wixim LED Module Signal Tower 70mm LTD70-4 4-Layer R.Y.G.B 8W IP65,Wixim,Electrical & Lighting,Signal Tower Light,4560.00,20,wixim-p67-3.webp,,yes
LTD70-5,Wixim LED Module Signal Tower 70mm LTD70-5 5-Layer R.Y.G.B.W 10W IP65,Wixim,Electrical & Lighting,Signal Tower Light,5520.00,20,wixim-p67-3.webp,,yes
LTA-503TJ,Wixim LED Signal Tower LTA-503TJ 1-Layer 3-Color with Buzzer,Wixim,Electrical & Lighting,Signal Tower Light,1536.00,20,wixim-p67-4.webp,,yes
BL-55-DC,Wixim Alarm Bell BL-55 2in 55mm DC24V/12V,Wixim,Electrical & Lighting,Alarm Bell,312.00,20,wixim-p68-1.webp,,yes
BL-55-AC,Wixim Alarm Bell BL-55 2in 55mm AC220V/110V,Wixim,Electrical & Lighting,Alarm Bell,264.00,20,wixim-p68-1.webp,,yes
BL-75-DC,Wixim Alarm Bell BL-75 3in 75mm DC24V/12V,Wixim,Electrical & Lighting,Alarm Bell,384.00,20,wixim-p68-1.webp,,yes
BL-75-AC,Wixim Alarm Bell BL-75 3in 75mm AC220V/110V,Wixim,Electrical & Lighting,Alarm Bell,324.00,20,wixim-p68-1.webp,,yes
BL-100-DC,Wixim Alarm Bell BL-100 4in 100mm DC24V/12V,Wixim,Electrical & Lighting,Alarm Bell,432.00,20,wixim-p68-1.webp,,yes
BL-100-AC,Wixim Alarm Bell BL-100 4in 100mm AC220V/110V,Wixim,Electrical & Lighting,Alarm Bell,396.00,20,wixim-p68-1.webp,,yes
BL-150-DC,Wixim Alarm Bell BL-150 6in 150mm DC24V/12V,Wixim,Electrical & Lighting,Alarm Bell,816.00,20,wixim-p68-1.webp,,yes
BL-150-AC,Wixim Alarm Bell BL-150 6in 150mm AC220V/110V,Wixim,Electrical & Lighting,Alarm Bell,756.00,20,wixim-p68-1.webp,,yes
BL-200-DC,Wixim Alarm Bell BL-200 8in 200mm DC24V/12V,Wixim,Electrical & Lighting,Alarm Bell,1080.00,20,wixim-p68-1.webp,,yes
BL-200-AC,Wixim Alarm Bell BL-200 8in 200mm AC220V/110V,Wixim,Electrical & Lighting,Alarm Bell,960.00,20,wixim-p68-1.webp,,yes
BL-250-DC,Wixim Alarm Bell BL-250 10in 250mm DC24V/12V,Wixim,Electrical & Lighting,Alarm Bell,1440.00,20,wixim-p68-1.webp,,yes
BL-250-AC,Wixim Alarm Bell BL-250 10in 250mm AC220V/110V,Wixim,Electrical & Lighting,Alarm Bell,1320.00,20,wixim-p68-1.webp,,yes
BL-300-DC,Wixim Alarm Bell BL-300 12in 300mm DC24V/12V,Wixim,Electrical & Lighting,Alarm Bell,1800.00,20,wixim-p68-1.webp,,yes
BL-300-AC,Wixim Alarm Bell BL-300 12in 300mm AC220V/110V,Wixim,Electrical & Lighting,Alarm Bell,1560.00,20,wixim-p68-1.webp,,yes
CB-4B-DC,Wixim Alarm Bell Aluminium Base Waterproof CB-4B 4in 100mm DC24V/12V,Wixim,Electrical & Lighting,Alarm Bell,552.00,20,wixim-p68-2.webp,,yes
CB-4B-AC,Wixim Alarm Bell Aluminium Base Waterproof CB-4B 4in 100mm AC220V/110V,Wixim,Electrical & Lighting,Alarm Bell,456.00,20,wixim-p68-2.webp,,yes
CB-6B-DC,Wixim Alarm Bell Aluminium Base Waterproof CB-6B 6in 150mm DC24V/12V,Wixim,Electrical & Lighting,Alarm Bell,1152.00,20,wixim-p68-2.webp,,yes
CB-6B-AC,Wixim Alarm Bell Aluminium Base Waterproof CB-6B 6in 150mm AC220V/110V,Wixim,Electrical & Lighting,Alarm Bell,960.00,20,wixim-p68-2.webp,,yes
CB-8B-DC,Wixim Alarm Bell Aluminium Base Waterproof CB-8B 8in 200mm DC24V/12V,Wixim,Electrical & Lighting,Alarm Bell,1440.00,20,wixim-p68-2.webp,,yes
CB-8B-AC,Wixim Alarm Bell Aluminium Base Waterproof CB-8B 8in 200mm AC220V/110V,Wixim,Electrical & Lighting,Alarm Bell,1200.00,20,wixim-p68-2.webp,,yes
CB-10B-DC,Wixim Alarm Bell Aluminium Base Waterproof CB-10B 10in 250mm DC24V/12V,Wixim,Electrical & Lighting,Alarm Bell,1800.00,20,wixim-p68-2.webp,,yes
CB-10B-AC,Wixim Alarm Bell Aluminium Base Waterproof CB-10B 10in 250mm AC220V/110V,Wixim,Electrical & Lighting,Alarm Bell,1512.00,20,wixim-p68-2.webp,,yes
DAL-2,Wixim Fire Alarm Switch DAL-2 Break Glass AC220V 5A DC24V 8A,Wixim,Electrical & Lighting,Fire Alarm Switch,312.00,20,wixim-p68-3.webp,,yes
FIRE-1012,Wixim Fire Alarm Switch FIRE-1012 Manual Round,Wixim,Electrical & Lighting,Fire Alarm Switch,792.00,20,wixim-p68-4.webp,,yes
FIRE-1013,Wixim Fire Alarm Switch FIRE-1013 Manual Reset 9-28VDC 45mA,Wixim,Electrical & Lighting,Fire Alarm Switch,1260.00,20,wixim-p68-5.webp,,yes
XH-QG-2,Wixim Fire Alarm Siren XH-QG-2 DC12/24V 100dB,Wixim,Electrical & Lighting,Fire Alarm Siren,960.00,20,wixim-p68-6.webp,,yes
XH-QG-5,Wixim Fire Alarm Siren XH-QG-5 AC220V 100dB,Wixim,Electrical & Lighting,Fire Alarm Siren,1320.00,20,wixim-p68-7.webp,,yes
YW-01,Wixim Smoke Alarm/Detector YW-01 Photoelectric Type DC9V 85dB,Wixim,Electrical & Lighting,Smoke Alarm/Detector,624.00,20,wixim-p68-8.webp,,yes
YW-04,Wixim Smoke Alarm/Detector YW-04 Ionization Type DC9V 85dB,Wixim,Electrical & Lighting,Smoke Alarm/Detector,1008.00,20,wixim-p68-9.webp,,yes
HRB-PS30/60,Wixim Buzzer HRB-PS30/60 30mm 90dB,Wixim,Electrical & Lighting,Buzzer,264.00,20,wixim-p68-10.webp,,yes
HRB-N80/FM-2,Wixim Buzzer HRB-N80/FM-2 Surface 95dB,Wixim,Electrical & Lighting,Buzzer,264.00,20,wixim-p68-11.webp,,yes
HRB-P80/FM-1,Wixim Buzzer HRB-P80/FM-1 Flush 95dB,Wixim,Electrical & Lighting,Buzzer,264.00,20,wixim-p68-12.webp,,yes
BJ-1,Wixim Buzzer BJ-1 90dB,Wixim,Electrical & Lighting,Buzzer,264.00,20,wixim-p68-13.webp,,yes
HRB-N80/FM-2-DC,Wixim Buzzer HRB-N80/FM-2 Surface 95dB DC12V/24V,Wixim,Electrical & Lighting,Buzzer,288.00,20,wixim-p68-11.webp,,yes
MS-190,Wixim Motor Siren MS-190 114dB 40W IP44,Wixim,Electrical & Lighting,Motor Siren,624.00,20,wixim-p69-1.webp,,yes
MS-290,Wixim Motor Siren MS-290 116dB 40W IP44,Wixim,Electrical & Lighting,Motor Siren,1200.00,20,wixim-p69-2.webp,,yes
MS-390,Wixim Motor Siren MS-390 125dB IP44,Wixim,Electrical & Lighting,Motor Siren,3120.00,20,wixim-p69-3.webp,,yes
MS-395,Wixim Motor Siren MS-395 125dB IP44,Wixim,Electrical & Lighting,Motor Siren,7200.00,20,wixim-p69-4.webp,,yes
MS-490,Wixim Double Motor Siren MS-490 AC220V 1.6A 150dB IP44,Wixim,Electrical & Lighting,Double Motor Siren,8160.00,20,wixim-p69-5.webp,,yes
MS-590,Wixim Double Motor Siren MS-590 AC220V 1.6A 160dB IP44,Wixim,Electrical & Lighting,Double Motor Siren,20400.00,20,wixim-p69-6.webp,,yes
MS-690,Wixim Double Motor Siren MS-690 AC220V 2A 170dB IP44,Wixim,Electrical & Lighting,Double Motor Siren,30000.00,20,wixim-p69-7.webp,,yes
MS-790,Wixim Double Motor Siren MS-790 AC220V 2A 180dB IP44,Wixim,Electrical & Lighting,Double Motor Siren,33600.00,20,wixim-p69-8.webp,,yes
A-305-1,Wixim Handle Lock A-305-1 w/Key 22x53mm,Wixim,Electrical & Lighting,Handle Lock,216.00,20,wixim-p70-1.webp,,yes
A-305-A,Wixim Handle Lock A-305-A 22x53mm,Wixim,Electrical & Lighting,Handle Lock,180.00,20,wixim-p70-1.webp,,yes
A-19K,Wixim Handle Lock A-19K w/Key 22x53mm,Wixim,Electrical & Lighting,Handle Lock,336.00,20,wixim-p70-2.webp,,yes
MS-309-1,Wixim Handle Lock MS-309-1 18x65mm,Wixim,Electrical & Lighting,Handle Lock,288.00,20,wixim-p70-3.webp,,yes
A-303-1,Wixim Handle Lock A-303-1 w/Key 22x66mm,Wixim,Electrical & Lighting,Handle Lock,216.00,20,wixim-p70-4.webp,,yes
A-303-A,Wixim Handle Lock A-303-A 22x66mm,Wixim,Electrical & Lighting,Handle Lock,180.00,20,wixim-p70-4.webp,,yes
A-19,Wixim Handle Lock A-19 22x53mm,Wixim,Electrical & Lighting,Handle Lock,288.00,20,wixim-p70-5.webp,,yes
A-324-1,Wixim Handle Lock A-324-1 w/Key 22x78mm,Wixim,Electrical & Lighting,Handle Lock,348.00,20,wixim-p70-6.webp,,yes
A-324-A,Wixim Handle Lock A-324-A 22x78mm,Wixim,Electrical & Lighting,Handle Lock,264.00,20,wixim-p70-6.webp,,yes
A-301-1,Wixim Handle Lock A-301-1 w/Key 22x102mm,Wixim,Electrical & Lighting,Handle Lock,228.00,20,wixim-p70-7.webp,,yes
A-301-A,Wixim Handle Lock A-301-A 22x102mm,Wixim,Electrical & Lighting,Handle Lock,192.00,20,wixim-p70-7.webp,,yes
A-45K,Wixim Handle Lock A-45K w/Key 22x102mm,Wixim,Electrical & Lighting,Handle Lock,396.00,20,wixim-p70-8.webp,,yes
MS-406,Wixim Handle Lock MS-406 22x43mm,Wixim,Electrical & Lighting,Handle Lock,132.00,20,wixim-p70-9.webp,,yes
A-308-2,Wixim Handle Lock A-308-2 w/Key 22x116mm,Wixim,Electrical & Lighting,Handle Lock,312.00,20,wixim-p70-10.webp,,yes
A-45,Wixim Handle Lock A-45 22x102mm,Wixim,Electrical & Lighting,Handle Lock,336.00,20,wixim-p70-11.webp,,yes
A-480-1,Wixim Handle Lock A-480-1 w/Key 140x34mm,Wixim,Electrical & Lighting,Handle Lock,720.00,20,wixim-p70-12.webp,,yes
A-140-2,Wixim Handle Lock A-140-2 w/Key (MS306-2-1) 22x130mm,Wixim,Electrical & Lighting,Handle Lock,720.00,20,wixim-p70-13.webp,,yes
A-17-1,Wixim Handle Lock A-17-1 w/Key 22x115mm,Wixim,Electrical & Lighting,Handle Lock,480.00,20,wixim-p70-14.webp,,yes
A-480-2,Wixim Handle Lock A-480-2 w/Key 140x34mm,Wixim,Electrical & Lighting,Handle Lock,720.00,20,wixim-p70-15.webp,,yes
A-1,Wixim Panel Lock A-1 w/Key (MS603-1) 85.5x28mm Red or Silver Button,Wixim,Electrical & Lighting,Panel Lock,120.00,20,wixim-p71-1.webp,,yes
AB-301-1,Wixim Panel Lock AB-301-1 w/Key 144x33mm,Wixim,Electrical & Lighting,Panel Lock,540.00,20,wixim-p71-2.webp,,yes
AB-275,Wixim Hinge AB-275 67x22mm,Wixim,Electrical & Lighting,Hinge,54.00,20,wixim-p71-3.webp,,yes
A-3,Wixim Panel Lock A-3 (MS603-2) 85.5x28mm Red or Silver Button,Wixim,Electrical & Lighting,Panel Lock,108.00,20,wixim-p71-4.webp,,yes
AB-302-1,Wixim Panel Lock AB-302-1 w/Key 124x30mm,Wixim,Electrical & Lighting,Panel Lock,420.00,20,wixim-p71-5.webp,,yes
AB-230,Wixim Hinge AB-230 30x23mm,Wixim,Electrical & Lighting,Hinge,84.00,20,wixim-p71-6.webp,,yes
A-506-1,Wixim Panel Lock A-506-1 w/Key 82x26mm Luxury,Wixim,Electrical & Lighting,Panel Lock,192.00,20,wixim-p71-7.webp,,yes
A-506,Wixim Panel Lock A-506 82x26mm Luxury,Wixim,Electrical & Lighting,Panel Lock,156.00,20,wixim-p71-7.webp,,yes
AB-303-1,Wixim Panel Lock AB-303-1 w/Key 88x28mm,Wixim,Electrical & Lighting,Panel Lock,312.00,20,wixim-p71-8.webp,,yes
AB-218,Wixim Hinge AB-218 50x50mm,Wixim,Electrical & Lighting,Hinge,96.00,20,wixim-p71-9.webp,,yes
A-705,Wixim Push Lock A-705 Jumbo Key 22x62mm,Wixim,Electrical & Lighting,Push Lock,156.00,20,wixim-p71-10.webp,,yes
A-S2,Wixim Push Lock A-S2 w/Key (MS-403) Round Type 18x16mm,Wixim,Electrical & Lighting,Push Lock,60.00,20,wixim-p71-11.webp,,yes
AB-212,Wixim Hinge AB-212 42x31mm,Wixim,Electrical & Lighting,Hinge,96.00,20,wixim-p71-12.webp,,yes
A-706,Wixim Push Lock A-706 Triangle Key 22x62mm,Wixim,Electrical & Lighting,Push Lock,156.00,20,wixim-p71-13.webp,,yes
MS-7101-ZINC,Wixim Push Lock MS-7101 Zinc Type Lock for Metal Enclosure,Wixim,Electrical & Lighting,Push Lock,144.00,20,wixim-p71-14.webp,,yes
MS-7101-PLASTIC,Wixim Push Lock MS-7101 Plastic Type Lock for Metal Enclosure,Wixim,Electrical & Lighting,Push Lock,72.00,20,wixim-p71-14.webp,,yes
HC-50,Wixim Hinge HC-50 50x12mm,Wixim,Electrical & Lighting,Hinge,120.00,20,wixim-p71-15.webp,,yes
HC-80,Wixim Hinge HC-80 80x12mm,Wixim,Electrical & Lighting,Hinge,144.00,20,wixim-p71-15.webp,,yes
CD-901,Wixim Temperature Controller CD-901 96x96 PID Digital Relay/SSR Output,Wixim,Electrical & Lighting,Temperature Controller,3480.00,20,wixim-p72-1.webp,,yes
TCN4L,Wixim Temperature Controller TCN4L 96x96 PID Digital Relay/SSR Output,Wixim,Electrical & Lighting,Temperature Controller,3480.00,20,wixim-p72-2.webp,,yes
JTC-902,Wixim Temperature Controller JTC-902 96x96 Analog Non-Indicating Knob,Wixim,Electrical & Lighting,Temperature Controller,1260.00,20,wixim-p72-3.webp,,yes
CD-701,Wixim Temperature Controller CD-701 72x72 PID Digital Relay/SSR Output,Wixim,Electrical & Lighting,Temperature Controller,3480.00,20,wixim-p72-4.webp,,yes
TCN4M,Wixim Temperature Controller TCN4M 72x72 PID Digital Relay/SSR Output,Wixim,Electrical & Lighting,Temperature Controller,3480.00,20,wixim-p72-5.webp,,yes
JTC-702,Wixim Temperature Controller JTC-702 72x72 Analog Non-Indicating Knob,Wixim,Electrical & Lighting,Temperature Controller,1260.00,20,wixim-p72-6.webp,,yes
CH-402,Wixim Temperature Controller CH-402 48x96 PID Digital Relay/SSR Output,Wixim,Electrical & Lighting,Temperature Controller,3480.00,20,wixim-p72-7.webp,,yes
TCN4H,Wixim Temperature Controller TCN4H 48x96 PID Digital Relay/SSR Output,Wixim,Electrical & Lighting,Temperature Controller,3480.00,20,wixim-p72-8.webp,,yes
JTC-903,Wixim Temperature Controller JTC-903 96x96 Analog Indicating Knob,Wixim,Electrical & Lighting,Temperature Controller,1440.00,20,wixim-p72-9.webp,,yes
WX-CB-100,Wixim Temperature Controller CB-100 48x48 PID Digital Relay/SSR Output,Wixim,Electrical & Lighting,Temperature Controller,3480.00,20,wixim-p72-10.webp,,yes
TCN4S,Wixim Temperature Controller TCN4S 48x48 PID Digital Relay/SSR Output,Wixim,Electrical & Lighting,Temperature Controller,3480.00,20,wixim-p72-11.webp,,yes
JTC-703,Wixim Temperature Controller JTC-703 72x72 Analog Indicating Knob,Wixim,Electrical & Lighting,Temperature Controller,1440.00,20,wixim-p72-12.webp,,yes
E5EM/LC-48,Wixim Temperature Controller E5EM/LC-48 48x96 Push Wheel Deviation Indicating,Wixim,Electrical & Lighting,Temperature Controller,1620.00,20,wixim-p72-13.webp,,yes
E5EN/LC-48D,Wixim Temperature Controller E5EN/LC-48D 48x96 Push Wheel Digital LED Indicating,Wixim,Electrical & Lighting,Temperature Controller,2040.00,20,wixim-p72-14.webp,,yes
JTC-905,Wixim Temperature Controller JTC-905 96x96 Analog LED Digital Indicating Knob,Wixim,Electrical & Lighting,Temperature Controller,1800.00,20,wixim-p72-15.webp,,yes
K966,Wixim Temperature Controller K966 96x96 Push Wheel Digital Deviation Alarm,Wixim,Electrical & Lighting,Temperature Controller,2280.00,20,wixim-p73-1.webp,,yes
E5C2/LC-C2,Wixim Temperature Controller E5C2/LC-C2 48x48 Analog Non-Indicating Knob,Wixim,Electrical & Lighting,Temperature Controller,1260.00,20,wixim-p73-2.webp,,yes
K726,Wixim Temperature Controller K726 72x72 Push Wheel Digital Deviation Alarm,Wixim,Electrical & Lighting,Temperature Controller,2376.00,20,wixim-p73-3.webp,,yes
E5C4/LC-C4,Wixim Temperature Controller E5C4/LC-C4 48x48 Push Wheel Digital LED Indicating,Wixim,Electrical & Lighting,Temperature Controller,2040.00,20,wixim-p73-4.webp,,yes
K965,Wixim Temperature Controller K965 96x96 Analog LED Digital Indicating Knob Alarm,Wixim,Electrical & Lighting,Temperature Controller,2160.00,20,wixim-p73-5.webp,,yes
XMTG,Wixim Temperature Controller XMTG 48x48 Push Wheel Digital Deviation,Wixim,Electrical & Lighting,Temperature Controller,1920.00,20,wixim-p73-6.webp,,yes
K725,Wixim Temperature Controller K725 72x72 Analog LED Digital Indicating Knob Alarm,Wixim,Electrical & Lighting,Temperature Controller,2280.00,20,wixim-p73-7.webp,,yes
SC-3,Wixim Temperature Controller SC-3 96x96 Full Deviation Analog Indicating Knob,Wixim,Electrical & Lighting,Temperature Controller,1440.00,20,wixim-p73-8.webp,,yes
NO.124-2M,Wixim Thermocouple No.124 Screw-on K(CA) Type 2 meter,Wixim,Electrical & Lighting,Thermocouple,168.00,20,wixim-p73-9.webp,,yes
NO.124-3M,Wixim Thermocouple No.124 Screw-on K(CA) Type 3 meter,Wixim,Electrical & Lighting,Thermocouple,240.00,20,wixim-p73-9.webp,,yes
NO.125,Wixim Thermocouple No.125 Screw-on K(CA) Type 2m Lead Wire,Wixim,Electrical & Lighting,Thermocouple,216.00,20,wixim-p73-10.webp,,yes
NO.126,Wixim Thermocouple No.126 Probe Tube 4in K(CA) Type 2m Lead Wire,Wixim,Electrical & Lighting,Thermocouple,288.00,20,wixim-p73-11.webp,,yes
NO.147,Wixim Thermocouple No.147 15mm Ceramic 30cm,Wixim,Electrical & Lighting,Thermocouple,2280.00,20,wixim-p73-12.webp,,yes
NO.148,Wixim Thermocouple No.148 15mm Stainless 30cm,Wixim,Electrical & Lighting,Thermocouple,1152.00,20,wixim-p73-13.webp,,yes
NO.128,Wixim Thermocouple No.128 Probe Tube 6in K(CA) Type 2m Lead Wire,Wixim,Electrical & Lighting,Thermocouple,312.00,20,wixim-p73-14.webp,,yes
NO.130,Wixim Thermocouple No.130 Probe Tube 8in K(CA) Type 2m Lead Wire,Wixim,Electrical & Lighting,Thermocouple,336.00,20,wixim-p73-14.webp,,yes
TC-WIRE-K-PER-METER,Wixim Thermocouple Wire K(CA) Type per Meter,Wixim,Electrical & Lighting,Thermocouple,72.00,20,wixim-p73-15.webp,,yes
PT100/NO.127,Wixim Thermocouple Pt100/No.127 Tube Pt100 Type 2m Lead Wire,Wixim,Electrical & Lighting,Thermocouple,648.00,20,wixim-p73-16.webp,,yes
ST96-V,Wixim Digital Meter ST96-V LED 3 1/2 Digital Voltmeter 96x96,Wixim,Electrical & Lighting,Digital Meter,1680.00,20,wixim-p74-1.webp,,yes
ST72-V,Wixim Digital Meter ST72-V LED Voltmeter 72x72,Wixim,Electrical & Lighting,Digital Meter,1680.00,20,wixim-p74-2.webp,,yes
ST96H-V,Wixim Digital Meter ST96H-V LED Voltmeter 96x48,Wixim,Electrical & Lighting,Digital Meter,1680.00,20,wixim-p74-3.webp,,yes
ST96-A,Wixim Digital Meter ST96-A LED Ammeter 96x96,Wixim,Electrical & Lighting,Digital Meter,1680.00,20,wixim-p74-4.webp,,yes
ST72-A,Wixim Digital Meter ST72-A LED Ammeter 72x72,Wixim,Electrical & Lighting,Digital Meter,1680.00,20,wixim-p74-5.webp,,yes
ST96H-A,Wixim Digital Meter ST96H-A LED Ammeter 96x48,Wixim,Electrical & Lighting,Digital Meter,1680.00,20,wixim-p74-6.webp,,yes
ST96-F,Wixim Digital Meter ST96-F LED Hz Meter 96x96,Wixim,Electrical & Lighting,Digital Meter,1680.00,20,wixim-p74-7.webp,,yes
ST72-F,Wixim Digital Meter ST72-F LED Hz Meter 72x72,Wixim,Electrical & Lighting,Digital Meter,1680.00,20,wixim-p74-8.webp,,yes
ST96H-F,Wixim Digital Meter ST96H-F LED Hz Meter 96x48,Wixim,Electrical & Lighting,Digital Meter,1680.00,20,wixim-p74-9.webp,,yes
ST96-3V,Wixim Digital Meter ST96-3V Multi-Function 3-Phase Voltmeter 96x96,Wixim,Electrical & Lighting,Digital Meter,2640.00,20,wixim-p74-10.webp,,yes
ST96-3A,Wixim Digital Meter ST96-3A Multi-Function 3-Phase Ammeter 96x96,Wixim,Electrical & Lighting,Digital Meter,2640.00,20,wixim-p74-11.webp,,yes
ST96-3F,Wixim Digital Meter ST96-3F Multi-Function 3-Phase Hz Meter 96x96,Wixim,Electrical & Lighting,Digital Meter,2640.00,20,wixim-p74-12.webp,,yes
ST96-3UIF,Wixim Digital Meter ST96-3UIF Multi-Function 1V 1A 1Hz 96x96,Wixim,Electrical & Lighting,Digital Meter,2640.00,20,wixim-p74-13.webp,,yes
ST96-3IU,Wixim Digital Power Meter KW ST96-3IU V&A Circulation Type 96x96,Wixim,Electrical & Lighting,Digital Meter,3000.00,20,wixim-p74-14.webp,,yes
ST72-3IU,Wixim Digital Power Meter KW ST72-3IU V&A Circulation Type 72x72,Wixim,Electrical & Lighting,Digital Meter,3000.00,20,wixim-p74-14.webp,,yes
ST72-3V,Wixim Digital Meter ST72-3V Multi-Function 3-Phase Voltmeter 72x72,Wixim,Electrical & Lighting,Digital Meter,2640.00,20,wixim-p74-15.webp,,yes
ST72-3A,Wixim Digital Meter ST72-3A Multi-Function 3-Phase Ammeter 72x72,Wixim,Electrical & Lighting,Digital Meter,2640.00,20,wixim-p74-15.webp,,yes
ST72-3F,Wixim Digital Meter ST72-3F Multi-Function 3-Phase Hz Meter 72x72,Wixim,Electrical & Lighting,Digital Meter,2640.00,20,wixim-p74-15.webp,,yes
ST72-3UIF,Wixim Digital Meter ST72-3UIF Multi-Function 1V 1A 1Hz 72x72,Wixim,Electrical & Lighting,Digital Meter,2640.00,20,wixim-p74-15.webp,,yes
SF-AC-VOLTMETER,Wixim Analog Panel Meter SF Series AC Voltmeter 0-150V/0-300V/0-600V,Wixim,Electrical & Lighting,Panel Meter,288.00,20,wixim-p75-1.webp,,yes
SF-DC-VOLTMETER,Wixim Analog Panel Meter SF Series DC Voltmeter 10V-10KV,Wixim,Electrical & Lighting,Panel Meter,312.00,20,wixim-p75-1.webp,,yes
SF-AC-AMMETER,Wixim Analog Panel Meter SF Series AC Ammeter 1A-6000A (with C/T 5A),Wixim,Electrical & Lighting,Panel Meter,288.00,20,wixim-p75-1.webp,,yes
SF-DC-AMMETER,Wixim Analog Panel Meter SF Series DC Ammeter 50uA-10KA (with Shunt 50mV),Wixim,Electrical & Lighting,Panel Meter,312.00,20,wixim-p75-1.webp,,yes
SF-FREQUENCY-METER,Wixim Analog Panel Meter SF Series Frequency Meter 45-65Hz AC110/220/440V,Wixim,Electrical & Lighting,Panel Meter,948.00,20,wixim-p75-1.webp,,yes
SF-POWER-FACTOR-METER,Wixim Analog Panel Meter SF Series Power Factor Meter (COS) AC110/220/440V 1A or 5A 1/3-Phase,Wixim,Electrical & Lighting,Panel Meter,2160.00,20,wixim-p75-1.webp,,yes
SF-POWER-METER-KW,Wixim Analog Panel Meter SF Series Power Meter (KW) AC110/220/440V 1A or 5A 1P1W/3P3W,Wixim,Electrical & Lighting,Panel Meter,3600.00,20,wixim-p75-1.webp,,yes
SF-670-RPM,Wixim Analog Panel Meter SF-670 60x70 Tachometer 0-1800rpm,Wixim,Electrical & Lighting,Panel Meter,720.00,20,wixim-p75-2.webp,,yes
SF-40,Wixim Supply-Battery Panel Meter SF-40 40x40,Wixim,Electrical & Lighting,Supply-Battery Panel Meter,288.00,20,wixim-p75-3.webp,,yes
SF-55-55X50,Wixim Supply-Battery Panel Meter SF-55 55x50,Wixim,Electrical & Lighting,Supply-Battery Panel Meter,288.00,20,wixim-p75-4.webp,,yes
SF-48A,Wixim Supply-Battery Panel Meter SF-48A 48x48,Wixim,Electrical & Lighting,Supply-Battery Panel Meter,288.00,20,wixim-p75-5.webp,,yes
SF-55-55X48,Wixim Supply-Battery Panel Meter SF-55 55x48,Wixim,Electrical & Lighting,Supply-Battery Panel Meter,288.00,20,wixim-p75-6.webp,,yes
SF-96-VA,Wixim Analog Panel Meter SF-96 V/A 96x96mm,Wixim,Electrical & Lighting,Panel Meter,576.00,20,wixim-p76-1.webp,,yes
SF-96-HZ,Wixim Analog Panel Meter SF-96 Hz 96x96mm,Wixim,Electrical & Lighting,Panel Meter,1152.00,20,wixim-p76-2.webp,,yes
SF-72-VA,Wixim Analog Panel Meter SF-72 V/A 72x72mm,Wixim,Electrical & Lighting,Panel Meter,576.00,20,wixim-p76-3.webp,,yes
SF-72-HZ,Wixim Analog Panel Meter SF-72 Hz 72x72mm,Wixim,Electrical & Lighting,Panel Meter,1152.00,20,wixim-p76-4.webp,,yes
SF-48-VA,Wixim Analog Panel Meter SF-48 V/A 48x48mm,Wixim,Electrical & Lighting,Panel Meter,576.00,20,wixim-p76-5.webp,,yes
85L17-VA,Wixim Analog Panel Meter 85L17 V/A 70x40mm,Wixim,Electrical & Lighting,Panel Meter,600.00,20,wixim-p76-6.webp,,yes
LMZ1-0.5-10/5,Wixim Current Transformer LMZ1-0.5 10/5A Epoxy Molded 600V Class 0.5,Wixim,Electrical & Lighting,Current Transformer,1020.00,20,wixim-p76-7.webp,,yes
LMZ1-0.5-15/5,Wixim Current Transformer LMZ1-0.5 15/5A Epoxy Molded 600V Class 0.5,Wixim,Electrical & Lighting,Current Transformer,1020.00,20,wixim-p76-7.webp,,yes
LMZ1-0.5-20/5,Wixim Current Transformer LMZ1-0.5 20/5A Epoxy Molded 600V Class 0.5,Wixim,Electrical & Lighting,Current Transformer,1020.00,20,wixim-p76-7.webp,,yes
LMZ1-0.5-25/5,Wixim Current Transformer LMZ1-0.5 25/5A Epoxy Molded 600V Class 0.5,Wixim,Electrical & Lighting,Current Transformer,1020.00,20,wixim-p76-7.webp,,yes
LMZ1-0.5-30/5,Wixim Current Transformer LMZ1-0.5 30/5A Epoxy Molded 600V Class 0.5,Wixim,Electrical & Lighting,Current Transformer,1020.00,20,wixim-p76-7.webp,,yes
LMZ1-0.5-40/5,Wixim Current Transformer LMZ1-0.5 40/5A Epoxy Molded 600V Class 0.5,Wixim,Electrical & Lighting,Current Transformer,1020.00,20,wixim-p76-7.webp,,yes
LMZ1-0.5-50/5,Wixim Current Transformer LMZ1-0.5 50/5A Epoxy Molded 600V Class 0.5,Wixim,Electrical & Lighting,Current Transformer,1020.00,20,wixim-p76-7.webp,,yes
LMZ1-0.5-75/5,Wixim Current Transformer LMZ1-0.5 75/5A Epoxy Molded 600V Class 0.5,Wixim,Electrical & Lighting,Current Transformer,1020.00,20,wixim-p76-7.webp,,yes
LMZ1-0.5-100/5,Wixim Current Transformer LMZ1-0.5 100/5A Epoxy Molded 600V Class 0.5,Wixim,Electrical & Lighting,Current Transformer,1020.00,20,wixim-p76-7.webp,,yes
LMZ1-0.5-150/5,Wixim Current Transformer LMZ1-0.5 150/5A Epoxy Molded 600V Class 0.5,Wixim,Electrical & Lighting,Current Transformer,1020.00,20,wixim-p76-7.webp,,yes
LMZ1-0.5-200/5,Wixim Current Transformer LMZ1-0.5 200/5A Epoxy Molded 600V Class 0.5,Wixim,Electrical & Lighting,Current Transformer,1020.00,20,wixim-p76-7.webp,,yes
LMZ1-0.5-250/5,Wixim Current Transformer LMZ1-0.5 250/5A Epoxy Molded 600V Class 0.5,Wixim,Electrical & Lighting,Current Transformer,1020.00,20,wixim-p76-7.webp,,yes
LMZ1-0.5-300/5,Wixim Current Transformer LMZ1-0.5 300/5A Epoxy Molded 600V Class 0.5,Wixim,Electrical & Lighting,Current Transformer,1020.00,20,wixim-p76-7.webp,,yes
LMZ1-0.5-400/5,Wixim Current Transformer LMZ1-0.5 400/5A Epoxy Molded 600V Class 0.5,Wixim,Electrical & Lighting,Current Transformer,1320.00,20,wixim-p76-7.webp,,yes
LMZ1-0.5-500/5,Wixim Current Transformer LMZ1-0.5 500/5A Epoxy Molded 600V Class 0.5,Wixim,Electrical & Lighting,Current Transformer,1320.00,20,wixim-p76-7.webp,,yes
LMZ1-0.5-600/5,Wixim Current Transformer LMZ1-0.5 600/5A Epoxy Molded 600V Class 0.5,Wixim,Electrical & Lighting,Current Transformer,1320.00,20,wixim-p76-7.webp,,yes
MSQ-30-10/5,Wixim Current Transformer MSQ-30 10/5A,Wixim,Electrical & Lighting,Current Transformer,432.00,20,wixim-p76-8.webp,,yes
MSQ-30-15/5,Wixim Current Transformer MSQ-30 15/5A,Wixim,Electrical & Lighting,Current Transformer,432.00,20,wixim-p76-8.webp,,yes
MSQ-30-20/5,Wixim Current Transformer MSQ-30 20/5A,Wixim,Electrical & Lighting,Current Transformer,432.00,20,wixim-p76-8.webp,,yes
MSQ-30-25/5,Wixim Current Transformer MSQ-30 25/5A,Wixim,Electrical & Lighting,Current Transformer,432.00,20,wixim-p76-8.webp,,yes
MSQ-30-30/5,Wixim Current Transformer MSQ-30 30/5A,Wixim,Electrical & Lighting,Current Transformer,432.00,20,wixim-p76-8.webp,,yes
MSQ-30-40/5,Wixim Current Transformer MSQ-30 40/5A,Wixim,Electrical & Lighting,Current Transformer,432.00,20,wixim-p76-8.webp,,yes
MSQ-30-50/5,Wixim Current Transformer MSQ-30 50/5A,Wixim,Electrical & Lighting,Current Transformer,432.00,20,wixim-p76-8.webp,,yes
MSQ-30-60/5,Wixim Current Transformer MSQ-30 60/5A,Wixim,Electrical & Lighting,Current Transformer,432.00,20,wixim-p76-8.webp,,yes
MSQ-30-75/5,Wixim Current Transformer MSQ-30 75/5A,Wixim,Electrical & Lighting,Current Transformer,432.00,20,wixim-p76-8.webp,,yes
MSQ-30-100/5,Wixim Current Transformer MSQ-30 100/5A,Wixim,Electrical & Lighting,Current Transformer,432.00,20,wixim-p76-8.webp,,yes
MSQ-30-150/5,Wixim Current Transformer MSQ-30 150/5A,Wixim,Electrical & Lighting,Current Transformer,432.00,20,wixim-p76-8.webp,,yes
MSQ-30-200/5,Wixim Current Transformer MSQ-30 200/5A,Wixim,Electrical & Lighting,Current Transformer,432.00,20,wixim-p76-8.webp,,yes
MSQ-30-250/5,Wixim Current Transformer MSQ-30 250/5A,Wixim,Electrical & Lighting,Current Transformer,432.00,20,wixim-p76-8.webp,,yes
MSQ-30-300/5,Wixim Current Transformer MSQ-30 300/5A,Wixim,Electrical & Lighting,Current Transformer,432.00,20,wixim-p76-8.webp,,yes
MSQ-40-100/5,Wixim Current Transformer MSQ-40 100/5A,Wixim,Electrical & Lighting,Current Transformer,480.00,20,wixim-p76-8.webp,,yes
MSQ-40-150/5,Wixim Current Transformer MSQ-40 150/5A,Wixim,Electrical & Lighting,Current Transformer,480.00,20,wixim-p76-8.webp,,yes
MSQ-40-200/5,Wixim Current Transformer MSQ-40 200/5A,Wixim,Electrical & Lighting,Current Transformer,480.00,20,wixim-p76-8.webp,,yes
MSQ-40-250/5,Wixim Current Transformer MSQ-40 250/5A,Wixim,Electrical & Lighting,Current Transformer,480.00,20,wixim-p76-8.webp,,yes
MSQ-40-300/5,Wixim Current Transformer MSQ-40 300/5A,Wixim,Electrical & Lighting,Current Transformer,480.00,20,wixim-p76-8.webp,,yes
MSQ-40-400/5,Wixim Current Transformer MSQ-40 400/5A,Wixim,Electrical & Lighting,Current Transformer,480.00,20,wixim-p76-8.webp,,yes
MSQ-40-500/5,Wixim Current Transformer MSQ-40 500/5A,Wixim,Electrical & Lighting,Current Transformer,480.00,20,wixim-p76-8.webp,,yes
MSQ-40-600/5,Wixim Current Transformer MSQ-40 600/5A,Wixim,Electrical & Lighting,Current Transformer,480.00,20,wixim-p76-8.webp,,yes
MSQ-60-400/5,Wixim Current Transformer MSQ-60 400/5A,Wixim,Electrical & Lighting,Current Transformer,816.00,20,wixim-p76-8.webp,,yes
MSQ-60-500/5,Wixim Current Transformer MSQ-60 500/5A,Wixim,Electrical & Lighting,Current Transformer,816.00,20,wixim-p76-8.webp,,yes
MSQ-60-600/5,Wixim Current Transformer MSQ-60 600/5A,Wixim,Electrical & Lighting,Current Transformer,864.00,20,wixim-p76-8.webp,,yes
MSQ-60-800/5,Wixim Current Transformer MSQ-60 800/5A,Wixim,Electrical & Lighting,Current Transformer,864.00,20,wixim-p76-8.webp,,yes
MSQ-60-1000/5,Wixim Current Transformer MSQ-60 1000/5A,Wixim,Electrical & Lighting,Current Transformer,936.00,20,wixim-p76-8.webp,,yes
MSQ-60-1200/5,Wixim Current Transformer MSQ-60 1200/5A,Wixim,Electrical & Lighting,Current Transformer,936.00,20,wixim-p76-8.webp,,yes
MSQ-85-600/5,Wixim Current Transformer MSQ-85 600/5A,Wixim,Electrical & Lighting,Current Transformer,936.00,20,wixim-p76-8.webp,,yes
MSQ-85-800/5,Wixim Current Transformer MSQ-85 800/5A,Wixim,Electrical & Lighting,Current Transformer,936.00,20,wixim-p76-8.webp,,yes
MSQ-85-1000/5,Wixim Current Transformer MSQ-85 1000/5A,Wixim,Electrical & Lighting,Current Transformer,1080.00,20,wixim-p76-8.webp,,yes
MSQ-85-1200/5,Wixim Current Transformer MSQ-85 1200/5A,Wixim,Electrical & Lighting,Current Transformer,1080.00,20,wixim-p76-8.webp,,yes
MSQ-85-1500/5,Wixim Current Transformer MSQ-85 1500/5A,Wixim,Electrical & Lighting,Current Transformer,1080.00,20,wixim-p76-8.webp,,yes
MSQ-85-2000/5,Wixim Current Transformer MSQ-85 2000/5A,Wixim,Electrical & Lighting,Current Transformer,1320.00,20,wixim-p76-8.webp,,yes
MSQ-85-2500/5,Wixim Current Transformer MSQ-85 2500/5A,Wixim,Electrical & Lighting,Current Transformer,1560.00,20,wixim-p76-8.webp,,yes
MSQ-100-1200/5,Wixim Current Transformer MSQ-100 1200/5A,Wixim,Electrical & Lighting,Current Transformer,1200.00,20,wixim-p76-8.webp,,yes
MSQ-100-1500/5,Wixim Current Transformer MSQ-100 1500/5A,Wixim,Electrical & Lighting,Current Transformer,1200.00,20,wixim-p76-8.webp,,yes
MSQ-100-1600/5,Wixim Current Transformer MSQ-100 1600/5A,Wixim,Electrical & Lighting,Current Transformer,1320.00,20,wixim-p76-8.webp,,yes
MSQ-100-2000/5,Wixim Current Transformer MSQ-100 2000/5A,Wixim,Electrical & Lighting,Current Transformer,1560.00,20,wixim-p76-8.webp,,yes
MSQ-100-2500/5,Wixim Current Transformer MSQ-100 2500/5A,Wixim,Electrical & Lighting,Current Transformer,1920.00,20,wixim-p76-8.webp,,yes
MSQ-100-3000/5,Wixim Current Transformer MSQ-100 3000/5A,Wixim,Electrical & Lighting,Current Transformer,2040.00,20,wixim-p76-8.webp,,yes
MSQ-120-2500/5,Wixim Current Transformer MSQ-120 2500/5A,Wixim,Electrical & Lighting,Current Transformer,3720.00,20,wixim-p76-8.webp,,yes
MSQ-120-3000/5,Wixim Current Transformer MSQ-120 3000/5A,Wixim,Electrical & Lighting,Current Transformer,4080.00,20,wixim-p76-8.webp,,yes
MSQ-120-4000/5,Wixim Current Transformer MSQ-120 4000/5A,Wixim,Electrical & Lighting,Current Transformer,4200.00,20,wixim-p76-8.webp,,yes
MSQ-120-5000/5,Wixim Current Transformer MSQ-120 5000/5A,Wixim,Electrical & Lighting,Current Transformer,4440.00,20,wixim-p76-8.webp,,yes
RCT-35-10/5,Wixim Current Transformer RCT-35 35mm Round 10/5A,Wixim,Electrical & Lighting,Current Transformer,480.00,20,wixim-p77-1.webp,,yes
RCT-35-15/5,Wixim Current Transformer RCT-35 35mm Round 15/5A,Wixim,Electrical & Lighting,Current Transformer,480.00,20,wixim-p77-1.webp,,yes
RCT-35-20/5,Wixim Current Transformer RCT-35 35mm Round 20/5A,Wixim,Electrical & Lighting,Current Transformer,480.00,20,wixim-p77-1.webp,,yes
RCT-35-25/5,Wixim Current Transformer RCT-35 35mm Round 25/5A,Wixim,Electrical & Lighting,Current Transformer,480.00,20,wixim-p77-1.webp,,yes
RCT-35-30/5,Wixim Current Transformer RCT-35 35mm Round 30/5A,Wixim,Electrical & Lighting,Current Transformer,480.00,20,wixim-p77-1.webp,,yes
RCT-35-40/5,Wixim Current Transformer RCT-35 35mm Round 40/5A,Wixim,Electrical & Lighting,Current Transformer,480.00,20,wixim-p77-1.webp,,yes
RCT-35-50/5,Wixim Current Transformer RCT-35 35mm Round 50/5A,Wixim,Electrical & Lighting,Current Transformer,480.00,20,wixim-p77-1.webp,,yes
RCT-35-60/5,Wixim Current Transformer RCT-35 35mm Round 60/5A,Wixim,Electrical & Lighting,Current Transformer,480.00,20,wixim-p77-1.webp,,yes
RCT-35-75/5,Wixim Current Transformer RCT-35 35mm Round 75/5A,Wixim,Electrical & Lighting,Current Transformer,480.00,20,wixim-p77-1.webp,,yes
RCT-35-100/5,Wixim Current Transformer RCT-35 35mm Round 100/5A,Wixim,Electrical & Lighting,Current Transformer,480.00,20,wixim-p77-1.webp,,yes
RCT-35-150/5,Wixim Current Transformer RCT-35 35mm Round 150/5A,Wixim,Electrical & Lighting,Current Transformer,480.00,20,wixim-p77-1.webp,,yes
RCT-35-200/5,Wixim Current Transformer RCT-35 35mm Round 200/5A,Wixim,Electrical & Lighting,Current Transformer,480.00,20,wixim-p77-1.webp,,yes
RCT-35-250/5,Wixim Current Transformer RCT-35 35mm Round 250/5A,Wixim,Electrical & Lighting,Current Transformer,480.00,20,wixim-p77-1.webp,,yes
RCT-35-300/5,Wixim Current Transformer RCT-35 35mm Round 300/5A,Wixim,Electrical & Lighting,Current Transformer,480.00,20,wixim-p77-1.webp,,yes
RCT-58-400/5,Wixim Current Transformer RCT-58 58mm Round 400/5A,Wixim,Electrical & Lighting,Current Transformer,660.00,20,wixim-p77-1.webp,,yes
RCT-58-500/5,Wixim Current Transformer RCT-58 58mm Round 500/5A,Wixim,Electrical & Lighting,Current Transformer,696.00,20,wixim-p77-1.webp,,yes
RCT-58-600/5,Wixim Current Transformer RCT-58 58mm Round 600/5A,Wixim,Electrical & Lighting,Current Transformer,780.00,20,wixim-p77-1.webp,,yes
RCT-58-800/5,Wixim Current Transformer RCT-58 58mm Round 800/5A,Wixim,Electrical & Lighting,Current Transformer,864.00,20,wixim-p77-1.webp,,yes
RCT-90-1000/5,Wixim Current Transformer RCT-90 90mm Round 1000/5A,Wixim,Electrical & Lighting,Current Transformer,1092.00,20,wixim-p77-1.webp,,yes
RCT-90-1200/5,Wixim Current Transformer RCT-90 90mm Round 1200/5A,Wixim,Electrical & Lighting,Current Transformer,1260.00,20,wixim-p77-1.webp,,yes
RCT-90-1500/5,Wixim Current Transformer RCT-90 90mm Round 1500/5A,Wixim,Electrical & Lighting,Current Transformer,1380.00,20,wixim-p77-1.webp,,yes
RCT-90-1600/5,Wixim Current Transformer RCT-90 90mm Round 1600/5A,Wixim,Electrical & Lighting,Current Transformer,1680.00,20,wixim-p77-1.webp,,yes
RCT-110-2000/5,Wixim Current Transformer RCT-110 110mm Round 2000/5A,Wixim,Electrical & Lighting,Current Transformer,2040.00,20,wixim-p77-1.webp,,yes
RCT-110-2500/5,Wixim Current Transformer RCT-110 110mm Round 2500/5A,Wixim,Electrical & Lighting,Current Transformer,2376.00,20,wixim-p77-1.webp,,yes
RCT-110-3000/5,Wixim Current Transformer RCT-110 110mm Round 3000/5A,Wixim,Electrical & Lighting,Current Transformer,2760.00,20,wixim-p77-1.webp,,yes
RCT-110-4000/5,Wixim Current Transformer RCT-110 110mm Round 4000/5A,Wixim,Electrical & Lighting,Current Transformer,3360.00,20,wixim-p77-1.webp,,yes
RCT-110-5000/5,Wixim Current Transformer RCT-110 110mm Round 5000/5A,Wixim,Electrical & Lighting,Current Transformer,4320.00,20,wixim-p77-1.webp,,yes
CP-23-100/5,Wixim Split Core Current Transformer CP-23 20x30 100/5A 1.5VA,Wixim,Electrical & Lighting,Current Transformer,2880.00,20,wixim-p77-2.webp,,yes
CP-23-150/5,Wixim Split Core Current Transformer CP-23 20x30 150/5A 1.5VA,Wixim,Electrical & Lighting,Current Transformer,2880.00,20,wixim-p77-2.webp,,yes
CP-23-200/5,Wixim Split Core Current Transformer CP-23 20x30 200/5A 1.5VA,Wixim,Electrical & Lighting,Current Transformer,2880.00,20,wixim-p77-2.webp,,yes
CP-23-300/5,Wixim Split Core Current Transformer CP-23 20x30 300/5A 1.5VA,Wixim,Electrical & Lighting,Current Transformer,2880.00,20,wixim-p77-2.webp,,yes
CP-58-200/5,Wixim Split Core Current Transformer CP-58 50x80 200/5A 2.5VA,Wixim,Electrical & Lighting,Current Transformer,3360.00,20,wixim-p77-2.webp,,yes
CP-58-250/5,Wixim Split Core Current Transformer CP-58 50x80 250/5A 2.5VA,Wixim,Electrical & Lighting,Current Transformer,3360.00,20,wixim-p77-2.webp,,yes
CP-58-300/5,Wixim Split Core Current Transformer CP-58 50x80 300/5A 2.5VA,Wixim,Electrical & Lighting,Current Transformer,3360.00,20,wixim-p77-2.webp,,yes
CP-58-400/5,Wixim Split Core Current Transformer CP-58 50x80 400/5A 2.5VA,Wixim,Electrical & Lighting,Current Transformer,3360.00,20,wixim-p77-2.webp,,yes
CP-88-300/5,Wixim Split Core Current Transformer CP-88 80x80 300/5A 5VA,Wixim,Electrical & Lighting,Current Transformer,4560.00,20,wixim-p77-2.webp,,yes
CP-88-400/5,Wixim Split Core Current Transformer CP-88 80x80 400/5A 5VA,Wixim,Electrical & Lighting,Current Transformer,4560.00,20,wixim-p77-2.webp,,yes
CP-88-500/5,Wixim Split Core Current Transformer CP-88 80x80 500/5A 5VA,Wixim,Electrical & Lighting,Current Transformer,4560.00,20,wixim-p77-2.webp,,yes
CP-88-600/5,Wixim Split Core Current Transformer CP-88 80x80 600/5A 5VA,Wixim,Electrical & Lighting,Current Transformer,4560.00,20,wixim-p77-2.webp,,yes
CP-88-800/5,Wixim Split Core Current Transformer CP-88 80x80 800/5A 5VA,Wixim,Electrical & Lighting,Current Transformer,4560.00,20,wixim-p77-2.webp,,yes
CP-812-400/5,Wixim Split Core Current Transformer CP-812 80x120 400/5A 7.5VA,Wixim,Electrical & Lighting,Current Transformer,6960.00,20,wixim-p77-2.webp,,yes
CP-812-500/5,Wixim Split Core Current Transformer CP-812 80x120 500/5A 7.5VA,Wixim,Electrical & Lighting,Current Transformer,6960.00,20,wixim-p77-2.webp,,yes
CP-812-600/5,Wixim Split Core Current Transformer CP-812 80x120 600/5A 7.5VA,Wixim,Electrical & Lighting,Current Transformer,6960.00,20,wixim-p77-2.webp,,yes
CP-812-800/5,Wixim Split Core Current Transformer CP-812 80x120 800/5A 7.5VA,Wixim,Electrical & Lighting,Current Transformer,6960.00,20,wixim-p77-2.webp,,yes
CP-812-1000/5,Wixim Split Core Current Transformer CP-812 80x120 1000/5A 10VA,Wixim,Electrical & Lighting,Current Transformer,8280.00,20,wixim-p77-2.webp,,yes
CP-812-1200/5,Wixim Split Core Current Transformer CP-812 80x120 1200/5A 10VA,Wixim,Electrical & Lighting,Current Transformer,8280.00,20,wixim-p77-2.webp,,yes
CP-812-1500/5,Wixim Split Core Current Transformer CP-812 80x120 1500/5A 10VA,Wixim,Electrical & Lighting,Current Transformer,8280.00,20,wixim-p77-2.webp,,yes
CP-816-1000/5,Wixim Split Core Current Transformer CP-816 80x160 1000/5A 15VA,Wixim,Electrical & Lighting,Current Transformer,11040.00,20,wixim-p77-2.webp,,yes
CP-816-1200/5,Wixim Split Core Current Transformer CP-816 80x160 1200/5A 15VA,Wixim,Electrical & Lighting,Current Transformer,11040.00,20,wixim-p77-2.webp,,yes
CP-816-1500/5,Wixim Split Core Current Transformer CP-816 80x160 1500/5A 15VA,Wixim,Electrical & Lighting,Current Transformer,11040.00,20,wixim-p77-2.webp,,yes
CP-816-1600/5,Wixim Split Core Current Transformer CP-816 80x160 1600/5A 15VA,Wixim,Electrical & Lighting,Current Transformer,11040.00,20,wixim-p77-2.webp,,yes
CP-816-2000/5,Wixim Split Core Current Transformer CP-816 80x160 2000/5A 20VA,Wixim,Electrical & Lighting,Current Transformer,12600.00,20,wixim-p77-2.webp,,yes
CP-816-2500/5,Wixim Split Core Current Transformer CP-816 80x160 2500/5A 20VA,Wixim,Electrical & Lighting,Current Transformer,12600.00,20,wixim-p77-2.webp,,yes
CP-816-3000/5,Wixim Split Core Current Transformer CP-816 80x160 3000/5A 30VA,Wixim,Electrical & Lighting,Current Transformer,13800.00,20,wixim-p77-2.webp,,yes
CP-816-4000/5,Wixim Split Core Current Transformer CP-816 80x160 4000/5A 30VA,Wixim,Electrical & Lighting,Current Transformer,13800.00,20,wixim-p77-2.webp,,yes
CP-816-5000/5,Wixim Split Core Current Transformer CP-816 80x160 5000/5A 30VA,Wixim,Electrical & Lighting,Current Transformer,13800.00,20,wixim-p77-2.webp,,yes
CP-816-6000/5,Wixim Split Core Current Transformer CP-816 80x160 6000/5A 30VA,Wixim,Electrical & Lighting,Current Transformer,13800.00,20,wixim-p77-2.webp,,yes
FSC-15KV-100A,Wixim Porcelain Fuse Cut-Out FSC-15KV 100A 10KA 15KV,Wixim,Electrical & Lighting,Porcelain High-Voltage Fuse Cut-Out,3960.00,20,wixim-p078-1.webp,,yes
FSC-15KV-200A,Wixim Porcelain Fuse Cut-Out FSC-15KV 200A 12KA 15KV,Wixim,Electrical & Lighting,Porcelain High-Voltage Fuse Cut-Out,4440.00,20,wixim-p078-1.webp,,yes
FSC-15KV-100A-BRK,Wixim Porcelain Fuse Cut-Out FSC-15KV 100A with Breaker 10KA 15KV,Wixim,Electrical & Lighting,Porcelain High-Voltage Fuse Cut-Out,4680.00,20,wixim-p078-1.webp,,yes
HRW12-15-100A,Wixim Zinc Oxide Fuse Cut-Out HRW12-15 100A 10KA 12-15KV,Wixim,Electrical & Lighting,Zinc Oxide Fuse Cut-Out,4680.00,20,wixim-p078-2.webp,,yes
HRW12-15-200A,Wixim Zinc Oxide Fuse Cut-Out HRW12-15 200A 12KA 12-15KV,Wixim,Electrical & Lighting,Zinc Oxide Fuse Cut-Out,5160.00,20,wixim-p078-2.webp,,yes
Y5C-10KV,Wixim Porcelain Lightning Arrester Y5C-10KV 10KA 10KV,Wixim,Electrical & Lighting,Porcelain Lightning Arrester,2640.00,20,wixim-p078-3.webp,,yes
Y5C-12KV,Wixim Porcelain Lightning Arrester Y5C-12KV 10KA 12KV,Wixim,Electrical & Lighting,Porcelain Lightning Arrester,3120.00,20,wixim-p078-3.webp,,yes
Y5C-15KV,Wixim Porcelain Lightning Arrester Y5C-15KV 10KA 15KV,Wixim,Electrical & Lighting,Porcelain Lightning Arrester,3720.00,20,wixim-p078-3.webp,,yes
YH10W-10,Wixim Zinc Oxide Lightning Arrester YH10W-10 10KA 10KV,Wixim,Electrical & Lighting,Zinc Oxide Lightning Arrester,2880.00,20,wixim-p078-4.webp,,yes
YH10W-12,Wixim Zinc Oxide Lightning Arrester YH10W-12 10KA 12KV,Wixim,Electrical & Lighting,Zinc Oxide Lightning Arrester,3360.00,20,wixim-p078-4.webp,,yes
YH10W-15,Wixim Zinc Oxide Lightning Arrester YH10W-15 10KA 15KV,Wixim,Electrical & Lighting,Zinc Oxide Lightning Arrester,3960.00,20,wixim-p078-4.webp,,yes
YH1.5W-0.28/1.3,Wixim Low Voltage Arrester YH1.5W-0.28/1.3 0.28KV,Wixim,Electrical & Lighting,Low Voltage Arrester,480.00,20,wixim-p078-5.webp,,yes
YH1.5W-0.5/2.6,Wixim Low Voltage Arrester YH1.5W-0.5/2.6 0.5KV,Wixim,Electrical & Lighting,Low Voltage Arrester,480.00,20,wixim-p078-5.webp,,yes
RCC12A,"Wixim Ground Rod Clamp RCC12A 1/2"" Rod, Conductor 16-50mm²",Wixim,Electrical & Lighting,Ground Rod Clamp,144.00,20,wixim-p079-1.webp,,yes
RCC16A,"Wixim Ground Rod Clamp RCC16A 5/8"" Rod, Conductor 16-70mm²",Wixim,Electrical & Lighting,Ground Rod Clamp,156.00,20,wixim-p079-1.webp,,yes
RCC20A,"Wixim Ground Rod Clamp RCC20A 3/4"" Rod, Conductor 35-95mm²",Wixim,Electrical & Lighting,Ground Rod Clamp,168.00,20,wixim-p079-1.webp,,yes
BY1-D/1-320-5,Wixim Surge Protective Device BY1-D/1-320-5 1P 320V 10KA 18mm,Wixim,Electrical & Lighting,Surge Protective Device,720.00,20,wixim-p079-2.webp,,yes
BY1-D/2-320-5,Wixim Surge Protective Device BY1-D/2-320-5 2P 320V 10KA 36mm,Wixim,Electrical & Lighting,Surge Protective Device,1440.00,20,wixim-p079-2.webp,,yes
BY1-D/3-320-5,Wixim Surge Protective Device BY1-D/3-320-5 3P 320V 10KA 54mm,Wixim,Electrical & Lighting,Surge Protective Device,2160.00,20,wixim-p079-2.webp,,yes
NT-00,Wixim Fuse Link NT-00 2-160A,Wixim,Electrical & Lighting,Fuse Link/Base,216.00,20,wixim-p079-3.webp,,yes
NT-0,Wixim Fuse Link NT-0 2-160A,Wixim,Electrical & Lighting,Fuse Link/Base,228.00,20,wixim-p079-4.webp,,yes
RT16-00,Wixim Fuse Base RT16-00,Wixim,Electrical & Lighting,Fuse Link/Base,240.00,20,wixim-p079-5.webp,,yes
RT16-0,Wixim Fuse Base RT16-0,Wixim,Electrical & Lighting,Fuse Link/Base,264.00,20,wixim-p079-6.webp,,yes
NH00C,Wixim Fuse Link NH00C 2-160A,Wixim,Electrical & Lighting,Fuse Link/Base,264.00,20,wixim-p079-7.webp,,yes
NH00C-BASE,Wixim Fuse Base NH00C Base,Wixim,Electrical & Lighting,Fuse Link/Base,300.00,20,wixim-p079-8.webp,,yes
RT14-20,Wixim Fuse Link RT14-20 10x38mm 1-32A 500VAC,Wixim,Electrical & Lighting,Fuse Link/Base,12.00,20,wixim-p079-9.webp,,yes
RT14-32,Wixim Fuse Link RT14-32 14x51mm 2-63A 500VAC,Wixim,Electrical & Lighting,Fuse Link/Base,24.00,20,wixim-p079-10.webp,,yes
RT18-32-1P,Wixim Fuse Holder RT18-32 1P 10x38mm with Light,Wixim,Electrical & Lighting,Fuse Link/Base,72.00,20,wixim-p079-11.webp,,yes
RT18-32-2P,Wixim Fuse Holder RT18-32 2P 10x38mm,Wixim,Electrical & Lighting,Fuse Link/Base,144.00,20,wixim-p079-12.webp,,yes
RT18-32X,Wixim Fuse Holder RT18-32X Luxury 1P 10x38mm,Wixim,Electrical & Lighting,Fuse Link/Base,96.00,20,wixim-p079-13.webp,,yes
RT18-63,Wixim Fuse Holder RT18-63 1P 14x51mm,Wixim,Electrical & Lighting,Fuse Link/Base,192.00,20,wixim-p079-14.webp,,yes
C45N-1P,Wixim Mini Circuit Breaker C45N 1P 1-63A 6KA,Wixim,Electrical & Lighting,Mini Circuit Breaker,144.00,20,wixim-p080-1.webp,,yes
C45N-2P,Wixim Mini Circuit Breaker C45N 2P 1-63A 6KA,Wixim,Electrical & Lighting,Mini Circuit Breaker,240.00,20,wixim-p080-2.webp,,yes
C45N-3P,Wixim Mini Circuit Breaker C45N 3P 1-63A 6KA,Wixim,Electrical & Lighting,Mini Circuit Breaker,432.00,20,wixim-p080-3.webp,,yes
C45N-4P,Wixim Mini Circuit Breaker C45N 4P 1-63A 6KA,Wixim,Electrical & Lighting,Mini Circuit Breaker,600.00,20,,,yes
NC-100-1P,Wixim Mini Circuit Breaker NC-100 1P 63-125A 10KA,Wixim,Electrical & Lighting,Mini Circuit Breaker,432.00,20,wixim-p080-4.webp,,yes
NC-100-2P,Wixim Mini Circuit Breaker NC-100 2P 63-125A 10KA,Wixim,Electrical & Lighting,Mini Circuit Breaker,864.00,20,wixim-p080-5.webp,,yes
NC-100-3P,Wixim Mini Circuit Breaker NC-100 3P 63-125A 10KA,Wixim,Electrical & Lighting,Mini Circuit Breaker,1320.00,20,wixim-p080-6.webp,,yes
DZ47-63DC-1P,Wixim DC Solar Mini Circuit Breaker DZ47-63DC 1P 6-63A DC1200V,Wixim,Electrical & Lighting,DC/Solar Mini Circuit Breaker,240.00,20,wixim-p080-7.webp,,yes
DZ47-63DC-2P,Wixim DC Solar Mini Circuit Breaker DZ47-63DC 2P 6-63A DC1200V,Wixim,Electrical & Lighting,DC/Solar Mini Circuit Breaker,432.00,20,wixim-p080-8.webp,,yes
DZ47-63DC-3P,Wixim DC Solar Mini Circuit Breaker DZ47-63DC 3P 6-63A DC1200V,Wixim,Electrical & Lighting,DC/Solar Mini Circuit Breaker,648.00,20,wixim-p080-9.webp,,yes
C45L-1P,Wixim Earth Leakage Circuit Breaker C45L 1P,Wixim,Electrical & Lighting,Earth Leakage Circuit Breaker,600.00,20,wixim-p080-10.webp,,yes
C45L-2P,Wixim Earth Leakage Circuit Breaker C45L 2P,Wixim,Electrical & Lighting,Earth Leakage Circuit Breaker,720.00,20,wixim-p080-11.webp,,yes
C45L-3P,Wixim Earth Leakage Circuit Breaker C45L 3P,Wixim,Electrical & Lighting,Earth Leakage Circuit Breaker,1080.00,20,wixim-p080-12.webp,,yes
TRL-32,Wixim Residual Current Circuit Breaker TRL-32 2P 30A,Wixim,Electrical & Lighting,Residual Current Circuit Breaker,720.00,20,wixim-p080-13.webp,,yes
DZ47-60T,Wixim Dual MCB MTS DZ47-60T 1P,Wixim,Electrical & Lighting,Dual MCB MTS,456.00,20,wixim-p080-14.webp,,yes
BASE-HORN-70MM,Wixim Base Horn 70mm DC6V/DC12V,Wixim,Electrical & Lighting,Base Horn,48.00,20,wixim-p080-15.webp,,yes
AH-100,Wixim Din Rail AH-100 Normal Steel 1.0mm 6.2x15mm,Wixim,Electrical & Lighting,Din Rail,103.20,20,wixim-p081-1.webp,,yes
8500-HD,Wixim Din Rail 8500 HD Steel 1.0mm 6.2x15mm,Wixim,Electrical & Lighting,Din Rail,156.00,20,wixim-p081-2.webp,,yes
AL-100,Wixim Din Rail AL-100 Normal Aluminium 0.9mm 4.2x15mm,Wixim,Electrical & Lighting,Din Rail,115.20,20,wixim-p081-3.webp,,yes
5600-HD,Wixim Din Rail 5600 HD Aluminium 1.4mm 5.2x12mm,Wixim,Electrical & Lighting,Din Rail,204.00,20,wixim-p081-4.webp,,yes
WX-8600,Wixim Din Rail 8600 Aluminium 1.1mm 4.4x24mm,Wixim,Electrical & Lighting,Din Rail,168.00,20,wixim-p081-5.webp,,yes
DIN-RAIL-C-TYPE,Wixim Din Rail C Type Aluminium 1.1mm 5.2x25mm,Wixim,Electrical & Lighting,Din Rail,204.00,20,wixim-p081-6.webp,,yes
COMB-BUSBAR-1P-40A,Wixim Comb Busbar 1P 40A 6mm² H=5 for C45N/DZ47N,Wixim,Electrical & Lighting,Comb Busbar,360.00,20,wixim-p081-7.webp,,yes
COMB-BUSBAR-1P-63A,Wixim Comb Busbar 1P 63A 10mm² H=7 for C45N/DZ47N,Wixim,Electrical & Lighting,Comb Busbar,576.00,20,wixim-p081-7.webp,,yes
COMB-BUSBAR-1P-100A,Wixim Comb Busbar 1P 100A 16mm² H=9 for C45N/DZ47N,Wixim,Electrical & Lighting,Comb Busbar,960.00,20,wixim-p081-7.webp,,yes
COMB-BUSBAR-2P-40A,Wixim Comb Busbar 2P 40A 6mm² H=5 for C45N/DZ47N,Wixim,Electrical & Lighting,Comb Busbar,552.00,20,wixim-p081-8.webp,,yes
COMB-BUSBAR-2P-63A,Wixim Comb Busbar 2P 63A 10mm² H=7 for C45N/DZ47N,Wixim,Electrical & Lighting,Comb Busbar,768.00,20,wixim-p081-8.webp,,yes
COMB-BUSBAR-2P-100A,Wixim Comb Busbar 2P 100A 16mm² H=9 for C45N/DZ47N,Wixim,Electrical & Lighting,Comb Busbar,1440.00,20,wixim-p081-8.webp,,yes
COMB-BUSBAR-3P-40A,Wixim Comb Busbar 3P 40A 6mm² H=5 for C45N/DZ47N,Wixim,Electrical & Lighting,Comb Busbar,744.00,20,wixim-p081-9.webp,,yes
COMB-BUSBAR-3P-63A,Wixim Comb Busbar 3P 63A 10mm² H=7 for C45N/DZ47N,Wixim,Electrical & Lighting,Comb Busbar,1152.00,20,wixim-p081-9.webp,,yes
COMB-BUSBAR-3P-100A,Wixim Comb Busbar 3P 100A 16mm² H=9 for C45N/DZ47N,Wixim,Electrical & Lighting,Comb Busbar,2016.00,20,wixim-p081-9.webp,,yes
E2E-X2ME1,Wixim Proximity Switch E2E-X2ME1 DC6-36V 3-Wire NPN NO 2mm M8 Unshielded,Wixim,Electrical & Lighting,Proximity Switch,780.00,20,wixim-p082-1.webp,,yes
E2E-X2MF1,Wixim Proximity Switch E2E-X2MF1 DC6-36V 3-Wire PNP NO 2mm M8 Unshielded,Wixim,Electrical & Lighting,Proximity Switch,780.00,20,wixim-p082-1.webp,,yes
E2E-X2E1,Wixim Proximity Switch E2E-X2E1 DC6-36V 3-Wire NPN NO 2mm M12 Shielded,Wixim,Electrical & Lighting,Proximity Switch,780.00,20,wixim-p082-1.webp,,yes
E2E-X2F1,Wixim Proximity Switch E2E-X2F1 DC6-36V 3-Wire PNP NO 2mm M12 Shielded,Wixim,Electrical & Lighting,Proximity Switch,780.00,20,wixim-p082-1.webp,,yes
E2E-X5ME1,Wixim Proximity Switch E2E-X5ME1 DC6-36V 3-Wire NPN NO 5mm M12 Unshielded,Wixim,Electrical & Lighting,Proximity Switch,912.00,20,wixim-p082-1.webp,,yes
E2E-X5MF1,Wixim Proximity Switch E2E-X5MF1 DC6-36V 3-Wire PNP NO 5mm M12 Unshielded,Wixim,Electrical & Lighting,Proximity Switch,912.00,20,wixim-p082-1.webp,,yes
E2E-X5E1,Wixim Proximity Switch E2E-X5E1 DC6-36V 3-Wire NPN NO 5mm M18 Shielded,Wixim,Electrical & Lighting,Proximity Switch,912.00,20,wixim-p082-1.webp,,yes
E2E-X5F1,Wixim Proximity Switch E2E-X5F1 DC6-36V 3-Wire PNP NO 5mm M18 Shielded,Wixim,Electrical & Lighting,Proximity Switch,912.00,20,wixim-p082-1.webp,,yes
E2E-X10ME1,Wixim Proximity Switch E2E-X10ME1 DC6-36V 3-Wire NPN NO 10mm M18 Unshielded,Wixim,Electrical & Lighting,Proximity Switch,1152.00,20,wixim-p082-1.webp,,yes
E2E-X10MF1,Wixim Proximity Switch E2E-X10MF1 DC6-36V 3-Wire PNP NO 10mm M18 Unshielded,Wixim,Electrical & Lighting,Proximity Switch,1152.00,20,wixim-p082-1.webp,,yes
E2E-X10E1,Wixim Proximity Switch E2E-X10E1 DC6-36V 3-Wire NPN NO 10mm M30 Shielded,Wixim,Electrical & Lighting,Proximity Switch,1152.00,20,wixim-p082-1.webp,,yes
E2E-X10F1,Wixim Proximity Switch E2E-X10F1 DC6-36V 3-Wire PNP NO 10mm M30 Shielded,Wixim,Electrical & Lighting,Proximity Switch,1152.00,20,wixim-p082-1.webp,,yes
E2E-X18ME1,Wixim Proximity Switch E2E-X18ME1 DC6-36V 3-Wire NPN NO 18mm M30 Unshielded,Wixim,Electrical & Lighting,Proximity Switch,1320.00,20,wixim-p082-1.webp,,yes
E2E-X18MF1,Wixim Proximity Switch E2E-X18MF1 DC6-36V 3-Wire PNP NO 18mm M30 Unshielded,Wixim,Electrical & Lighting,Proximity Switch,1320.00,20,wixim-p082-1.webp,,yes
E2E-X2Y1,Wixim Proximity Switch E2E-X2Y1 AC220V 2-Wire NO 2mm M12 Shielded,Wixim,Electrical & Lighting,Proximity Switch,780.00,20,wixim-p082-1.webp,,yes
E2E-X5MY1,Wixim Proximity Switch E2E-X5MY1 AC220V 2-Wire NO 5mm M12 Unshielded,Wixim,Electrical & Lighting,Proximity Switch,912.00,20,wixim-p082-1.webp,,yes
E2E-X5Y1,Wixim Proximity Switch E2E-X5Y1 AC220V 2-Wire NO 5mm M18 Shielded,Wixim,Electrical & Lighting,Proximity Switch,912.00,20,wixim-p082-1.webp,,yes
E2E-X10MY1,Wixim Proximity Switch E2E-X10MY1 AC220V 2-Wire NO 10mm M12 Unshielded,Wixim,Electrical & Lighting,Proximity Switch,1152.00,20,wixim-p082-1.webp,,yes
E2E-X10Y1,Wixim Proximity Switch E2E-X10Y1 AC220V 2-Wire NO 10mm M30 Shielded,Wixim,Electrical & Lighting,Proximity Switch,1152.00,20,wixim-p082-1.webp,,yes
E2E-X18MY1,Wixim Proximity Switch E2E-X18MY1 AC220V 2-Wire NO 18mm M30 Unshielded,Wixim,Electrical & Lighting,Proximity Switch,1320.00,20,wixim-p082-1.webp,,yes
TL-Q5MC1,Wixim Proximity Switch TL-Q5MC1 DC6-36V 3-Wire NPN NO 5mm 17x17x35mm,Wixim,Electrical & Lighting,Proximity Switch,432.00,20,wixim-p082-2.webp,,yes
TL-Q5MC2,Wixim Proximity Switch TL-Q5MC2 DC6-36V 3-Wire NPN NC 5mm 17x17x35mm,Wixim,Electrical & Lighting,Proximity Switch,432.00,20,wixim-p082-2.webp,,yes
TL-Q5MB1,Wixim Proximity Switch TL-Q5MB1 DC6-36V 3-Wire PNP NO 5mm 17x17x35mm,Wixim,Electrical & Lighting,Proximity Switch,432.00,20,wixim-p082-2.webp,,yes
TL-N5ME1,Wixim Proximity Switch TL-N5ME1 DC6-36V 3-Wire NPN NO 5mm 25x25x38mm,Wixim,Electrical & Lighting,Proximity Switch,864.00,20,wixim-p082-3.webp,,yes
TL-N5MF1,Wixim Proximity Switch TL-N5MF1 DC6-36V 3-Wire PNP NO 5mm 25x25x38mm,Wixim,Electrical & Lighting,Proximity Switch,864.00,20,wixim-p082-3.webp,,yes
TL-N5MY1,Wixim Proximity Switch TL-N5MY1 AC90-250V 3-Wire NO 5mm 25x25x38mm,Wixim,Electrical & Lighting,Proximity Switch,864.00,20,wixim-p082-3.webp,,yes
TL-N10MY1,Wixim Proximity Switch TL-N10MY1 AC90-250V 3-Wire NO 5mm 30x30x52mm,Wixim,Electrical & Lighting,Proximity Switch,1260.00,20,wixim-p082-3.webp,,yes
TL-N10ME1,Wixim Proximity Switch TL-N10ME1 DC6-36V 3-Wire NPN NO 10mm 30x30x52mm,Wixim,Electrical & Lighting,Proximity Switch,1260.00,20,wixim-p082-3.webp,,yes
TL-N10MF1,Wixim Proximity Switch TL-N10MF1 DC6-36V 3-Wire PNP NO 10mm 30x30x52mm,Wixim,Electrical & Lighting,Proximity Switch,1260.00,20,wixim-p082-3.webp,,yes
SN04-N,Wixim Proximity Switch SN04-N DC6-36V 3-Wire NPN NO 5mm 18x18x36mm,Wixim,Electrical & Lighting,Proximity Switch,432.00,20,wixim-p082-4.webp,,yes
SN04-P,Wixim Proximity Switch SN04-P DC6-36V 3-Wire PNP NO 5mm 18x18x36mm,Wixim,Electrical & Lighting,Proximity Switch,432.00,20,wixim-p082-4.webp,,yes
PL-05N,Wixim Proximity Switch PL-05N Red,Wixim,Electrical & Lighting,Proximity Switch,432.00,20,,,yes
PS-05N,Wixim Proximity Switch PS-05N Red,Wixim,Electrical & Lighting,Proximity Switch,432.00,20,,,yes
PL-05P,Wixim Proximity Switch PL-05P Green,Wixim,Electrical & Lighting,Proximity Switch,432.00,20,,,yes
PS-05P,Wixim Proximity Switch PS-05P Green,Wixim,Electrical & Lighting,Proximity Switch,432.00,20,,,yes
E3JK-DS30M1-A,Wixim Photoelectric Switch E3JK-DS30M1-A AC220V NO 30cm,Wixim,Electrical & Lighting,Proximity Switch,1440.00,20,wixim-p082-5.webp,,yes
E3JK-DS30M2-A,Wixim Photoelectric Switch E3JK-DS30M2-A AC220V NC 30cm,Wixim,Electrical & Lighting,Proximity Switch,1440.00,20,wixim-p082-5.webp,,yes
E3JK-R4M-A,Wixim Photoelectric Switch E3JK-R4M-A AC220V 4m(2m),Wixim,Electrical & Lighting,Proximity Switch,1920.00,20,wixim-p082-5.webp,,yes
E3JK-5DM-A,Wixim Photoelectric Switch E3JK-5DM-A AC220V 5m(10m),Wixim,Electrical & Lighting,Proximity Switch,2160.00,20,wixim-p082-5.webp,,yes
ASR-10DA,Wixim Solid State Relay ASR-10DA DC-AC 10A Input 4-32VDC Load 24-280VAC,Wixim,Electrical & Lighting,Solid State Relay,960.00,20,wixim-p083-1.webp,,yes
ASR-15DA,Wixim Solid State Relay ASR-15DA DC-AC 15A Input 4-32VDC Load 24-280VAC,Wixim,Electrical & Lighting,Solid State Relay,1020.00,20,wixim-p083-1.webp,,yes
ASR-25DA,Wixim Solid State Relay ASR-25DA DC-AC 25A Input 4-32VDC Load 24-280VAC,Wixim,Electrical & Lighting,Solid State Relay,1080.00,20,wixim-p083-1.webp,,yes
ASR-40DA,Wixim Solid State Relay ASR-40DA DC-AC 40A Input 4-32VDC Load 24-280VAC,Wixim,Electrical & Lighting,Solid State Relay,1500.00,20,wixim-p083-1.webp,,yes
ASR-50DA,Wixim Solid State Relay ASR-50DA DC-AC 50A Input 4-32VDC Load 24-280VAC,Wixim,Electrical & Lighting,Solid State Relay,1740.00,20,wixim-p083-1.webp,,yes
ASR-60DA,Wixim Solid State Relay ASR-60DA DC-AC 60A Input 4-32VDC Load 24-280VAC,Wixim,Electrical & Lighting,Solid State Relay,1980.00,20,wixim-p083-1.webp,,yes
ASR-75DA,Wixim Solid State Relay ASR-75DA DC-AC 75A Input 4-32VDC Load 24-280VAC,Wixim,Electrical & Lighting,Solid State Relay,2400.00,20,wixim-p083-1.webp,,yes
ASR-25DA-H,Wixim Solid State Relay ASR-25DA-H DC-AC 25A Input 4-32VDC Load 48-480VAC,Wixim,Electrical & Lighting,Solid State Relay,1980.00,20,wixim-p083-1.webp,,yes
ASR-40DA-H,Wixim Solid State Relay ASR-40DA-H DC-AC 40A Input 4-32VDC Load 48-480VAC,Wixim,Electrical & Lighting,Solid State Relay,2160.00,20,wixim-p083-1.webp,,yes
ASR-50DA-H,Wixim Solid State Relay ASR-50DA-H DC-AC 50A Input 4-32VDC Load 48-480VAC,Wixim,Electrical & Lighting,Solid State Relay,2700.00,20,wixim-p083-1.webp,,yes
ASR-60DA-H,Wixim Solid State Relay ASR-60DA-H DC-AC 60A Input 4-32VDC Load 48-480VAC,Wixim,Electrical & Lighting,Solid State Relay,2940.00,20,wixim-p083-1.webp,,yes
ASR-75DA-H,Wixim Solid State Relay ASR-75DA-H DC-AC 75A Input 4-32VDC Load 48-480VAC,Wixim,Electrical & Lighting,Solid State Relay,3300.00,20,wixim-p083-1.webp,,yes
ASR-10AA,Wixim Solid State Relay ASR-10AA AC-AC 10A Input 80-280VAC Load 24-280VAC,Wixim,Electrical & Lighting,Solid State Relay,960.00,20,wixim-p083-1.webp,,yes
ASR-15AA,Wixim Solid State Relay ASR-15AA AC-AC 15A Input 80-280VAC Load 24-280VAC,Wixim,Electrical & Lighting,Solid State Relay,1020.00,20,wixim-p083-1.webp,,yes
ASR-25AA,Wixim Solid State Relay ASR-25AA AC-AC 25A Input 80-280VAC Load 24-280VAC,Wixim,Electrical & Lighting,Solid State Relay,1140.00,20,wixim-p083-1.webp,,yes
ASR-40AA,Wixim Solid State Relay ASR-40AA AC-AC 40A Input 80-280VAC Load 24-280VAC,Wixim,Electrical & Lighting,Solid State Relay,1380.00,20,wixim-p083-1.webp,,yes
ASR-50AA,Wixim Solid State Relay ASR-50AA AC-AC 50A Input 80-280VAC Load 24-280VAC,Wixim,Electrical & Lighting,Solid State Relay,1800.00,20,wixim-p083-1.webp,,yes
ASR-60AA,Wixim Solid State Relay ASR-60AA AC-AC 60A Input 80-280VAC Load 24-280VAC,Wixim,Electrical & Lighting,Solid State Relay,2100.00,20,wixim-p083-1.webp,,yes
ASR-75AA,Wixim Solid State Relay ASR-75AA AC-AC 75A Input 80-280VAC Load 24-280VAC,Wixim,Electrical & Lighting,Solid State Relay,2700.00,20,wixim-p083-1.webp,,yes
ASR-15AA-H,Wixim Solid State Relay ASR-15AA-H AC-AC 15A Input 80-280VAC Load 48-480VAC,Wixim,Electrical & Lighting,Solid State Relay,1800.00,20,wixim-p083-1.webp,,yes
ASR-25AA-H,Wixim Solid State Relay ASR-25AA-H AC-AC 25A Input 80-280VAC Load 48-480VAC,Wixim,Electrical & Lighting,Solid State Relay,2100.00,20,wixim-p083-1.webp,,yes
ASR-40AA-H,Wixim Solid State Relay ASR-40AA-H AC-AC 40A Input 80-280VAC Load 48-480VAC,Wixim,Electrical & Lighting,Solid State Relay,2340.00,20,wixim-p083-1.webp,,yes
ASR-50AA-H,Wixim Solid State Relay ASR-50AA-H AC-AC 50A Input 80-280VAC Load 48-480VAC,Wixim,Electrical & Lighting,Solid State Relay,2700.00,20,wixim-p083-1.webp,,yes
ASR-60AA-H,Wixim Solid State Relay ASR-60AA-H AC-AC 60A Input 80-280VAC Load 48-480VAC,Wixim,Electrical & Lighting,Solid State Relay,3000.00,20,wixim-p083-1.webp,,yes
ASR-75AA-H,Wixim Solid State Relay ASR-75AA-H AC-AC 75A Input 80-280VAC Load 48-480VAC,Wixim,Electrical & Lighting,Solid State Relay,3300.00,20,wixim-p083-1.webp,,yes
ASR-05DD,Wixim Solid State Relay ASR-05DD DC-DC 5A Input 4-32VDC Load 5-120VDC,Wixim,Electrical & Lighting,Solid State Relay,1140.00,20,wixim-p083-1.webp,,yes
ASR-10DD,Wixim Solid State Relay ASR-10DD DC-DC 10A Input 4-32VDC Load 5-120VDC,Wixim,Electrical & Lighting,Solid State Relay,1260.00,20,wixim-p083-1.webp,,yes
ASR-25DD,Wixim Solid State Relay ASR-25DD DC-DC 25A Input 4-32VDC Load 5-120VDC,Wixim,Electrical & Lighting,Solid State Relay,1680.00,20,wixim-p083-1.webp,,yes
ASR-40DD,Wixim Solid State Relay ASR-40DD DC-DC 40A Input 4-32VDC Load 5-120VDC,Wixim,Electrical & Lighting,Solid State Relay,2400.00,20,wixim-p083-1.webp,,yes
013-6,Wixim Industrial Plug 013-6 16A 3P Blue IP44,Wixim,Electrical & Lighting,Industrial Plug,216.00,20,wixim-p084-1.webp,,yes
014-6,Wixim Industrial Plug 014-6 16A 4P Red IP44,Wixim,Electrical & Lighting,Industrial Plug,276.00,20,wixim-p084-2.webp,,yes
015-6,Wixim Industrial Plug 015-6 16A 5P Red IP44,Wixim,Electrical & Lighting,Industrial Plug,336.00,20,wixim-p084-2.webp,,yes
023-6,Wixim Industrial Plug 023-6 32A 3P Blue IP44,Wixim,Electrical & Lighting,Industrial Plug,384.00,20,wixim-p084-1.webp,,yes
024-6,Wixim Industrial Plug 024-6 32A 4P Red IP44,Wixim,Electrical & Lighting,Industrial Plug,432.00,20,wixim-p084-2.webp,,yes
025-6,Wixim Industrial Plug 025-6 32A 5P Red IP44,Wixim,Electrical & Lighting,Industrial Plug,516.00,20,wixim-p084-2.webp,,yes
213-6,Wixim Industrial Coupler/Connector 213-6 16A 3P Blue IP44,Wixim,Electrical & Lighting,Coupler/Connector,276.00,20,wixim-p084-3.webp,,yes
214-6,Wixim Industrial Coupler/Connector 214-6 16A 4P Red IP44,Wixim,Electrical & Lighting,Coupler/Connector,336.00,20,wixim-p084-4.webp,,yes
215-6,Wixim Industrial Coupler/Connector 215-6 16A 5P Red IP44,Wixim,Electrical & Lighting,Coupler/Connector,384.00,20,wixim-p084-4.webp,,yes
223-6,Wixim Industrial Coupler/Connector 223-6 32A 3P Blue IP44,Wixim,Electrical & Lighting,Coupler/Connector,468.00,20,wixim-p084-3.webp,,yes
224-6,Wixim Industrial Coupler/Connector 224-6 32A 4P Red IP44,Wixim,Electrical & Lighting,Coupler/Connector,528.00,20,wixim-p084-4.webp,,yes
225-6,Wixim Industrial Coupler/Connector 225-6 32A 5P Red IP44,Wixim,Electrical & Lighting,Coupler/Connector,600.00,20,wixim-p084-4.webp,,yes
113-6,Wixim Industrial Wall Mounted Socket 113-6 16A 3P Blue IP44,Wixim,Electrical & Lighting,Wall Mounted Socket,384.00,20,wixim-p084-5.webp,,yes
114-6,Wixim Industrial Wall Mounted Socket 114-6 16A 4P Red IP44,Wixim,Electrical & Lighting,Wall Mounted Socket,456.00,20,wixim-p084-6.webp,,yes
115-6,Wixim Industrial Wall Mounted Socket 115-6 16A 5P Red IP44,Wixim,Electrical & Lighting,Wall Mounted Socket,504.00,20,wixim-p084-6.webp,,yes
123-6,Wixim Industrial Wall Mounted Socket 123-6 32A 3P Blue IP44,Wixim,Electrical & Lighting,Wall Mounted Socket,480.00,20,wixim-p084-5.webp,,yes
124-6,Wixim Industrial Wall Mounted Socket 124-6 32A 4P Red IP44,Wixim,Electrical & Lighting,Wall Mounted Socket,552.00,20,wixim-p084-6.webp,,yes
125-6,Wixim Industrial Wall Mounted Socket 125-6 32A 5P Red IP44,Wixim,Electrical & Lighting,Wall Mounted Socket,660.00,20,wixim-p084-6.webp,,yes
0132-6,Wixim Industrial Plug 0132-6 16A 3P Blue IP67,Wixim,Electrical & Lighting,Industrial Plug,348.00,20,wixim-p084-7.webp,,yes
0142-6,Wixim Industrial Plug 0142-6 16A 4P Red IP67,Wixim,Electrical & Lighting,Industrial Plug,420.00,20,wixim-p084-8.webp,,yes
0152-6,Wixim Industrial Plug 0152-6 16A 5P Red IP67,Wixim,Electrical & Lighting,Industrial Plug,504.00,20,wixim-p084-8.webp,,yes
0232-6,Wixim Industrial Plug 0232-6 32A 3P Blue IP67,Wixim,Electrical & Lighting,Industrial Plug,576.00,20,wixim-p084-7.webp,,yes
0242-6,Wixim Industrial Plug 0242-6 32A 4P Red IP67,Wixim,Electrical & Lighting,Industrial Plug,672.00,20,wixim-p084-8.webp,,yes
0252-6,Wixim Industrial Plug 0252-6 32A 5P Red IP67,Wixim,Electrical & Lighting,Industrial Plug,744.00,20,wixim-p084-8.webp,,yes
2132-6,Wixim Industrial Coupler/Connector 2132-6 16A 3P Blue IP67,Wixim,Electrical & Lighting,Coupler/Connector,432.00,20,wixim-p084-9.webp,,yes
2142-6,Wixim Industrial Coupler/Connector 2142-6 16A 4P Red IP67,Wixim,Electrical & Lighting,Coupler/Connector,516.00,20,wixim-p084-10.webp,,yes
2152-6,Wixim Industrial Coupler/Connector 2152-6 16A 5P Red IP67,Wixim,Electrical & Lighting,Coupler/Connector,576.00,20,wixim-p084-10.webp,,yes
2232-6,Wixim Industrial Coupler/Connector 2232-6 32A 3P Blue IP67,Wixim,Electrical & Lighting,Coupler/Connector,732.00,20,wixim-p084-9.webp,,yes
2242-6,Wixim Industrial Coupler/Connector 2242-6 32A 4P Red IP67,Wixim,Electrical & Lighting,Coupler/Connector,792.00,20,wixim-p084-10.webp,,yes
2252-6,Wixim Industrial Coupler/Connector 2252-6 32A 5P Red IP67,Wixim,Electrical & Lighting,Coupler/Connector,876.00,20,wixim-p084-10.webp,,yes
1132-6,Wixim Industrial Wall Mounted Socket 1132-6 16A 3P Blue IP67,Wixim,Electrical & Lighting,Wall Mounted Socket,684.00,20,wixim-p084-11.webp,,yes
1142-6,Wixim Industrial Wall Mounted Socket 1142-6 16A 4P Red IP67,Wixim,Electrical & Lighting,Wall Mounted Socket,744.00,20,wixim-p084-12.webp,,yes
1152-6,Wixim Industrial Wall Mounted Socket 1152-6 16A 5P Red IP67,Wixim,Electrical & Lighting,Wall Mounted Socket,828.00,20,wixim-p084-12.webp,,yes
1232-6,Wixim Industrial Wall Mounted Socket 1232-6 32A 3P Blue IP67,Wixim,Electrical & Lighting,Wall Mounted Socket,900.00,20,wixim-p084-11.webp,,yes
1242-6,Wixim Industrial Wall Mounted Socket 1242-6 32A 4P Red IP67,Wixim,Electrical & Lighting,Wall Mounted Socket,948.00,20,wixim-p084-12.webp,,yes
1252-6,Wixim Industrial Wall Mounted Socket 1252-6 32A 5P Red IP67,Wixim,Electrical & Lighting,Wall Mounted Socket,1056.00,20,wixim-p084-12.webp,,yes
033-6,Wixim Industrial Plug 033-6 63A 3P Blue IP67,Wixim,Electrical & Lighting,Industrial Plug,1860.00,20,wixim-p085-1.webp,,yes
034-6,Wixim Industrial Plug 034-6 63A 4P Red IP67,Wixim,Electrical & Lighting,Industrial Plug,1980.00,20,wixim-p085-2.webp,,yes
035-6,Wixim Industrial Plug 035-6 63A 5P Red IP67,Wixim,Electrical & Lighting,Industrial Plug,2160.00,20,wixim-p085-2.webp,,yes
043-6,Wixim Industrial Plug 043-6 125A 3P Blue IP67,Wixim,Electrical & Lighting,Industrial Plug,4200.00,20,wixim-p085-1.webp,,yes
044-6,Wixim Industrial Plug 044-6 125A 4P Red IP67,Wixim,Electrical & Lighting,Industrial Plug,4560.00,20,wixim-p085-2.webp,,yes
045-6,Wixim Industrial Plug 045-6 125A 5P Red IP67,Wixim,Electrical & Lighting,Industrial Plug,5040.00,20,wixim-p085-2.webp,,yes
233-6,Wixim Industrial Coupler/Connector 233-6 63A 3P Blue IP67,Wixim,Electrical & Lighting,Coupler/Connector,2280.00,20,wixim-p085-3.webp,,yes
234-6,Wixim Industrial Coupler/Connector 234-6 63A 4P Red IP67,Wixim,Electrical & Lighting,Coupler/Connector,2400.00,20,wixim-p085-4.webp,,yes
235-6,Wixim Industrial Coupler/Connector 235-6 63A 5P Red IP67,Wixim,Electrical & Lighting,Coupler/Connector,2760.00,20,wixim-p085-4.webp,,yes
243-6,Wixim Industrial Coupler/Connector 243-6 125A 3P Blue IP67,Wixim,Electrical & Lighting,Coupler/Connector,4800.00,20,wixim-p085-3.webp,,yes
244-6,Wixim Industrial Coupler/Connector 244-6 125A 4P Red IP67,Wixim,Electrical & Lighting,Coupler/Connector,5160.00,20,wixim-p085-4.webp,,yes
245-6,Wixim Industrial Coupler/Connector 245-6 125A 5P Red IP67,Wixim,Electrical & Lighting,Coupler/Connector,5760.00,20,wixim-p085-4.webp,,yes
133-6,Wixim Industrial Wall Mounted Socket 133-6 63A 3P Blue IP67,Wixim,Electrical & Lighting,Wall Mounted Socket,2520.00,20,wixim-p085-5.webp,,yes
134-6,Wixim Industrial Wall Mounted Socket 134-6 63A 4P Red IP67,Wixim,Electrical & Lighting,Wall Mounted Socket,2760.00,20,wixim-p085-6.webp,,yes
135-6,Wixim Industrial Wall Mounted Socket 135-6 63A 5P Red IP67,Wixim,Electrical & Lighting,Wall Mounted Socket,3240.00,20,wixim-p085-6.webp,,yes
143-6,Wixim Industrial Wall Mounted Socket 143-6 125A 3P Blue IP67,Wixim,Electrical & Lighting,Wall Mounted Socket,6000.00,20,wixim-p085-5.webp,,yes
144-6,Wixim Industrial Wall Mounted Socket 144-6 125A 4P Red IP67,Wixim,Electrical & Lighting,Wall Mounted Socket,6240.00,20,wixim-p085-6.webp,,yes
145-6,Wixim Industrial Wall Mounted Socket 145-6 125A 5P Red IP67,Wixim,Electrical & Lighting,Wall Mounted Socket,6720.00,20,wixim-p085-6.webp,,yes
313-6,Wixim Industrial Panel Socket Straight 313-6 16A 3P Blue IP44,Wixim,Electrical & Lighting,"Panel Socket, Straight",312.00,20,wixim-p085-7.webp,,yes
314-6,Wixim Industrial Panel Socket Straight 314-6 16A 4P Red IP44,Wixim,Electrical & Lighting,"Panel Socket, Straight",384.00,20,wixim-p085-8.webp,,yes
315-6,Wixim Industrial Panel Socket Straight 315-6 16A 5P Red IP44,Wixim,Electrical & Lighting,"Panel Socket, Straight",444.00,20,wixim-p085-8.webp,,yes
323-6,Wixim Industrial Panel Socket Straight 323-6 32A 3P Blue IP44,Wixim,Electrical & Lighting,"Panel Socket, Straight",420.00,20,wixim-p085-7.webp,,yes
324-6,Wixim Industrial Panel Socket Straight 324-6 32A 4P Red IP44,Wixim,Electrical & Lighting,"Panel Socket, Straight",480.00,20,wixim-p085-8.webp,,yes
325-6,Wixim Industrial Panel Socket Straight 325-6 32A 5P Red IP44,Wixim,Electrical & Lighting,"Panel Socket, Straight",600.00,20,wixim-p085-8.webp,,yes
3132-6,Wixim Industrial Panel Socket Straight 3132-6 16A 3P Blue IP67,Wixim,Electrical & Lighting,"Panel Socket, Straight",432.00,20,wixim-p085-9.webp,,yes
3142-6,Wixim Industrial Panel Socket Straight 3142-6 16A 4P Red IP67,Wixim,Electrical & Lighting,"Panel Socket, Straight",480.00,20,wixim-p085-10.webp,,yes
3152-6,Wixim Industrial Panel Socket Straight 3152-6 16A 5P Red IP67,Wixim,Electrical & Lighting,"Panel Socket, Straight",528.00,20,wixim-p085-10.webp,,yes
3232-6,Wixim Industrial Panel Socket Straight 3232-6 32A 3P Blue IP67,Wixim,Electrical & Lighting,"Panel Socket, Straight",552.00,20,wixim-p085-9.webp,,yes
3242-6,Wixim Industrial Panel Socket Straight 3242-6 32A 4P Red IP67,Wixim,Electrical & Lighting,"Panel Socket, Straight",600.00,20,wixim-p085-10.webp,,yes
3252-6,Wixim Industrial Panel Socket Straight 3252-6 32A 5P Red IP67,Wixim,Electrical & Lighting,"Panel Socket, Straight",696.00,20,wixim-p085-10.webp,,yes
333-6,Wixim Industrial Panel Socket Straight 333-6 63A 3P Blue IP67,Wixim,Electrical & Lighting,"Panel Socket, Straight",2520.00,20,wixim-p085-11.webp,,yes
334-6,Wixim Industrial Panel Socket Straight 334-6 63A 4P Red IP67,Wixim,Electrical & Lighting,"Panel Socket, Straight",2640.00,20,wixim-p085-12.webp,,yes
335-6,Wixim Industrial Panel Socket Straight 335-6 63A 5P Red IP67,Wixim,Electrical & Lighting,"Panel Socket, Straight",2760.00,20,wixim-p085-12.webp,,yes
343-6,Wixim Industrial Panel Socket Straight 343-6 125A 3P Blue IP67,Wixim,Electrical & Lighting,"Panel Socket, Straight",5040.00,20,wixim-p085-11.webp,,yes
344-6,Wixim Industrial Panel Socket Straight 344-6 125A 4P Red IP67,Wixim,Electrical & Lighting,"Panel Socket, Straight",5520.00,20,wixim-p085-12.webp,,yes
345-6,Wixim Industrial Panel Socket Straight 345-6 125A 5P Red IP67,Wixim,Electrical & Lighting,"Panel Socket, Straight",6000.00,20,wixim-p085-12.webp,,yes
WX-1013,Wixim Industrial Splitter 1013 3-Way 16A 3P Blue 3 Socket IP44,Wixim,Electrical & Lighting,Industrial Splitter,1296.00,20,wixim-p085-14.webp,,yes
WX-1014,Wixim Industrial Splitter 1014 3-Way 16A 4P Red 3 Socket IP44,Wixim,Electrical & Lighting,Industrial Splitter,1800.00,20,wixim-p085-15.webp,,yes
WX-1023,Wixim Industrial Splitter 1023 3-Way 32A 3P Blue 3 Socket IP44,Wixim,Electrical & Lighting,Industrial Splitter,2880.00,20,wixim-p085-14.webp,,yes
WX-1024,Wixim Industrial Splitter 1024 3-Way 32A 4P Red 3 Socket IP44,Wixim,Electrical & Lighting,Industrial Splitter,3360.00,20,wixim-p085-15.webp,,yes
WX-1012,Wixim Industrial Splitter 1012 2-Way 16A 3P Blue 2 Socket IP44,Wixim,Electrical & Lighting,Industrial Splitter,1020.00,20,wixim-p085-13.webp,,yes
1012/4,Wixim Industrial Splitter 1012/4 2-Way 16A 4P Red 2 Socket IP44,Wixim,Electrical & Lighting,Industrial Splitter,1200.00,20,wixim-p085-13.webp,,yes
WX-10132,Wixim Industrial Splitter 10132 3-Way 16A 3P Blue 3 Socket IP67,Wixim,Electrical & Lighting,Industrial Splitter,1800.00,20,wixim-p085-16.webp,,yes
WX-10142,Wixim Industrial Splitter 10142 3-Way 16A 4P Red 3 Socket IP67,Wixim,Electrical & Lighting,Industrial Splitter,3000.00,20,wixim-p085-17.webp,,yes
W7012,Wixim Interlocked Switch Socket W7012 16A 3P Blue IP67,Wixim,Electrical & Lighting,Interlocked Switch Socket,4800.00,20,wixim-p086-1.webp,,yes
W5600,Wixim Interlocked Switch Socket W5600 16A 4P Red IP67,Wixim,Electrical & Lighting,Interlocked Switch Socket,5640.00,20,wixim-p086-2.webp,,yes
W5793,Wixim Interlocked Switch Socket W5793 32A 3P Blue IP67,Wixim,Electrical & Lighting,Interlocked Switch Socket,5040.00,20,wixim-p086-1.webp,,yes
W5605,Wixim Interlocked Switch Socket W5605 32A 4P Red IP67,Wixim,Electrical & Lighting,Interlocked Switch Socket,5880.00,20,wixim-p086-2.webp,,yes
513-6,Wixim Wall Mounted Inlet 513-6 16A 3P Blue,Wixim,Electrical & Lighting,Wall Mounted Inlet,480.00,20,wixim-p086-3.webp,,yes
613-6,Wixim Panel Mounted Inlet 613-6 16A 3P Blue,Wixim,Electrical & Lighting,Panel Mounted Inlet,312.00,20,wixim-p086-4.webp,,yes
6132-6,Wixim Panel Mounted Inlet 6132-6 16A 3P Blue,Wixim,Electrical & Lighting,Panel Mounted Inlet,408.00,20,wixim-p086-4.webp,,yes
AP1100-2,"Wixim Socket Box AP1100-2 2x 16A 3P Socket, 16A 3P Plug Input",Wixim,Electrical & Lighting,Combination of Socket Box,7200.00,20,wixim-p086-5.webp,,yes
AP9402-3,"Wixim Socket Box AP9402-3 3x 16A 3P Socket, 16A 3P Plug Input",Wixim,Electrical & Lighting,Combination of Socket Box,7920.00,20,wixim-p086-6.webp,,yes
AP9402-4,Wixim Socket Box AP9402-4 16A 3P Plug Input,Wixim,Electrical & Lighting,Combination of Socket Box,8520.00,20,wixim-p086-6.webp,,yes
AP1200-4,"Wixim Socket Box AP1200-4 4x 16A 3P Socket, 16A 3P Plug Input",Wixim,Electrical & Lighting,Combination of Socket Box,14160.00,20,wixim-p086-7.webp,,yes
AP1200-4-2,"Wixim Socket Box AP1200-4-2 4x 16A 3P Socket IP67, 16A 3P Plug Input",Wixim,Electrical & Lighting,Combination of Socket Box,14760.00,20,wixim-p086-7.webp,,yes
AP1203,"Wixim Socket Box AP1203 4x 16A 3P Socket, 16A 3P Plug Input",Wixim,Electrical & Lighting,Combination of Socket Box,11400.00,20,wixim-p086-8.webp,,yes
AP1203-2,"Wixim Socket Box AP1203-2 4x 16A 3P Socket IP67, 16A 3P Plug Input",Wixim,Electrical & Lighting,Combination of Socket Box,12000.00,20,wixim-p086-8.webp,,yes
AP1204,"Wixim Socket Box AP1204 4x 16A 4P Socket, 16A 4P 440V Plug Input",Wixim,Electrical & Lighting,Combination of Socket Box,12000.00,20,,,yes
AP1204-2,"Wixim Socket Box AP1204-2 4x 16A 4P Socket IP67, 16A 4P 440V Plug Input",Wixim,Electrical & Lighting,Combination of Socket Box,12720.00,20,,,yes
AP1204-1,Wixim Socket Box AP1204-1 2x 16A 3P + 2x 16A 4P Socket,Wixim,Electrical & Lighting,Combination of Socket Box,11760.00,20,wixim-p086-9.webp,,yes
AP1206,"Wixim Socket Box AP1206 2x 16A 3P Socket, 32A 3P Plug Input",Wixim,Electrical & Lighting,Combination of Socket Box,12600.00,20,wixim-p086-10.webp,,yes
AP1206-2,"Wixim Socket Box AP1206-2 2x 16A 3P Socket IP67, 32A 3P Plug Input",Wixim,Electrical & Lighting,Combination of Socket Box,13440.00,20,wixim-p086-10.webp,,yes
2IK6GN-C,Wixim Induction Motor 2IK6GN-C 6W Single Phase 220V 60Hz,Wixim,Electrical & Lighting,Induction Motor,4080.00,20,wixim-p087-1.webp,,yes
3IK15GN-C,Wixim Induction Motor 3IK15GN-C 15W Single Phase 220V 60Hz,Wixim,Electrical & Lighting,Induction Motor,4920.00,20,wixim-p087-1.webp,,yes
4IK25GN-C,Wixim Induction Motor 4IK25GN-C 25W Single Phase 220V 60Hz,Wixim,Electrical & Lighting,Induction Motor,5640.00,20,wixim-p087-1.webp,,yes
4IK40GN-C,Wixim Induction Motor 4IK40GN-C 40W Single Phase 220V 60Hz,Wixim,Electrical & Lighting,Induction Motor,7200.00,20,wixim-p087-1.webp,,yes
5IK60GN-C,Wixim Induction Motor 5IK60GN-C 60W Single Phase 220V 60Hz,Wixim,Electrical & Lighting,Induction Motor,8400.00,20,wixim-p087-1.webp,,yes
5IK90GN-C,Wixim Induction Motor 5IK90GN-C 90W Single Phase 220V 60Hz,Wixim,Electrical & Lighting,Induction Motor,9000.00,20,wixim-p087-1.webp,,yes
5IK120GU-C,Wixim Induction Motor 5IK120GU-C 120W Single Phase 220V 60Hz,Wixim,Electrical & Lighting,Induction Motor,10800.00,20,wixim-p087-1.webp,,yes
6IK140GU-C,Wixim Induction Motor 6IK140GU-C 140W Single Phase 220V 60Hz,Wixim,Electrical & Lighting,Induction Motor,13200.00,20,wixim-p087-1.webp,,yes
6IK180GU-C,Wixim Induction Motor 6IK180GU-C 180W Single Phase 220V 60Hz,Wixim,Electrical & Lighting,Induction Motor,14160.00,20,wixim-p087-1.webp,,yes
6IK200GU-C,Wixim Induction Motor 6IK200GU-C 200W Single Phase 220V 60Hz,Wixim,Electrical & Lighting,Induction Motor,14880.00,20,wixim-p087-1.webp,,yes
US52,Wixim Speed Controller US52 for AC Motor 6-400W 200-220V,Wixim,Electrical & Lighting,Speed Controller,900.00,20,wixim-p087-2.webp,,yes
SS-22,Wixim Speed Controller SS-22 Separate Control Box for AC Motor,Wixim,Electrical & Lighting,Speed Controller,936.00,20,wixim-p087-3.webp,,yes
SS22-A,Wixim Speed Controller SS22-A Separate Control Box for AC Motor,Wixim,Electrical & Lighting,Speed Controller,1056.00,20,wixim-p087-4.webp,,yes
UW-08,"Wixim Solenoid Valve UW-08 1/4"" Brass 2-Way",Wixim,Electrical & Lighting,Solenoid Valve,1020.00,20,wixim-p088-1.webp,,yes
UW-10,"Wixim Solenoid Valve UW-10 3/8"" Brass 2-Way",Wixim,Electrical & Lighting,Solenoid Valve,1740.00,20,wixim-p088-1.webp,,yes
UW-15,"Wixim Solenoid Valve UW-15 1/2"" Brass 2-Way",Wixim,Electrical & Lighting,Solenoid Valve,2640.00,20,wixim-p088-1.webp,,yes
UW-20,"Wixim Solenoid Valve UW-20 3/4"" Brass 2-Way",Wixim,Electrical & Lighting,Solenoid Valve,3240.00,20,wixim-p088-1.webp,,yes
UW-25,"Wixim Solenoid Valve UW-25 1"" Brass 2-Way",Wixim,Electrical & Lighting,Solenoid Valve,4200.00,20,wixim-p088-1.webp,,yes
UW-35,"Wixim Solenoid Valve UW-35 1-1/4"" Brass 2-Way",Wixim,Electrical & Lighting,Solenoid Valve,7800.00,20,wixim-p088-1.webp,,yes
UW-40,"Wixim Solenoid Valve UW-40 1-1/2"" Brass 2-Way",Wixim,Electrical & Lighting,Solenoid Valve,8400.00,20,wixim-p088-1.webp,,yes
UW-50,"Wixim Solenoid Valve UW-50 2"" Brass 2-Way",Wixim,Electrical & Lighting,Solenoid Valve,13800.00,20,wixim-p088-1.webp,,yes
CT4-20,Wixim Step Insulator CT4-20 110x65 M8,Wixim,Electrical & Lighting,Step Insulator,240.00,20,wixim-p088-2.webp,,yes
CT4-30,Wixim Step Insulator CT4-30 132x130 M8,Wixim,Electrical & Lighting,Step Insulator,288.00,20,wixim-p088-2.webp,,yes
CT4-40,Wixim Step Insulator CT4-40 164x148 M8,Wixim,Electrical & Lighting,Step Insulator,312.00,20,wixim-p088-2.webp,,yes
CT4-50,Wixim Step Insulator CT4-50 212x200 M10,Wixim,Electrical & Lighting,Step Insulator,576.00,20,wixim-p088-2.webp,,yes
CJ4-30,Wixim Step Insulator CJ4-30 230x100 M8,Wixim,Electrical & Lighting,Step Insulator,312.00,20,wixim-p088-2.webp,,yes
CJ4-40,Wixim Step Insulator CJ4-40 230x100 M10,Wixim,Electrical & Lighting,Step Insulator,336.00,20,wixim-p088-2.webp,,yes
SM-20,Wixim Bus Bar Insulator SM-20 5KV Red Poly,Wixim,Electrical & Lighting,Bus Bar Insulator,28.80,20,wixim-p089-1.webp,,yes
SM-25,Wixim Bus Bar Insulator SM-25 6KV Red Poly,Wixim,Electrical & Lighting,Bus Bar Insulator,31.20,20,wixim-p089-1.webp,,yes
SM-30,Wixim Bus Bar Insulator SM-30 8KV Red Poly,Wixim,Electrical & Lighting,Bus Bar Insulator,38.40,20,wixim-p089-1.webp,,yes
SM-35,Wixim Bus Bar Insulator SM-35 10KV Red Poly,Wixim,Electrical & Lighting,Bus Bar Insulator,43.20,20,wixim-p089-1.webp,,yes
SM-51,Wixim Bus Bar Insulator SM-51 15KV Red Poly,Wixim,Electrical & Lighting,Bus Bar Insulator,55.20,20,wixim-p089-1.webp,,yes
SM-76,Wixim Bus Bar Insulator SM-76 25KV Red Poly,Wixim,Electrical & Lighting,Bus Bar Insulator,127.20,20,wixim-p089-1.webp,,yes
SCREW-SM20-30,Wixim Bus Bar Insulator Screw Set 2pcs for SM-20 to SM-30,Wixim,Electrical & Lighting,Bus Bar Insulator,7.20,20,,,yes
SCREW-SM35-51,Wixim Bus Bar Insulator Screw Set 2pcs for SM-35 to SM-51,Wixim,Electrical & Lighting,Bus Bar Insulator,12.00,20,,,yes
SCREW-SM76,Wixim Bus Bar Insulator Screw Set 2pcs for SM-76,Wixim,Electrical & Lighting,Bus Bar Insulator,14.40,20,,,yes
EL-24,Wixim High Voltage Insulator EL-24 24KV,Wixim,Electrical & Lighting,High Voltage Insulator,1116.00,20,wixim-p089-2.webp,,yes
EL-15,Wixim High Voltage Insulator EL-15 15KV,Wixim,Electrical & Lighting,High Voltage Insulator,1008.00,20,wixim-p089-2.webp,,yes
EL-12,Wixim High Voltage Insulator EL-12 12KV,Wixim,Electrical & Lighting,High Voltage Insulator,672.00,20,wixim-p089-2.webp,,yes
EL-6M,Wixim High Voltage Insulator EL-6M 7.2KV,Wixim,Electrical & Lighting,High Voltage Insulator,600.00,20,wixim-p089-2.webp,,yes
EL-3M,Wixim High Voltage Insulator EL-3M 3.6KV,Wixim,Electrical & Lighting,High Voltage Insulator,480.00,20,wixim-p089-2.webp,,yes
EL-130,Wixim Bus Bar Support EL-130,Wixim,Electrical & Lighting,Bus Bar Support,192.00,20,wixim-p089-3.webp,,yes
EL-180,Wixim Bus Bar Support EL-180,Wixim,Electrical & Lighting,Bus Bar Support,288.00,20,wixim-p089-4.webp,,yes
EL-210,Wixim Bus Bar Support EL-210,Wixim,Electrical & Lighting,Bus Bar Support,336.00,20,wixim-p089-5.webp,,yes
EL-270,Wixim Bus Bar Support EL-270,Wixim,Electrical & Lighting,Bus Bar Support,504.00,20,wixim-p089-6.webp,,yes
"JSB-1/2""-M","Wixim Liquid-Tight Flexible Steel Conduit Hard Type JSB-1/2"" 1/2"" per meter",Wixim,Electrical & Lighting,Liquid-Tight Flexible Steel Conduit,127.20,20,wixim-p090-1.webp,,yes
"JSB-1/2""-ROLL","Wixim Liquid-Tight Flexible Steel Conduit Hard Type JSB-1/2"" 1/2"" per roll 50m",Wixim,Electrical & Lighting,Liquid-Tight Flexible Steel Conduit,6000.00,20,wixim-p090-1.webp,,yes
"JSB-3/4""-M","Wixim Liquid-Tight Flexible Steel Conduit Hard Type JSB-3/4"" 3/4"" per meter",Wixim,Electrical & Lighting,Liquid-Tight Flexible Steel Conduit,192.00,20,wixim-p090-1.webp,,yes
"JSB-3/4""-ROLL","Wixim Liquid-Tight Flexible Steel Conduit Hard Type JSB-3/4"" 3/4"" per roll 50m",Wixim,Electrical & Lighting,Liquid-Tight Flexible Steel Conduit,9000.00,20,wixim-p090-1.webp,,yes
"JSB-1""-M","Wixim Liquid-Tight Flexible Steel Conduit Hard Type JSB-1"" 1"" per meter",Wixim,Electrical & Lighting,Liquid-Tight Flexible Steel Conduit,270.00,20,wixim-p090-1.webp,,yes
"JSB-1""-ROLL","Wixim Liquid-Tight Flexible Steel Conduit Hard Type JSB-1"" 1"" per roll 50m",Wixim,Electrical & Lighting,Liquid-Tight Flexible Steel Conduit,12600.00,20,wixim-p090-1.webp,,yes
"JSB-11/4""-M","Wixim Liquid-Tight Flexible Steel Conduit Hard Type JSB-11/4"" 1-1/4"" per meter",Wixim,Electrical & Lighting,Liquid-Tight Flexible Steel Conduit,492.00,20,wixim-p090-1.webp,,yes
"JSB-11/4""-ROLL","Wixim Liquid-Tight Flexible Steel Conduit Hard Type JSB-11/4"" 1-1/4"" per roll 25m",Wixim,Electrical & Lighting,Liquid-Tight Flexible Steel Conduit,11520.00,20,wixim-p090-1.webp,,yes
"JSB-11/2""-M","Wixim Liquid-Tight Flexible Steel Conduit Hard Type JSB-11/2"" 1-1/2"" per meter",Wixim,Electrical & Lighting,Liquid-Tight Flexible Steel Conduit,588.00,20,wixim-p090-1.webp,,yes
"JSB-11/2""-ROLL","Wixim Liquid-Tight Flexible Steel Conduit Hard Type JSB-11/2"" 1-1/2"" per roll 25m",Wixim,Electrical & Lighting,Liquid-Tight Flexible Steel Conduit,13920.00,20,wixim-p090-1.webp,,yes
"JSB-2""-M","Wixim Liquid-Tight Flexible Steel Conduit Hard Type JSB-2"" 2"" per meter",Wixim,Electrical & Lighting,Liquid-Tight Flexible Steel Conduit,912.00,20,wixim-p090-1.webp,,yes
"JSB-2""-ROLL","Wixim Liquid-Tight Flexible Steel Conduit Hard Type JSB-2"" 2"" per roll 25m",Wixim,Electrical & Lighting,Liquid-Tight Flexible Steel Conduit,21420.00,20,wixim-p090-1.webp,,yes
"JSB-21/2""-M","Wixim Liquid-Tight Flexible Steel Conduit Hard Type JSB-21/2"" 2-1/2"" per meter",Wixim,Electrical & Lighting,Liquid-Tight Flexible Steel Conduit,1560.00,20,wixim-p090-1.webp,,yes
"JSB-21/2""-ROLL","Wixim Liquid-Tight Flexible Steel Conduit Hard Type JSB-21/2"" 2-1/2"" per roll 10m",Wixim,Electrical & Lighting,Liquid-Tight Flexible Steel Conduit,14640.00,20,wixim-p090-1.webp,,yes
"JSB-3""-M","Wixim Liquid-Tight Flexible Steel Conduit Hard Type JSB-3"" 3"" per meter",Wixim,Electrical & Lighting,Liquid-Tight Flexible Steel Conduit,2340.00,20,wixim-p090-1.webp,,yes
"JSB-3""-ROLL","Wixim Liquid-Tight Flexible Steel Conduit Hard Type JSB-3"" 3"" per roll 10m",Wixim,Electrical & Lighting,Liquid-Tight Flexible Steel Conduit,21960.00,20,wixim-p090-1.webp,,yes
"JSB-4""-M","Wixim Liquid-Tight Flexible Steel Conduit Hard Type JSB-4"" 4"" per meter",Wixim,Electrical & Lighting,Liquid-Tight Flexible Steel Conduit,3840.00,20,wixim-p090-1.webp,,yes
"JSB-4""-ROLL","Wixim Liquid-Tight Flexible Steel Conduit Hard Type JSB-4"" 4"" per roll 10m",Wixim,Electrical & Lighting,Liquid-Tight Flexible Steel Conduit,36000.00,20,wixim-p090-1.webp,,yes
"JSH-1/2""-M","Wixim PVC Coated Flexible Steel Conduit Soft Type JSH-1/2"" 1/2"" per meter",Wixim,Electrical & Lighting,PVC Coated Flexible Steel Conduit,80.40,20,wixim-p090-2.webp,,yes
"JSH-1/2""-ROLL","Wixim PVC Coated Flexible Steel Conduit Soft Type JSH-1/2"" 1/2"" per roll 100m",Wixim,Electrical & Lighting,PVC Coated Flexible Steel Conduit,7680.00,20,wixim-p090-2.webp,,yes
"JSH-3/4""-M","Wixim PVC Coated Flexible Steel Conduit Soft Type JSH-3/4"" 3/4"" per meter",Wixim,Electrical & Lighting,PVC Coated Flexible Steel Conduit,100.80,20,wixim-p090-2.webp,,yes
"JSH-3/4""-ROLL","Wixim PVC Coated Flexible Steel Conduit Soft Type JSH-3/4"" 3/4"" per roll 100m",Wixim,Electrical & Lighting,PVC Coated Flexible Steel Conduit,9600.00,20,wixim-p090-2.webp,,yes
"JSH-1""-M","Wixim PVC Coated Flexible Steel Conduit Soft Type JSH-1"" 1"" per meter",Wixim,Electrical & Lighting,PVC Coated Flexible Steel Conduit,168.00,20,wixim-p090-2.webp,,yes
"JSH-1""-ROLL","Wixim PVC Coated Flexible Steel Conduit Soft Type JSH-1"" 1"" per roll 100m",Wixim,Electrical & Lighting,PVC Coated Flexible Steel Conduit,15960.00,20,wixim-p090-2.webp,,yes
"JSH-11/4""-M","Wixim PVC Coated Flexible Steel Conduit Soft Type JSH-11/4"" 1-1/4"" per meter",Wixim,Electrical & Lighting,PVC Coated Flexible Steel Conduit,211.20,20,wixim-p090-2.webp,,yes
"JSH-11/4""-ROLL","Wixim PVC Coated Flexible Steel Conduit Soft Type JSH-11/4"" 1-1/4"" per roll 50m",Wixim,Electrical & Lighting,PVC Coated Flexible Steel Conduit,10080.00,20,wixim-p090-2.webp,,yes
"JSH-11/2""-M","Wixim PVC Coated Flexible Steel Conduit Soft Type JSH-11/2"" 1-1/2"" per meter",Wixim,Electrical & Lighting,PVC Coated Flexible Steel Conduit,304.80,20,wixim-p090-2.webp,,yes
"JSH-11/2""-ROLL","Wixim PVC Coated Flexible Steel Conduit Soft Type JSH-11/2"" 1-1/2"" per roll 50m",Wixim,Electrical & Lighting,PVC Coated Flexible Steel Conduit,14520.00,20,wixim-p090-2.webp,,yes
"JSH-2""-M","Wixim PVC Coated Flexible Steel Conduit Soft Type JSH-2"" 2"" per meter",Wixim,Electrical & Lighting,PVC Coated Flexible Steel Conduit,535.20,20,wixim-p090-2.webp,,yes
"JSH-2""-ROLL","Wixim PVC Coated Flexible Steel Conduit Soft Type JSH-2"" 2"" per roll 30m",Wixim,Electrical & Lighting,PVC Coated Flexible Steel Conduit,15240.00,20,wixim-p090-2.webp,,yes
"JSH-21/2""-M","Wixim PVC Coated Flexible Steel Conduit Soft Type JSH-21/2"" 2-1/2"" per meter",Wixim,Electrical & Lighting,PVC Coated Flexible Steel Conduit,840.00,20,wixim-p090-2.webp,,yes
"JSH-21/2""-ROLL","Wixim PVC Coated Flexible Steel Conduit Soft Type JSH-21/2"" 2-1/2"" per roll 20m",Wixim,Electrical & Lighting,PVC Coated Flexible Steel Conduit,15960.00,20,wixim-p090-2.webp,,yes
"JSH-3""-M","Wixim PVC Coated Flexible Steel Conduit Soft Type JSH-3"" 3"" per meter",Wixim,Electrical & Lighting,PVC Coated Flexible Steel Conduit,912.00,20,wixim-p090-2.webp,,yes
"JSH-3""-ROLL","Wixim PVC Coated Flexible Steel Conduit Soft Type JSH-3"" 3"" per roll 20m",Wixim,Electrical & Lighting,PVC Coated Flexible Steel Conduit,17400.00,20,wixim-p090-2.webp,,yes
"JSH-4""-M","Wixim PVC Coated Flexible Steel Conduit Soft Type JSH-4"" 4"" per meter",Wixim,Electrical & Lighting,PVC Coated Flexible Steel Conduit,1488.00,20,wixim-p090-2.webp,,yes
"JSH-4""-ROLL","Wixim PVC Coated Flexible Steel Conduit Soft Type JSH-4"" 4"" per roll 20m",Wixim,Electrical & Lighting,PVC Coated Flexible Steel Conduit,28320.00,20,wixim-p090-2.webp,,yes
"ST-1/2""","Wixim Liquid-Tight Connector Straight ST-1/2"" 1/2""",Wixim,Electrical & Lighting,Liquid-Tight Connector,60.00,20,wixim-p091-1.webp,,yes
"ST-3/4""","Wixim Liquid-Tight Connector Straight ST-3/4"" 3/4""",Wixim,Electrical & Lighting,Liquid-Tight Connector,84.00,20,wixim-p091-1.webp,,yes
"ST-1""","Wixim Liquid-Tight Connector Straight ST-1"" 1""",Wixim,Electrical & Lighting,Liquid-Tight Connector,126.00,20,wixim-p091-1.webp,,yes
"ST-11/4""","Wixim Liquid-Tight Connector Straight ST-11/4"" 1-1/4""",Wixim,Electrical & Lighting,Liquid-Tight Connector,222.00,20,wixim-p091-1.webp,,yes
"ST-11/2""","Wixim Liquid-Tight Connector Straight ST-11/2"" 1-1/2""",Wixim,Electrical & Lighting,Liquid-Tight Connector,264.00,20,wixim-p091-1.webp,,yes
"ST-2""","Wixim Liquid-Tight Connector Straight ST-2"" 2""",Wixim,Electrical & Lighting,Liquid-Tight Connector,360.00,20,wixim-p091-1.webp,,yes
"ST-21/2""","Wixim Liquid-Tight Connector Straight ST-21/2"" 2-1/2""",Wixim,Electrical & Lighting,Liquid-Tight Connector,840.00,20,wixim-p091-1.webp,,yes
"ST-3""","Wixim Liquid-Tight Connector Straight ST-3"" 3""",Wixim,Electrical & Lighting,Liquid-Tight Connector,1200.00,20,wixim-p091-1.webp,,yes
"ST-4""","Wixim Liquid-Tight Connector Straight ST-4"" 4""",Wixim,Electrical & Lighting,Liquid-Tight Connector,1680.00,20,wixim-p091-1.webp,,yes
"A-1/2""","Wixim Liquid-Tight Connector Angle A-1/2"" 1/2""",Wixim,Electrical & Lighting,Liquid-Tight Connector,84.00,20,wixim-p091-2.webp,,yes
"A-3/4""","Wixim Liquid-Tight Connector Angle A-3/4"" 3/4""",Wixim,Electrical & Lighting,Liquid-Tight Connector,120.00,20,wixim-p091-2.webp,,yes
"A-1""","Wixim Liquid-Tight Connector Angle A-1"" 1""",Wixim,Electrical & Lighting,Liquid-Tight Connector,192.00,20,wixim-p091-2.webp,,yes
"A-11/4""","Wixim Liquid-Tight Connector Angle A-11/4"" 1-1/4""",Wixim,Electrical & Lighting,Liquid-Tight Connector,336.00,20,wixim-p091-2.webp,,yes
"A-11/2""","Wixim Liquid-Tight Connector Angle A-11/2"" 1-1/2""",Wixim,Electrical & Lighting,Liquid-Tight Connector,432.00,20,wixim-p091-2.webp,,yes
"A-2""","Wixim Liquid-Tight Connector Angle A-2"" 2""",Wixim,Electrical & Lighting,Liquid-Tight Connector,660.00,20,wixim-p091-2.webp,,yes
"A-21/2""","Wixim Liquid-Tight Connector Angle A-21/2"" 2-1/2""",Wixim,Electrical & Lighting,Liquid-Tight Connector,1920.00,20,wixim-p091-2.webp,,yes
"A-3""","Wixim Liquid-Tight Connector Angle A-3"" 3""",Wixim,Electrical & Lighting,Liquid-Tight Connector,2760.00,20,wixim-p091-2.webp,,yes
"A-4""","Wixim Liquid-Tight Connector Angle A-4"" 4""",Wixim,Electrical & Lighting,Liquid-Tight Connector,4320.00,20,wixim-p091-2.webp,,yes
PD80S,Wixim AC Axial Fan PD80S 80x80x25mm 12W 230V,Wixim,Electrical & Lighting,AC Axial Fan/Blower Fan,480.00,20,wixim-p091-3.webp,,yes
PD92S,Wixim AC Axial Fan PD92S 92x92x25mm 12W 230V,Wixim,Electrical & Lighting,AC Axial Fan/Blower Fan,504.00,20,wixim-p091-3.webp,,yes
PD110S,Wixim AC Axial Fan PD110S 110x110x25mm 17W 230V,Wixim,Electrical & Lighting,AC Axial Fan/Blower Fan,576.00,20,wixim-p091-3.webp,,yes
PD120S,Wixim AC Axial Fan PD120S 120x120x25mm 17W 230V,Wixim,Electrical & Lighting,AC Axial Fan/Blower Fan,624.00,20,wixim-p091-3.webp,,yes
PD120B,Wixim AC Axial Fan PD120B 120x120x38mm 20W 230V,Wixim,Electrical & Lighting,AC Axial Fan/Blower Fan,720.00,20,wixim-p091-3.webp,,yes
PD150B,Wixim AC Axial Fan PD150B 150x150x51mm 25W 230V,Wixim,Electrical & Lighting,AC Axial Fan/Blower Fan,1320.00,20,wixim-p091-3.webp,,yes
PD150C,Wixim AC Axial Fan PD150C 150x172x51mm 40W 230V,Wixim,Electrical & Lighting,AC Axial Fan/Blower Fan,1800.00,20,wixim-p091-5.webp,,yes
PD150R,Wixim AC Axial Fan PD150R Ø172x51mm 35W 230V,Wixim,Electrical & Lighting,AC Axial Fan/Blower Fan,1200.00,20,wixim-p091-4.webp,,yes
PD180B,Wixim AC Axial Fan PD180B 180x180x61mm 55W 230V,Wixim,Electrical & Lighting,AC Axial Fan/Blower Fan,2400.00,20,wixim-p091-3.webp,,yes
PD200B,Wixim AC Axial Fan PD200B 200x200x61mm 70W 230V,Wixim,Electrical & Lighting,AC Axial Fan/Blower Fan,2640.00,20,wixim-p091-3.webp,,yes
PD220R,Wixim AC Axial Fan PD220R Ø220x61mm 70W 230V,Wixim,Electrical & Lighting,AC Axial Fan/Blower Fan,2640.00,20,wixim-p091-4.webp,,yes
PD225M,Wixim AC Axial Fan PD225M 225x225x80mm 75W 230V,Wixim,Electrical & Lighting,AC Axial Fan/Blower Fan,4920.00,20,wixim-p091-6.webp,,yes
PD280M,Wixim AC Axial Fan PD280M 280x280x80mm 175W 230V,Wixim,Electrical & Lighting,AC Axial Fan/Blower Fan,6240.00,20,wixim-p091-6.webp,,yes
PD172M,Wixim AC Axial Fan PD172M 172x150x55mm 30W 230V,Wixim,Electrical & Lighting,AC Axial Fan/Blower Fan,3720.00,20,wixim-p091-6.webp,,yes
AL19-304Y,Wixim Centrifugal Switch AL19-304Y,Wixim,Electrical & Lighting,Centrifugal Switch,192.00,20,wixim-p092-1.webp,,yes
CL19-304Y,Wixim Centrifugal Switch CL19-304Y,Wixim,Electrical & Lighting,Centrifugal Switch,168.00,20,wixim-p092-1.webp,,yes
AL19-304Y-2,Wixim Centrifugal Switch AL19-304Y-2,Wixim,Electrical & Lighting,Centrifugal Switch,192.00,20,wixim-p092-2.webp,,yes
CL19-304Y-2,Wixim Centrifugal Switch CL19-304Y-2,Wixim,Electrical & Lighting,Centrifugal Switch,168.00,20,wixim-p092-2.webp,,yes
AL19-304Y-3,Wixim Centrifugal Switch AL19-304Y-3,Wixim,Electrical & Lighting,Centrifugal Switch,192.00,20,wixim-p092-3.webp,,yes
CL19-304Y-3,Wixim Centrifugal Switch CL19-304Y-3,Wixim,Electrical & Lighting,Centrifugal Switch,168.00,20,wixim-p092-3.webp,,yes
AL19-304P,Wixim Centrifugal Switch AL19-304P,Wixim,Electrical & Lighting,Centrifugal Switch,216.00,20,wixim-p092-4.webp,,yes
CL19-304P,Wixim Centrifugal Switch CL19-304P,Wixim,Electrical & Lighting,Centrifugal Switch,168.00,20,wixim-p092-4.webp,,yes
AL19-154S,Wixim Centrifugal Switch AL19-154S,Wixim,Electrical & Lighting,Centrifugal Switch,192.00,20,wixim-p092-5.webp,,yes
CL19-154S,Wixim Centrifugal Switch CL19-154S,Wixim,Electrical & Lighting,Centrifugal Switch,144.00,20,wixim-p092-5.webp,,yes
AL13X6.5-304S,Wixim Centrifugal Switch AL13x6.5-304S,Wixim,Electrical & Lighting,Centrifugal Switch,168.00,20,wixim-p092-6.webp,,yes
CL13X6.5-304S,Wixim Centrifugal Switch CL13x6.5-304S,Wixim,Electrical & Lighting,Centrifugal Switch,168.00,20,wixim-p092-6.webp,,yes
AL13X6.5-304S-1,Wixim Centrifugal Switch AL13x6.5-304S-1,Wixim,Electrical & Lighting,Centrifugal Switch,216.00,20,wixim-p092-7.webp,,yes
CL13X6.5-304S-1,Wixim Centrifugal Switch CL13x6.5-304S-1,Wixim,Electrical & Lighting,Centrifugal Switch,168.00,20,wixim-p092-7.webp,,yes
AL12.7-154S,Wixim Centrifugal Switch AL12.7-154S,Wixim,Electrical & Lighting,Centrifugal Switch,192.00,20,wixim-p092-8.webp,,yes
CL12.7-154S,Wixim Centrifugal Switch CL12.7-154S,Wixim,Electrical & Lighting,Centrifugal Switch,168.00,20,wixim-p092-8.webp,,yes
AL13.5-154S,Wixim Centrifugal Switch AL13.5-154S,Wixim,Electrical & Lighting,Centrifugal Switch,192.00,20,wixim-p092-9.webp,,yes
CL13.5-154S,Wixim Centrifugal Switch CL13.5-154S,Wixim,Electrical & Lighting,Centrifugal Switch,144.00,20,wixim-p092-9.webp,,yes
AL16-104S-1,Wixim Centrifugal Switch AL16-104S-1,Wixim,Electrical & Lighting,Centrifugal Switch,192.00,20,wixim-p092-10.webp,,yes
CL16-104S-1,Wixim Centrifugal Switch CL16-104S-1,Wixim,Electrical & Lighting,Centrifugal Switch,144.00,20,wixim-p092-10.webp,,yes
AL18.7-304S,Wixim Centrifugal Switch AL18.7-304S,Wixim,Electrical & Lighting,Centrifugal Switch,312.00,20,wixim-p092-11.webp,,yes
CL18.7-304S,Wixim Centrifugal Switch CL18.7-304S,Wixim,Electrical & Lighting,Centrifugal Switch,192.00,20,wixim-p092-11.webp,,yes
AL18.7-304S-A,Wixim Centrifugal Switch AL18.7-304S-A,Wixim,Electrical & Lighting,Centrifugal Switch,360.00,20,wixim-p092-12.webp,,yes
BL18.7-304S-A,Wixim Centrifugal Switch BL18.7-304S-A,Wixim,Electrical & Lighting,Centrifugal Switch,192.00,20,wixim-p092-12.webp,,yes
AL18.7-304S-B,Wixim Centrifugal Switch AL18.7-304S-B,Wixim,Electrical & Lighting,Centrifugal Switch,288.00,20,wixim-p092-13.webp,,yes
BL18.7-304S-B,Wixim Centrifugal Switch BL18.7-304S-B,Wixim,Electrical & Lighting,Centrifugal Switch,192.00,20,wixim-p092-13.webp,,yes
AL18.8-202S,Wixim Centrifugal Switch AL18.8-202S,Wixim,Electrical & Lighting,Centrifugal Switch,240.00,20,wixim-p092-14.webp,,yes
BL18.8-202S,Wixim Centrifugal Switch BL18.8-202S,Wixim,Electrical & Lighting,Centrifugal Switch,168.00,20,wixim-p092-14.webp,,yes
AL34-304Y,Wixim Centrifugal Switch AL34-304Y,Wixim,Electrical & Lighting,Centrifugal Switch,240.00,20,wixim-p092-15.webp,,yes
CL34-304Y,Wixim Centrifugal Switch CL34-304Y,Wixim,Electrical & Lighting,Centrifugal Switch,192.00,20,wixim-p092-15.webp,,yes
AL16-202S-B,Wixim Centrifugal Switch AL16-202S-B,Wixim,Electrical & Lighting,Centrifugal Switch,288.00,20,wixim-p093-1.webp,,yes
BL16-202S-B,Wixim Centrifugal Switch BL16-202S-B,Wixim,Electrical & Lighting,Centrifugal Switch,168.00,20,wixim-p093-1.webp,,yes
AL16-152S,Wixim Centrifugal Switch AL16-152S,Wixim,Electrical & Lighting,Centrifugal Switch,288.00,20,wixim-p093-2.webp,,yes
BL16-152S,Wixim Centrifugal Switch BL16-152S,Wixim,Electrical & Lighting,Centrifugal Switch,168.00,20,wixim-p093-2.webp,,yes
AL17-152S,Wixim Centrifugal Switch AL17-152S,Wixim,Electrical & Lighting,Centrifugal Switch,168.00,20,wixim-p093-3.webp,,yes
BL17-152S,Wixim Centrifugal Switch BL17-152S,Wixim,Electrical & Lighting,Centrifugal Switch,144.00,20,wixim-p093-3.webp,,yes
AL17-152S-2,Wixim Centrifugal Switch AL17-152S-2,Wixim,Electrical & Lighting,Centrifugal Switch,216.00,20,wixim-p093-4.webp,,yes
BL17-152S-2,Wixim Centrifugal Switch BL17-152S-2,Wixim,Electrical & Lighting,Centrifugal Switch,192.00,20,wixim-p093-4.webp,,yes
L23-304P.A,Wixim Centrifugal Switch L23-304P.A,Wixim,Electrical & Lighting,Centrifugal Switch,192.00,20,wixim-p093-5.webp,,yes
L23-304P.B,Wixim Centrifugal Switch L23-304P.B,Wixim,Electrical & Lighting,Centrifugal Switch,192.00,20,wixim-p093-5.webp,,yes
AL12/14-104Y,Wixim Centrifugal Switch AL12/14-104Y,Wixim,Electrical & Lighting,Centrifugal Switch,192.00,20,wixim-p093-6.webp,,yes
CL12/14-104Y,Wixim Centrifugal Switch CL12/14-104Y,Wixim,Electrical & Lighting,Centrifugal Switch,168.00,20,wixim-p093-6.webp,,yes
AL17/19-204Y,Wixim Centrifugal Switch AL17/19-204Y,Wixim,Electrical & Lighting,Centrifugal Switch,192.00,20,wixim-p093-7.webp,,yes
CL17/19-204Y,Wixim Centrifugal Switch CL17/19-204Y,Wixim,Electrical & Lighting,Centrifugal Switch,168.00,20,wixim-p093-7.webp,,yes
AL20/22-204Y,Wixim Centrifugal Switch AL20/22-204Y,Wixim,Electrical & Lighting,Centrifugal Switch,216.00,20,wixim-p093-8.webp,,yes
CL20/22-204Y,Wixim Centrifugal Switch CL20/22-204Y,Wixim,Electrical & Lighting,Centrifugal Switch,192.00,20,wixim-p093-8.webp,,yes
AL25/27-204Y,Wixim Centrifugal Switch AL25/27-204Y,Wixim,Electrical & Lighting,Centrifugal Switch,240.00,20,wixim-p093-9.webp,,yes
CL25/27-204Y,Wixim Centrifugal Switch CL25/27-204Y,Wixim,Electrical & Lighting,Centrifugal Switch,216.00,20,wixim-p093-9.webp,,yes
AMH,Wixim Centrifugal Switch AMH,Wixim,Electrical & Lighting,Centrifugal Switch,144.00,20,wixim-p093-10.webp,,yes
BMH,Wixim Centrifugal Switch BMH,Wixim,Electrical & Lighting,Centrifugal Switch,144.00,20,wixim-p093-10.webp,,yes
304#,Wixim Centrifugal Switch 304#,Wixim,Electrical & Lighting,Centrifugal Switch,168.00,20,wixim-p093-11.webp,,yes
308#,Wixim Centrifugal Switch 308#,Wixim,Electrical & Lighting,Centrifugal Switch,240.00,20,wixim-p093-12.webp,,yes
8#,Wixim Centrifugal Switch 8#,Wixim,Electrical & Lighting,Centrifugal Switch,192.00,20,wixim-p093-13.webp,,yes
AL16-202S-C,Wixim Centrifugal Switch AL16-202S-C,Wixim,Electrical & Lighting,Centrifugal Switch,816.00,20,wixim-p093-14.webp,,yes
BL16-202S-C,Wixim Centrifugal Switch BL16-202S-C,Wixim,Electrical & Lighting,Centrifugal Switch,264.00,20,wixim-p093-14.webp,,yes
AL16-202S-C1,Wixim Centrifugal Switch AL16-202S-C1,Wixim,Electrical & Lighting,Centrifugal Switch,720.00,20,wixim-p093-15.webp,,yes
BL16-202S-C1,Wixim Centrifugal Switch BL16-202S-C1,Wixim,Electrical & Lighting,Centrifugal Switch,264.00,20,wixim-p093-15.webp,,yes
SL-A60-5W,Setsu LED Bulb 5W SL-A60-5W,Setsu,Electrical & Lighting,LED Bulb,70.00,20,setsu-p2-1.webp,,yes
SL-A60-7W,Setsu LED Bulb 7W SL-A60-7W,Setsu,Electrical & Lighting,LED Bulb,80.00,20,setsu-p2-1.webp,,yes
SL-A60-9W,Setsu LED Bulb 9W SL-A60-9W,Setsu,Electrical & Lighting,LED Bulb,90.00,20,setsu-p2-1.webp,,yes
SL-A60-13W,Setsu LED Bulb 13W SL-A60-13W,Setsu,Electrical & Lighting,LED Bulb,124.00,20,setsu-p2-1.webp,,yes
SL-A70-15W,Setsu LED Bulb 15W SL-A70-15W,Setsu,Electrical & Lighting,LED Bulb,140.00,20,setsu-p2-1.webp,,yes
SL-A80-18W,Setsu LED Bulb 18W SL-A80-18W,Setsu,Electrical & Lighting,LED Bulb,180.00,20,setsu-p2-1.webp,,yes
SL-A6012V-8W,Setsu LED Bulb 12V 8W SL-A6012V-8W,Setsu,Electrical & Lighting,LED Bulb,125.00,20,setsu-p2-1.webp,,yes
SL-EB-9W DL,Setsu Emergency LED Bulb 9W SL-EB-9W DL,Setsu,Electrical & Lighting,Emergency LED Bulb,350.00,20,setsu-p2-2.webp,,yes
SL-UFO-12W,Setsu LED UFO Ceiling Bulb 12W SL-UFO-12W,Setsu,Electrical & Lighting,LED UFO Ceiling Bulb,280.00,20,setsu-p2-3.webp,,yes
SL-UFO-24W,Setsu LED UFO Ceiling Bulb 24W SL-UFO-24W,Setsu,Electrical & Lighting,LED UFO Ceiling Bulb,450.00,20,setsu-p2-3.webp,,yes
SL-T80-20W,Setsu T8 High Performance Bulb 20W E27 SL-T80-20W,Setsu,Electrical & Lighting,T8 High Performance Wattage Bulb,230.00,20,setsu-p2-4.webp,,yes
SL-T100-30W,Setsu T8 High Performance Bulb 30W E27 SL-T100-30W,Setsu,Electrical & Lighting,T8 High Performance Wattage Bulb,350.00,20,setsu-p2-4.webp,,yes
SL-T120-40W,Setsu T8 High Performance Bulb 40W E27 SL-T120-40W,Setsu,Electrical & Lighting,T8 High Performance Wattage Bulb,420.00,20,setsu-p2-4.webp,,yes
SL-T140-50W,Setsu T8 High Performance Bulb 50W E27 SL-T140-50W,Setsu,Electrical & Lighting,T8 High Performance Wattage Bulb,650.00,20,setsu-p2-4.webp,,yes
SL-MR16-3W,Setsu LED Spot MR16 3W 2-Pin GU5.3 SL-MR16-3W,Setsu,Electrical & Lighting,LED Spot MR16,100.00,20,setsu-p3-1.webp,,yes
SL-MR16-5W,Setsu LED Spot MR16 5W 2-Pin GU5.3 SL-MR16-5W,Setsu,Electrical & Lighting,LED Spot MR16,120.00,20,setsu-p3-1.webp,,yes
SL-MR16-7W,Setsu LED Spot MR16 7W 2-Pin GU5.3 SL-MR16-7W,Setsu,Electrical & Lighting,LED Spot MR16,150.00,20,setsu-p3-1.webp,,yes
SL-MR16-5W-GU10,Setsu LED Spot MR16 5W GU10 SL-MR16-5W-GU10,Setsu,Electrical & Lighting,LED Spot MR16,120.00,20,setsu-p3-1.webp,,yes
SL-T8-8W,Setsu T8 LED Tube Single Ended 8W 600mm SL-T8-8W,Setsu,Electrical & Lighting,T8 LED Tube,125.00,20,setsu-p4-1.webp,,yes
SL-T8-16W,Setsu T8 LED Tube Single Ended 16W 1200mm SL-T8-16W,Setsu,Electrical & Lighting,T8 LED Tube,150.00,20,setsu-p4-1.webp,,yes
SL-T8-9W,Setsu T8 LED Tube Double Ended 9W 600mm SL-T8-9W,Setsu,Electrical & Lighting,T8 LED Tube,125.00,20,setsu-p4-1.webp,,yes
SL-T8-18W,Setsu T8 LED Tube Double Ended 18W 1200mm SL-T8-18W,Setsu,Electrical & Lighting,T8 LED Tube,150.00,20,setsu-p4-1.webp,,yes
SL-T8BTN-9W,Setsu T8 LED Batten 9W 2FT SL-T8BTN-9W,Setsu,Electrical & Lighting,T8 LED Batten,200.00,20,setsu-p4-2.webp,,yes
SL-T8BTN-18W,Setsu T8 LED Batten 18W 4FT SL-T8BTN-18W,Setsu,Electrical & Lighting,T8 LED Batten,260.00,20,setsu-p4-2.webp,,yes
SL-T5BTN-5W,Setsu T5 LED Batten 5W 1FT SL-T5BTN-5W,Setsu,Electrical & Lighting,T5 LED Batten,160.00,20,setsu-p4-3.webp,,yes
SL-T5BTN-10W,Setsu T5 LED Batten 10W 2FT SL-T5BTN-10W,Setsu,Electrical & Lighting,T5 LED Batten,185.00,20,setsu-p4-3.webp,,yes
SL-T5BTN-12W,Setsu T5 LED Batten 12W 3FT SL-T5BTN-12W,Setsu,Electrical & Lighting,T5 LED Batten,225.00,20,setsu-p4-3.webp,,yes
SL-T5BTN-16W,Setsu T5 LED Batten 16W 4FT SL-T5BTN-16W,Setsu,Electrical & Lighting,T5 LED Batten,250.00,20,setsu-p4-3.webp,,yes
SL-T8-BTN,Setsu T8 Empty Batten Single Ended SL-T8-BTN,Setsu,Electrical & Lighting,T8 Empty Batten,150.00,20,setsu-p4-4.webp,,yes
SL-TRCK-10W,Setsu LED Tracklight 10W Black SL-TRCK-10W,Setsu,Electrical & Lighting,LED Tracklight,500.00,20,setsu-p5-1.webp,,yes
SL-TRCK-20W,Setsu LED Tracklight 20W Black SL-TRCK-20W,Setsu,Electrical & Lighting,LED Tracklight,700.00,20,setsu-p5-1.webp,,yes
SL-TRCK-30W,Setsu LED Tracklight 30W Black SL-TRCK-30W,Setsu,Electrical & Lighting,LED Tracklight,1000.00,20,setsu-p5-1.webp,,yes
SL TRACK BAR 1M,Setsu Track Bar 1 Meter 2-Wire SL TRACK BAR 1M,Setsu,Electrical & Lighting,LED Tracklight,300.00,20,setsu-p5-1.webp,,yes
SL-TRCKPRO-30W 3CCT,Setsu LED Tracklight Pro 30W 3CCT SL-TRCKPRO-30W 3CCT,Setsu,Electrical & Lighting,LED Tracklight Pro 3CCT,1500.00,20,setsu-p5-2.webp,,yes
SL-RDL-7W,Setsu LED Round Downlight 3 Inch 7W SL-RDL-7W,Setsu,Electrical & Lighting,LED Round Downlight,130.00,20,setsu-p6-1.webp,,yes
SL-RDL-9W,Setsu LED Round Downlight 4 Inch 9W SL-RDL-9W,Setsu,Electrical & Lighting,LED Round Downlight,170.00,20,setsu-p6-1.webp,,yes
SL-RDL-12W,Setsu LED Round Downlight 5 Inch 12W SL-RDL-12W,Setsu,Electrical & Lighting,LED Round Downlight,220.00,20,setsu-p6-1.webp,,yes
SL-RDL-15W,Setsu LED Round Downlight 6 Inch 15W SL-RDL-15W,Setsu,Electrical & Lighting,LED Round Downlight,260.00,20,setsu-p6-1.webp,,yes
SL-RDL-24W,Setsu LED Round Downlight 8 Inch 24W SL-RDL-24W,Setsu,Electrical & Lighting,LED Round Downlight,420.00,20,setsu-p6-1.webp,,yes
SL-MRDL-10W 3CCT,Setsu LED Mini Round Downlight 90mm 10W 3CCT SL-MRDL-10W 3CCT,Setsu,Electrical & Lighting,LED Mini Round Downlight,300.00,20,setsu-p6-2.webp,,yes
SL-RDL-15W ACC,Setsu LED Surface Mounted Accessory 6 Inch SL-RDL-15W ACC,Setsu,Electrical & Lighting,LED Lighting Accessory,120.00,20,setsu-p6-3.webp,,yes
SL-RDL 24W ACC,Setsu LED Surface Mounted Accessory 8 Inch SL-RDL 24W ACC,Setsu,Electrical & Lighting,LED Lighting Accessory,180.00,20,setsu-p6-3.webp,,yes
SL-STRIP 12W,Setsu LED Indoor Strip Light 5m Roll 12W SL-STRIP 12W,Setsu,Electrical & Lighting,LED Lighting Fixtures,1350.00,20,setsu-p6-4.webp,,yes
SL STRIP PC,Setsu LED Strip Power Cord Max 400W SL STRIP PC,Setsu,Electrical & Lighting,LED Lighting Fixtures,150.00,20,setsu-p6-4.webp,,yes
SL-STRIP ACC,Setsu LED Strip Connector / Clips / End Cap SL-STRIP ACC,Setsu,Electrical & Lighting,LED Lighting Fixtures,100.00,20,setsu-p6-4.webp,,yes
SL-AGDL-9W,Setsu Anti-Glare Downlight 4 Inch 9W SL-AGDL-9W,Setsu,Electrical & Lighting,Anti-Glare Downlight,350.00,20,setsu-p7-1.webp,,yes
SL-AGDL-7W 3CCT,Setsu Anti-Glare Tri Color Downlight 4 Inch 7W SL-AGDL-7W 3CCT,Setsu,Electrical & Lighting,Anti-Glare Downlight,400.00,20,setsu-p7-1.webp,,yes
SL-AGDL-12W 3CCT,Setsu Anti-Glare Tri Color Downlight 5 Inch 12W SL-AGDL-12W 3CCT,Setsu,Electrical & Lighting,Anti-Glare Downlight,500.00,20,setsu-p7-1.webp,,yes
SL-SDL 9W,Setsu LED Square Downlight 4 Inch 9W SL-SDL 9W,Setsu,Electrical & Lighting,LED Downlight,200.00,20,setsu-p7-2.webp,,yes
SL-SDL 15W,Setsu LED Square Downlight 6 Inch 15W SL-SDL 15W,Setsu,Electrical & Lighting,LED Downlight,325.00,20,setsu-p7-2.webp,,yes
SL-TRIM-SMDL 12W,Setsu LED Trimless Downlight 5 Inch 12W SL-TRIM-SMDL 12W,Setsu,Electrical & Lighting,LED Downlight,250.00,20,setsu-p7-3.webp,,yes
SL-AGDL-100MM 3CCT,Setsu LED Anti-Glare Downlight 4 Inch 12-16-20W 3CCT SL-AGDL-100MM 3CCT,Setsu,Electrical & Lighting,Anti-Glare Downlight,1000.00,20,setsu-p8-1.webp,,yes
SL-AGDL-140MM 3CCT,Setsu LED Anti-Glare Downlight 6 Inch 18-24-30W 3CCT SL-AGDL-140MM 3CCT,Setsu,Electrical & Lighting,Anti-Glare Downlight,1500.00,20,setsu-p8-1.webp,,yes
SL-AGDL-200MM 3CCT,Setsu LED Anti-Glare Downlight 8 Inch 24-32-40W 3CCT SL-AGDL-200MM 3CCT,Setsu,Electrical & Lighting,Anti-Glare Downlight,2000.00,20,setsu-p8-1.webp,,yes
SL-COB-20W WW,Setsu LED COB Downlight 6 Inch 20W SL-COB-20W WW,Setsu,Electrical & Lighting,LED COB Downlight,1000.00,20,setsu-p9-1.webp,,yes
SL-COB-30W WW,Setsu LED COB Downlight 8 Inch 30W SL-COB-30W WW,Setsu,Electrical & Lighting,LED COB Downlight,1500.00,20,setsu-p9-1.webp,,yes
SL-PL30120 40W,Setsu LED Panel Light 30x120 40W 6500K SL-PL30120 40W,Setsu,Electrical & Lighting,LED Panel Light,1350.00,20,setsu-p10-1.webp,,yes
SL-PL30120 40W 3CCT,Setsu LED Panel Light 30x120 40W 3CCT SL-PL30120 40W 3CCT,Setsu,Electrical & Lighting,LED Panel Light,1500.00,20,setsu-p10-1.webp,,yes
SL-PL-6060-40W,Setsu LED Panel Light 60x60 40W 6500K SL-PL-6060-40W,Setsu,Electrical & Lighting,LED Panel Light,1250.00,20,setsu-p10-2.webp,,yes
SL-PL-6060-40W-3CCT,Setsu LED Panel Light 60x60 40W 3CCT SL-PL-6060-40W,Setsu,Electrical & Lighting,LED Panel Light,1500.00,20,setsu-p10-2.webp,,yes
SL-PL-60120-48W,Setsu LED Panel Light 60x120 48W 3CCT SL-PL-60120-48W,Setsu,Electrical & Lighting,LED Panel Light,3300.00,20,setsu-p10-3.webp,,yes
SL-PL-6060-40W ACC,Setsu LED Panel Light 60x60 Surface Mounted Frame SL-PL-6060-40W ACC,Setsu,Electrical & Lighting,LED Panel Light,600.00,20,setsu-p10-4.webp,,yes
SL-PL-60120-48W ACC,Setsu LED Panel Light 60x120 Surface Mounted Frame SL-PL-60120-48W ACC,Setsu,Electrical & Lighting,LED Panel Light,1200.00,20,setsu-p10-4.webp,,yes
S-TPSZPAR30 10W,Setsu LED Weatherproof Par 30 10W E27 S-TPSZPAR30 10W,Setsu,Electrical & Lighting,LED Weatherproof Par,300.00,20,setsu-p11-1.webp,,yes
S-TPSZPAR38 15W,Setsu LED Weatherproof Par 38 15W E27 S-TPSZPAR38 15W,Setsu,Electrical & Lighting,LED Weatherproof Par,350.00,20,setsu-p11-1.webp,,yes
SL-WPF-136,Setsu Weatherproof Fixture Single Ended 1x18W SL-WPF-136,Setsu,Electrical & Lighting,LED Weatherproof Fixture,750.00,20,setsu-p11-2.webp,,yes
SL-WPF-236,Setsu Weatherproof Fixture Single Ended 2x18W SL-WPF-236,Setsu,Electrical & Lighting,LED Weatherproof Fixture,850.00,20,setsu-p11-2.webp,,yes
SL-STL-100W,Setsu LED Streetlight 100W IP65 SL-STL-100W,Setsu,Electrical & Lighting,LED Streetlight,3900.00,20,setsu-p11-3.webp,,yes
SL-STL-120W,Setsu LED Streetlight 120W IP65 SL-STL-120W,Setsu,Electrical & Lighting,LED Streetlight,4500.00,20,setsu-p11-3.webp,,yes
SL-HB-100W,Setsu LED High Bay E40 100W SL-HB-100W,Setsu,Electrical & Lighting,LED High Bay,2500.00,20,setsu-p11-4.webp,,yes
SL-HB-150W,Setsu LED High Bay E40 150W SL-HB-150W,Setsu,Electrical & Lighting,LED High Bay,2900.00,20,setsu-p11-4.webp,,yes
SL-UFOHB-100W,Setsu LED UFO High Bay 100W with 10KV SPD SL-UFOHB-100W,Setsu,Electrical & Lighting,LED High Bay,3500.00,20,setsu-p11-5.webp,,yes
SL-UFOHB-200W,Setsu LED UFO High Bay 200W with 10KV SPD SL-UFOHB-200W,Setsu,Electrical & Lighting,LED High Bay,5000.00,20,setsu-p11-5.webp,,yes
SL-TWPF-1200-33W,Setsu LED Weatherproof Batten 33W Dual Power Switch SL-TWPF-1200-33W,Setsu,Electrical & Lighting,LED Weatherproof Batten,1500.00,20,setsu-p11-6.webp,,yes
SL-FL-10W,Setsu LED Weatherproof Floodlight 10W IP65 SL-FL-10W,Setsu,Electrical & Lighting,LED Weatherproof Floodlight,300.00,20,setsu-p12-1.webp,,yes
SL-FL-20W,Setsu LED Weatherproof Floodlight 20W IP65 SL-FL-20W,Setsu,Electrical & Lighting,LED Weatherproof Floodlight,400.00,20,setsu-p12-1.webp,,yes
SL-FL-30W,Setsu LED Weatherproof Floodlight 30W IP65 SL-FL-30W,Setsu,Electrical & Lighting,LED Weatherproof Floodlight,550.00,20,setsu-p12-1.webp,,yes
SL-FL-50W,Setsu LED Weatherproof Floodlight 50W IP65 SL-FL-50W,Setsu,Electrical & Lighting,LED Weatherproof Floodlight,800.00,20,setsu-p12-1.webp,,yes
SL-FL-70W,Setsu LED Weatherproof Floodlight 70W IP66 SL-FL-70W,Setsu,Electrical & Lighting,LED Weatherproof Floodlight,1550.00,20,setsu-p12-2.webp,,yes
SL-FL-100W,Setsu LED Weatherproof Floodlight 100W IP66 SL-FL-100W,Setsu,Electrical & Lighting,LED Weatherproof Floodlight,1850.00,20,setsu-p12-2.webp,,yes
SL-FL-150W,Setsu LED Weatherproof Floodlight 150W IP66 SL-FL-150W,Setsu,Electrical & Lighting,LED Weatherproof Floodlight,2750.00,20,setsu-p12-2.webp,,yes
SL-FL-200W,Setsu LED Weatherproof Floodlight 200W IP66 SL-FL-200W,Setsu,Electrical & Lighting,LED Weatherproof Floodlight,4000.00,20,setsu-p12-2.webp,,yes
SL-FL-400W,Setsu LED Weatherproof Floodlight 400W IP66 SL-FL-400W,Setsu,Electrical & Lighting,LED Weatherproof Floodlight,8000.00,20,setsu-p12-2.webp,,yes
SSL-SL-100W,Setsu LED Solar Streetlight 100W SSL-SL-100W,Setsu,Electrical & Lighting,LED Solar Streetlight,1600.00,20,setsu-p12-3.webp,,yes
SSL-SL-150W,Setsu LED Solar Streetlight 150W SSL-SL-150W,Setsu,Electrical & Lighting,LED Solar Streetlight,2200.00,20,setsu-p12-3.webp,,yes
SSL-SL-200W,Setsu LED Solar Streetlight 200W SSL-SL-200W,Setsu,Electrical & Lighting,LED Solar Streetlight,3200.00,20,setsu-p12-3.webp,,yes
SSL-SL-300W,Setsu LED Solar Streetlight 300W SSL-SL-300W,Setsu,Electrical & Lighting,LED Solar Streetlight,3800.00,20,setsu-p12-3.webp,,yes
SSL-FL-100W,Setsu LED Solar Floodlight 100W SSL-FL-100W,Setsu,Electrical & Lighting,LED Solar Floodlight,2000.00,20,setsu-p12-4.webp,,yes
SSL-FL-300W,Setsu LED Solar Floodlight 300W SSL-FL-300W,Setsu,Electrical & Lighting,LED Solar Floodlight,4800.00,20,setsu-p12-4.webp,,yes
SL-FL 30W 3CCT,Setsu LED Weatherproof Floodlight Pro 30W 3CCT SL-FL 30W 3CCT,Setsu,Electrical & Lighting,LED Floodlight Pro 3CCT,1200.00,20,setsu-p13-1.webp,,yes
SL-FL 50W 3CCT,Setsu LED Weatherproof Floodlight Pro 50W 3CCT SL-FL 50W 3CCT,Setsu,Electrical & Lighting,LED Floodlight Pro 3CCT,1600.00,20,setsu-p13-1.webp,,yes
SL-FL-100W 3CCT,Setsu LED Weatherproof Floodlight Pro 100W 3CCT SL-FL-100W 3CCT,Setsu,Electrical & Lighting,LED Floodlight Pro 3CCT,2500.00,20,setsu-p13-1.webp,,yes
SL-FL-200W 3CCT,Setsu LED Weatherproof Floodlight Pro 200W 3CCT SL-FL-200W 3CCT,Setsu,Electrical & Lighting,LED Floodlight Pro 3CCT,5000.00,20,setsu-p13-1.webp,,yes
SSL-WL-1.5W,Setsu LED Solar Wall Lamp 1.5W SSL-WL-1.5W,Setsu,Electrical & Lighting,LED Solar Wall Lamp,650.00,20,setsu-p14-1.webp,,yes
SSL-WL-4W,Setsu LED Solar Wall Lamp 4W SSL-WL-4W,Setsu,Electrical & Lighting,LED Solar Wall Lamp,1500.00,20,setsu-p14-1.webp,,yes
SSL-WL-50W,Setsu LED Solar Wall Floodlight 60W SSL-WL-50W,Setsu,Electrical & Lighting,LED Solar Wall Lamp,1350.00,20,setsu-p14-2.webp,,yes
B-200,Setsu PVC Electrical Tape 16M Big B-200,Setsu,Electrical & Lighting,PVC Electrical Tape,28.00,20,setsu-p15-1.webp,,yes
B-400,Setsu PVC Electrical Tape 6M Small B-400,Setsu,Electrical & Lighting,PVC Electrical Tape,12.00,20,setsu-p15-1.webp,,yes
FLEX-3.2-4X8,Flex Fiber Cement Board 3.2mm x 4ft x 8ft,Flex,Boards,Fiber Cement Board,372.00,20,board-flex.webp,,yes
FLEX-3.5-4X8,Flex Fiber Cement Board 3.5mm x 4ft x 8ft,Flex,Boards,Fiber Cement Board,390.00,20,board-flex.webp,,yes
FLEX-4.5-4X8,Flex Fiber Cement Board 4.5mm x 4ft x 8ft,Flex,Boards,Fiber Cement Board,474.00,20,board-flex.webp,,yes
FLEX-5.0-4X8,Flex Fiber Cement Board 5.0mm x 4ft x 8ft,Flex,Boards,Fiber Cement Board,564.00,20,board-flex.webp,,yes
FLEX-6.0-4X8,Flex Fiber Cement Board 6.0mm x 4ft x 8ft,Flex,Boards,Fiber Cement Board,642.00,20,board-flex.webp,,yes
FLEX-9.0-4X8,Flex Fiber Cement Board 9.0mm x 4ft x 8ft,Flex,Boards,Fiber Cement Board,996.00,20,board-flex.webp,,yes
FLEX-12.0-4X8,Flex Fiber Cement Board 12.0mm x 4ft x 8ft,Flex,Boards,Fiber Cement Board,1344.00,20,board-flex.webp,,yes
FLEX-16.0-4X8,Flex Fiber Cement Board 16.0mm x 4ft x 8ft,Flex,Boards,Fiber Cement Board,2766.00,20,board-flex.webp,,yes
FLEX-18.0-4X8,Flex Fiber Cement Board 18.0mm x 4ft x 8ft,Flex,Boards,Fiber Cement Board,3090.00,20,board-flex.webp,,yes
SMART-3.5-4X8,Smart Fiber Cement Board 3.5mm x 4ft x 8ft,Smart,Boards,Fiber Cement Board,360.00,20,board-smart.webp,,yes
SMART-4.5-4X8,Smart Fiber Cement Board 4.5mm x 4ft x 8ft,Smart,Boards,Fiber Cement Board,432.00,20,board-smart.webp,,yes
SMART-6.0-4X8,Smart Fiber Cement Board 6.0mm x 4ft x 8ft,Smart,Boards,Fiber Cement Board,612.00,20,board-smart.webp,,yes
SMART-9.0-4X8,Smart Fiber Cement Board 9.0mm x 4ft x 8ft,Smart,Boards,Fiber Cement Board,948.00,20,board-smart.webp,,yes
SMART-12.0-4X8,Smart Fiber Cement Board 12.0mm x 4ft x 8ft,Smart,Boards,Fiber Cement Board,1224.00,20,board-smart.webp,,yes
GARDNER-3.5-4X8,Gardner Fiber Cement Board 3.5mm x 4ft x 8ft,Gardner,Boards,Fiber Cement Board,379.20,20,board-gardner.webp,,yes
GARDNER-4.5-4X8,Gardner Gardflex Fiber Cement Board 4.5mm x 4ft x 8ft,Gardner,Boards,Fiber Cement Board,463.20,20,board-gardner.webp,,yes
GARDNER-6.0-4X8,Gardner Gardflex Fiber Cement Board 6.0mm x 4ft x 8ft,Gardner,Boards,Fiber Cement Board,648.00,20,board-gardner.webp,,yes
GARDNER-9.0-4X8,Gardner Fiber Cement Board 9.0mm x 4ft x 8ft,Gardner,Boards,Fiber Cement Board,1011.60,20,board-gardner.webp,,yes
GARDNER-10.0-4X8,Gardner Fiber Cement Board 10.0mm x 4ft x 8ft,Gardner,Boards,Fiber Cement Board,1122.00,20,board-gardner.webp,,yes
GARDNER-12.0-4X8,Gardner Fiber Cement Board 12.0mm x 4ft x 8ft,Gardner,Boards,Fiber Cement Board,1333.20,20,board-gardner.webp,,yes
GARDNER-16.0-4X8,Gardner Fiber Cement Board 16.0mm x 4ft x 8ft,Gardner,Boards,Fiber Cement Board,2007.60,20,board-gardner.webp,,yes
GARDNER-18.0-4X8,Gardner Fiber Cement Board 18.0mm x 4ft x 8ft,Gardner,Boards,Fiber Cement Board,2245.20,20,board-gardner.webp,,yes
GARDNER-SENEPA-9-8IN,"Gardner Senepa Fiber Cement Plank 9mm x 8"" x 8ft",Gardner,Boards,Fiber Cement Plank,230.40,20,board-senepa.webp,,yes
GARDNER-SENEPA-9-10IN,"Gardner Senepa Fiber Cement Plank 9mm x 10"" x 8ft",Gardner,Boards,Fiber Cement Plank,276.00,20,board-senepa.webp,,yes
GARDNER-SENEPA-9-12IN,"Gardner Senepa Fiber Cement Plank 9mm x 12"" x 8ft",Gardner,Boards,Fiber Cement Plank,312.00,20,board-senepa.webp,,yes
GARDNER-SENEPA-12-8IN,"Gardner Senepa Fiber Cement Plank 12mm x 8"" x 8ft",Gardner,Boards,Fiber Cement Plank,284.40,20,board-senepa.webp,,yes
GARDNER-SENEPA-12-10IN,"Gardner Senepa Fiber Cement Plank 12mm x 10"" x 8ft",Gardner,Boards,Fiber Cement Plank,333.60,20,board-senepa.webp,,yes
GARDNER-SENEPA-12-12IN,"Gardner Senepa Fiber Cement Plank 12mm x 12"" x 8ft",Gardner,Boards,Fiber Cement Plank,393.60,20,board-senepa.webp,,yes
SHERA-3.5-4X8,Shera Fiber Cement Board 3.5mm x 4ft x 8ft,Shera,Boards,Fiber Cement Board,384.00,20,board-shera.webp,,yes
SHERA-4.5-4X8,Shera Fiber Cement Board 4.5mm x 4ft x 8ft,Shera,Boards,Fiber Cement Board,456.00,20,board-shera.webp,,yes
SHERA-6.0-4X8,Shera Fiber Cement Board 6.0mm x 4ft x 8ft,Shera,Boards,Fiber Cement Board,624.00,20,board-shera.webp,,yes
SHERA-9.0-4X8,Shera Fiber Cement Board 9.0mm x 4ft x 8ft,Shera,Boards,Fiber Cement Board,972.00,20,board-shera.webp,,yes
SHERA-12.0-4X8,Shera Fiber Cement Board 12.0mm x 4ft x 8ft,Shera,Boards,Fiber Cement Board,1230.00,20,board-shera.webp,,yes
SHERA-18.0-4X8,Shera Fiber Cement Board 18.0mm x 4ft x 8ft,Shera,Boards,Fiber Cement Board,2124.00,20,board-shera.webp,,yes
SHERA-SENEPA-9-8IN,"Shera Senepa Fiber Cement Plank 9mm x 8"" x 8ft",Shera,Boards,Fiber Cement Plank,292.80,20,board-senepa.webp,,yes
SHERA-SENEPA-9-10IN,"Shera Senepa Fiber Cement Plank 9mm x 10"" x 8ft",Shera,Boards,Fiber Cement Plank,340.80,20,board-senepa.webp,,yes
SHERA-SENEPA-9-12IN,"Shera Senepa Fiber Cement Plank 9mm x 12"" x 8ft",Shera,Boards,Fiber Cement Plank,369.60,20,board-senepa.webp,,yes
SHERA-SENEPA-12-8IN,"Shera Senepa Fiber Cement Plank 12mm x 8"" x 8ft",Shera,Boards,Fiber Cement Plank,350.40,20,board-senepa.webp,,yes
SHERA-SENEPA-12-10IN,"Shera Senepa Fiber Cement Plank 12mm x 10"" x 8ft",Shera,Boards,Fiber Cement Plank,375.60,20,board-senepa.webp,,yes
SHERA-SENEPA-12-12IN,"Shera Senepa Fiber Cement Plank 12mm x 12"" x 8ft",Shera,Boards,Fiber Cement Plank,433.20,20,board-senepa.webp,,yes
DURAFLEX-3.5-4X8,Duraflex Fiber Cement Board 3.5mm x 4ft x 8ft,Duraflex,Boards,Fiber Cement Board,344.40,20,board-duraflex.webp,,yes
DURAFLEX-4.5-4X8,Duraflex Fiber Cement Board 4.5mm x 4ft x 8ft,Duraflex,Boards,Fiber Cement Board,429.60,20,board-duraflex.webp,,yes
DURAFLEX-6.0-4X8,Duraflex Fiber Cement Board 6.0mm x 4ft x 8ft,Duraflex,Boards,Fiber Cement Board,603.60,20,board-duraflex.webp,,yes
DURAFLEX-9.0-4X8,Duraflex Fiber Cement Board 9.0mm x 4ft x 8ft,Duraflex,Boards,Fiber Cement Board,939.60,20,board-duraflex.webp,,yes
DURAFLEX-12.0-4X8,Duraflex Fiber Cement Board 12.0mm x 4ft x 8ft,Duraflex,Boards,Fiber Cement Board,1231.20,20,board-duraflex.webp,,yes
DURAFLEX-15.0-4X8,Duraflex Fiber Cement Board 15.0mm x 4ft x 8ft,Duraflex,Boards,Fiber Cement Board,1657.20,20,board-duraflex.webp,,yes
DURAFLEX-16.0-4X8,Duraflex Fiber Cement Board 16.0mm x 4ft x 8ft,Duraflex,Boards,Fiber Cement Board,1722.00,20,board-duraflex.webp,,yes
DURAFLEX-18.0-4X8,Duraflex Fiber Cement Board 18.0mm x 4ft x 8ft,Duraflex,Boards,Fiber Cement Board,2170.80,20,board-duraflex.webp,,yes
DURAFLEX-20.0-4X8,Duraflex Fiber Cement Board 20.0mm x 4ft x 8ft,Duraflex,Boards,Fiber Cement Board,2329.20,20,board-duraflex.webp,,yes
DURAFLEX-SENEPA-9-8IN,"Duraflex Senepa Fiber Cement Plank 9mm x 8"" x 8ft",Duraflex,Boards,Fiber Cement Plank,237.60,20,board-senepa.webp,,yes
DURAFLEX-SENEPA-9-10IN,"Duraflex Senepa Fiber Cement Plank 9mm x 10"" x 8ft",Duraflex,Boards,Fiber Cement Plank,277.20,20,board-senepa.webp,,yes
DURAFLEX-SENEPA-9-12IN,"Duraflex Senepa Fiber Cement Plank 9mm x 12"" x 8ft",Duraflex,Boards,Fiber Cement Plank,337.20,20,board-senepa.webp,,yes
DURAFLEX-SENEPA-12-8IN,"Duraflex Senepa Fiber Cement Plank 12mm x 8"" x 8ft",Duraflex,Boards,Fiber Cement Plank,308.40,20,board-senepa.webp,,yes
DURAFLEX-SENEPA-12-10IN,"Duraflex Senepa Fiber Cement Plank 12mm x 10"" x 8ft",Duraflex,Boards,Fiber Cement Plank,351.60,20,board-senepa.webp,,yes
DURAFLEX-SENEPA-12-12IN,"Duraflex Senepa Fiber Cement Plank 12mm x 12"" x 8ft",Duraflex,Boards,Fiber Cement Plank,421.20,20,board-senepa.webp,,yes
MDF-2.5-4X8,MDF Board 2.5mm x 4ft x 8ft (Pre-order),MDF,Boards,MDF Board,303.60,20,board-mdf.webp,Pre-order item: LCT confirms the lead time when you order.,yes
MDF-3.0-4X8,MDF Board 3.0mm x 4ft x 8ft,MDF,Boards,MDF Board,372.00,20,board-mdf.webp,,yes
MDF-4.0-4X8,MDF Board 4.0mm x 4ft x 8ft (Pre-order),MDF,Boards,MDF Board,450.00,20,board-mdf.webp,Pre-order item: LCT confirms the lead time when you order.,yes
MDF-4.75-4X8,MDF Board 4.75mm x 4ft x 8ft,MDF,Boards,MDF Board,520.80,20,board-mdf.webp,,yes
MDF-6.0-4X8,MDF Board 6.0mm x 4ft x 8ft,MDF,Boards,MDF Board,612.00,20,board-mdf.webp,,yes
MDF-9.0-4X8,MDF Board 9.0mm x 4ft x 8ft,MDF,Boards,MDF Board,810.00,20,board-mdf.webp,,yes
MDF-12.0-4X8,MDF Board 12.0mm x 4ft x 8ft,MDF,Boards,MDF Board,1080.00,20,board-mdf.webp,,yes
MDF-15.0-4X8,MDF Board 15.0mm x 4ft x 8ft (Pre-order),MDF,Boards,MDF Board,1236.00,20,board-mdf.webp,Pre-order item: LCT confirms the lead time when you order.,yes
MDF-18.0-4X8,MDF Board 18.0mm x 4ft x 8ft,MDF,Boards,MDF Board,1440.00,20,board-mdf.webp,,yes
MDF-25.0-4X8,MDF Board 25.0mm x 4ft x 8ft (Pre-order),MDF,Boards,MDF Board,2394.00,20,board-mdf.webp,Pre-order item: LCT confirms the lead time when you order.,yes
MARINEPLEX-10-Y,Marineplex Phenolic Board 10mm x 4ft x 8ft (Yellow),Marineplex,Boards,Phenolic Board,1026.00,20,board-marineplex.webp,,yes
MARINEPLEX-11-W,Marineplex Phenolic Board 11mm x 4ft x 8ft (White),Marineplex,Boards,Phenolic Board,1182.00,20,board-marineplex.webp,,yes
MARINEPLEX-16-Y,Marineplex Phenolic Board 16mm x 4ft x 8ft (Yellow),Marineplex,Boards,Phenolic Board,1278.00,20,board-marineplex.webp,,yes
MARINEPLEX-17-W,Marineplex Phenolic Board 17mm x 4ft x 8ft (White),Marineplex,Boards,Phenolic Board,1650.00,20,board-marineplex.webp,,yes
CROCODILE-1/2-4X8,"Crocodile Phenolic Board 1/2"" (7-7.5mm) x 4ft x 8ft",Crocodile,Boards,Phenolic Board,642.00,20,board-crocodile.webp,"Crocodile brand: no return, no exchange, no cancellation, no refund.",yes
CROCODILE-3/4-4X8,"Crocodile Phenolic Board 3/4"" (14.5mm) x 4ft x 8ft",Crocodile,Boards,Phenolic Board,954.00,20,board-crocodile.webp,"Crocodile brand: no return, no exchange, no cancellation, no refund.",yes
IMWOOD-11-12-4X8,IM Wood Phenolic Board 11-12mm x 4ft x 8ft,IM Wood,Boards,Phenolic Board,1134.00,20,board-imwood.webp,,yes
IMWOOD-17-18-4X8,IM Wood Phenolic Board 17-18mm x 4ft x 8ft,IM Wood,Boards,Phenolic Board,1578.00,20,board-imwood.webp,,yes
GYPROC-12-RE-TE,Gyproc Gypsum Board 12mm x 4ft x 8ft RE/TE,Gyproc,Boards,Gypsum Board,536.40,20,board-gyproc.webp,,yes
GYPROC-9-RE-TE,Gyproc Gypsum Board 9mm x 4ft x 8ft RE/TE,Gyproc,Boards,Gypsum Board,464.40,20,board-gyproc.webp,,yes
GYPROC-12-MR-TE,Gyproc Moisture Resistant Gypsum Board 12mm x 4ft x 8ft MR/TE,Gyproc,Boards,Gypsum Board,777.60,20,board-gyproc.webp,,yes
GYPROC-9-MR-TE,Gyproc Moisture Resistant Gypsum Board 9mm x 4ft x 8ft MR/TE,Gyproc,Boards,Gypsum Board,682.80,20,board-gyproc.webp,,yes
GYPROC-15.9-RE-TE,"Gyproc Gypsum Board 15.9mm (5/8"") x 4ft x 8ft RE/TE",Gyproc,Boards,Gypsum Board,885.60,20,board-gyproc.webp,,yes
GYPROC-12.7-FS-X,Gyproc Fire Shield Gypsum Board 12.7mm x 4ft x 8ft Type X,Gyproc,Boards,Gypsum Board,909.60,20,board-gyproc.webp,,yes
GYPROC-15.9-FS-X,Gyproc Fire Shield Gypsum Board 15.9mm x 4ft x 8ft Type X,Gyproc,Boards,Gypsum Board,1196.40,20,board-gyproc.webp,,yes
GYPCOTE-ARM-28KG,Gypcote All Purpose Ready Mix Compound 28kg,Gyproc,Boards,Jointing Compound,1077.60,20,board-gyproc.webp,,yes
GYPREX-PW-9-2X4,Gyprex Plain White Ceiling Tile 9mm x 2ft x 4ft,Gyproc,Boards,Ceiling Tile,302.40,20,board-gyprex.webp,,yes
GYPREX-GR-9-2X4,Gyprex Granular Ceiling Tile 9mm x 2ft x 4ft,Gyproc,Boards,Ceiling Tile,302.40,20,board-gyprex.webp,,yes
GYPREX-DD-9-2X4,Gyprex Dew Drop Ceiling Tile 9mm x 2ft x 4ft,Gyproc,Boards,Ceiling Tile,302.40,20,board-gyprex.webp,,yes
GYPROC-PROFIN-20KG,Gyproc Profin Jointing Compound 20kg,Gyproc,Boards,Jointing Compound,798.00,20,board-gyproc.webp,,yes
GYPLINE-12-4X8,Gypline Gypsum Board 12mm x 4ft x 8ft,Gypline,Boards,Gypsum Board,492.00,20,board-gypline.webp,,yes
GYPLINE-9-4X8,Gypline Gypsum Board 9mm x 4ft x 8ft,Gypline,Boards,Gypsum Board,432.00,20,board-gypline.webp,,yes
EASTBERG-9-4X8,Eastberg Gypsum Board 9mm x 4ft x 8ft,Eastberg,Boards,Gypsum Board,447.60,20,board-eastberg.webp,,yes
EASTBERG-12-4X8,Eastberg Gypsum Board 12mm x 4ft x 8ft,Eastberg,Boards,Gypsum Board,514.80,20,board-eastberg.webp,,yes
EASTBERG-9-MR-4X8,Eastberg Moisture Resistant Gypsum Board 9mm x 4ft x 8ft MR,Eastberg,Boards,Gypsum Board,573.60,20,board-eastberg.webp,,yes
EASTBERG-12-MR-4X8,Eastberg Moisture Resistant Gypsum Board 12mm x 4ft x 8ft MR,Eastberg,Boards,Gypsum Board,654.00,20,board-eastberg.webp,,yes
EASTBERG-12-X-4X8,Eastberg Fire Rated Gypsum Board 12mm x 4ft x 8ft Type X,Eastberg,Boards,Gypsum Board,822.00,20,board-eastberg.webp,,yes
EASTBERG-15-X-4X8,Eastberg Fire Rated Gypsum Board 15mm x 4ft x 8ft Type X,Eastberg,Boards,Gypsum Board,1056.00,20,board-eastberg.webp,,yes
EASTBERG-ECHOSTOP-12,Eastberg Echostop Acoustic Board 12mm,Eastberg,Boards,Gypsum Board,1347.60,20,board-eastberg.webp,,yes
EASTBERG-TILE-9,Eastberg Ceiling Tile 9mm,Eastberg,Boards,Ceiling Tile,234.00,20,board-eastberg-tile.webp,,yes
EASTBERG-JC,Eastberg Jointing Compound,Eastberg,Boards,Jointing Compound,516.00,20,board-eastberg-compound.webp,,yes
WEBER-FINEWHITE-20KG,Weber Fine White Skim Coat 20kg,Weber,Boards,Tile Adhesive & Skim Coat,468.00,20,board-weber-finewhite.webp,,yes
WEBER-TAIVIS-25KG,Weber Taivis Standard Tile Adhesive 25kg,Weber,Boards,Tile Adhesive & Skim Coat,276.00,20,board-weber-taivis.webp,,yes
PP-HOLLOW-12,PP Hollow Board 12mm,PP Hollow Board,Boards,PP Hollow Board,1704.00,20,board-pp-hollow.webp,,yes
PP-HOLLOW-15,PP Hollow Board 15mm,PP Hollow Board,Boards,PP Hollow Board,1944.00,20,board-pp-hollow.webp,,yes
PP-HOLLOW-18,PP Hollow Board 18mm,PP Hollow Board,Boards,PP Hollow Board,2304.00,20,board-pp-hollow.webp,,yes
SVC-500VA,Wixim Automatic Voltage Regulator 500VA Single Phase Servo (SVC-500VA),Wixim,Electrical & Lighting,Automatic Voltage Regulator,4920.00,20,wixim-avr-small.webp,"Single phase, servo motor control with time delay and over-voltage protection. Input 150-250V or 70-140V, output 220V or 110V. Protection: 5A fuse. Size: 19x18x14 cm. Weight: 3.5 kg.",yes
SVC-1000VA,Wixim Automatic Voltage Regulator 1000VA Single Phase Servo (SVC-1000VA),Wixim,Electrical & Lighting,Automatic Voltage Regulator,6480.00,20,wixim-avr-small.webp,"Single phase, servo motor control with time delay and over-voltage protection. Input 150-250V or 70-140V, output 220V or 110V. Protection: 7A fuse. Size: 22x21x16 cm. Weight: 5.0 kg.",yes
SVC-1500VA,Wixim Automatic Voltage Regulator 1500VA Single Phase Servo (SVC-1500VA),Wixim,Electrical & Lighting,Automatic Voltage Regulator,7320.00,20,wixim-avr-small.webp,"Single phase, servo motor control with time delay and over-voltage protection. Input 150-250V or 70-140V, output 220V or 110V. Protection: 10A fuse. Size: 22x21x16 cm. Weight: 6.0 kg.",yes
SVC-2000VA,Wixim Automatic Voltage Regulator 2000VA Single Phase Servo (SVC-2000VA),Wixim,Electrical & Lighting,Automatic Voltage Regulator,10680.00,20,wixim-avr-small.webp,"Single phase, servo motor control with time delay and over-voltage protection. Input 150-250V or 70-140V, output 220V or 110V. Protection: 10A MCB. Size: 24x27x20 cm. Weight: 12 kg.",yes
SVC-3000VA,Wixim Automatic Voltage Regulator 3000VA Single Phase Servo (SVC-3000VA),Wixim,Electrical & Lighting,Automatic Voltage Regulator,14280.00,20,wixim-avr-medium.webp,"Single phase, servo motor control with time delay and over-voltage protection. Input 150-250V or 70-140V, output 220V or 110V. Protection: 16A MCB. Size: 22x30x25 cm. Weight: 13 kg.",yes
SVC-5KVA,Wixim Automatic Voltage Regulator 5KVA Single Phase Servo (SVC-5KVA),Wixim,Electrical & Lighting,Automatic Voltage Regulator,20280.00,20,wixim-avr-medium.webp,"Single phase, servo motor control with time delay and over-voltage protection. Input 150-250V or 70-140V, output 220V or 110V. Protection: 25A MCB. Size: 30x47x20 cm. Weight: 28 kg.",yes
SVC-8KVA,Wixim Automatic Voltage Regulator 8KVA Single Phase Servo (SVC-8KVA),Wixim,Electrical & Lighting,Automatic Voltage Regulator,33480.00,20,wixim-avr-medium.webp,"Single phase, servo motor control with time delay and over-voltage protection. Input 150-250V or 70-140V, output 220V or 110V. Protection: 40A MCB. Size: 36x28x48 cm. Weight: 37 kg.",yes
SVC-10KVA,Wixim Automatic Voltage Regulator 10KVA Single Phase Servo (SVC-10KVA),Wixim,Electrical & Lighting,Automatic Voltage Regulator,35880.00,20,wixim-avr-medium.webp,"Single phase, servo motor control with time delay and over-voltage protection. Input 150-250V or 70-140V, output 220V or 110V. Protection: 50A MCB. Size: 36x28x48 cm. Weight: 38 kg.",yes
SVC-15KVA,Wixim Automatic Voltage Regulator 15KVA Single Phase Servo (SVC-15KVA),Wixim,Electrical & Lighting,Automatic Voltage Regulator,70800.00,20,wixim-avr-large.webp,"Single phase, servo motor control with time delay and over-voltage protection. Input 150-250V or 70-140V, output 220V or 110V. Protection: 75A MCB. Size: 33x40x65 cm. Weight: 65 kg.",yes
SVC-20KVA,Wixim Automatic Voltage Regulator 20KVA Single Phase Servo (SVC-20KVA),Wixim,Electrical & Lighting,Automatic Voltage Regulator,90000.00,20,wixim-avr-large.webp,"Single phase, servo motor control with time delay and over-voltage protection. Input 150-250V or 70-140V, output 220V or 110V. Protection: 100A MCB. Size: 33x40x65 cm. Weight: 110 kg.",yes
SVC-30KVA,Wixim Automatic Voltage Regulator 30KVA Single Phase Servo (SVC-30KVA),Wixim,Electrical & Lighting,Automatic Voltage Regulator,122400.00,20,wixim-avr-large.webp,"Single phase, servo motor control with time delay and over-voltage protection. Input 150-250V or 70-140V, output 220V or 110V. Protection: MCCB. Size: 43x53x102 cm. Weight: 126 kg.",yes
SVC-50KVA,Wixim Automatic Voltage Regulator 50KVA Single Phase Servo (SVC-50KVA),Wixim,Electrical & Lighting,Automatic Voltage Regulator,192000.00,20,wixim-avr-large.webp,"Single phase, servo motor control with time delay and over-voltage protection. Input 150-250V or 70-140V, output 220V or 110V. Protection: MCCB. Size: 43x79x129 cm. Weight: 200 kg.",yes
SVC-60KVA,Wixim Automatic Voltage Regulator 60KVA Single Phase Servo (SVC-60KVA),Wixim,Electrical & Lighting,Automatic Voltage Regulator,240000.00,20,wixim-avr-large.webp,"Single phase, servo motor control with time delay and over-voltage protection. Input 150-250V or 70-140V, output 220V or 110V. Protection: MCCB. Size: 43x79x129 cm. Weight: 250 kg.",yes
SVC-3-1.5KVA,Wixim Automatic Voltage Regulator 1.5KVA Three Phase Servo (SVC-3-1.5KVA),Wixim,Electrical & Lighting,Automatic Voltage Regulator,26400.00,20,wixim-avr-3phase.webp,"Three phase, servo motor control and over-voltage protection. Protection: 3A MCB. Size: 40x36x27 cm. Weight: 18 kg.",yes
SVC-3-3KVA,Wixim Automatic Voltage Regulator 3KVA Three Phase Servo (SVC-3-3KVA),Wixim,Electrical & Lighting,Automatic Voltage Regulator,31200.00,20,wixim-avr-3phase.webp,"Three phase, servo motor control and over-voltage protection. Protection: 5A MCB. Size: 42x38x19 cm. Weight: 23 kg.",yes
SVC-3-4.5KVA,Wixim Automatic Voltage Regulator 4.5KVA Three Phase Servo (SVC-3-4.5KVA),Wixim,Electrical & Lighting,Automatic Voltage Regulator,38400.00,20,wixim-avr-3phase.webp,"Three phase, servo motor control and over-voltage protection. Protection: 8A MCB. Size: 42x38x19 cm. Weight: 27 kg.",yes
SVC-3-6KVA,Wixim Automatic Voltage Regulator 6KVA Three Phase Servo (SVC-3-6KVA),Wixim,Electrical & Lighting,Automatic Voltage Regulator,52800.00,20,wixim-avr-3phase.webp,"Three phase, servo motor control and over-voltage protection. Protection: 10A MCB. Size: 37x28x68 cm. Weight: 39 kg.",yes
SVC-3-9KVA,Wixim Automatic Voltage Regulator 9KVA Three Phase Servo (SVC-3-9KVA),Wixim,Electrical & Lighting,Automatic Voltage Regulator,60000.00,20,wixim-avr-3phase.webp,"Three phase, servo motor control and over-voltage protection. Protection: 15A MCB. Size: 37x33x78 cm. Weight: 48 kg.",yes
SVC-3-12KVA,Wixim Automatic Voltage Regulator 12KVA Three Phase Servo (SVC-3-12KVA),Wixim,Electrical & Lighting,Automatic Voltage Regulator,100800.00,20,wixim-avr-3phase.webp,"Three phase, servo motor control and over-voltage protection. Protection: 20A MCB. Size: 43x38x73 cm. Weight: 76 kg.",yes
SVC-3-15KVA,Wixim Automatic Voltage Regulator 15KVA Three Phase Servo (SVC-3-15KVA),Wixim,Electrical & Lighting,Automatic Voltage Regulator,106800.00,20,wixim-avr-3phase.webp,"Three phase, servo motor control and over-voltage protection. Protection: 25A MCB. Size: 43x38x73 cm. Weight: 85 kg.",yes
SVC-3-20KVA,Wixim Automatic Voltage Regulator 20KVA Three Phase Servo (SVC-3-20KVA),Wixim,Electrical & Lighting,Automatic Voltage Regulator,132000.00,20,wixim-avr-3phase.webp,"Three phase, servo motor control and over-voltage protection. Protection: 32A MCB. Size: 51x43x91 cm. Weight: 124 kg.",yes
SVC-3-30KVA,Wixim Automatic Voltage Regulator 30KVA Three Phase Servo (SVC-3-30KVA),Wixim,Electrical & Lighting,Automatic Voltage Regulator,164400.00,20,wixim-avr-3phase.webp,"Three phase, servo motor control and over-voltage protection. Protection: 50A MCB. Size: 51x43x91 cm. Weight: 131 kg.",yes
SBW-50KVA,Wixim Automatic Voltage Regulator 50KVA Three Phase Full-Automatic (SBW-50KVA),Wixim,Electrical & Lighting,Automatic Voltage Regulator,252000.00,20,wixim-avr-3phase.webp,"Three phase, full-automatic compensated type. Size: 60x75x121 cm. Weight: 315 kg.",yes
SBW-60KVA,Wixim Automatic Voltage Regulator 60KVA Three Phase Full-Automatic (SBW-60KVA),Wixim,Electrical & Lighting,Automatic Voltage Regulator,360000.00,20,wixim-avr-3phase.webp,"Three phase, full-automatic compensated type. Size: 60x75x121 cm. Weight: 320 kg.",yes
SBW-80KVA,Wixim Automatic Voltage Regulator 80KVA Three Phase Full-Automatic (SBW-80KVA),Wixim,Electrical & Lighting,Automatic Voltage Regulator,396000.00,20,wixim-avr-3phase.webp,"Three phase, full-automatic compensated type. Size: 65x80x137 cm. Weight: 460 kg.",yes
SBW-100KVA,Wixim Automatic Voltage Regulator 100KVA Three Phase Full-Automatic (SBW-100KVA),Wixim,Electrical & Lighting,Automatic Voltage Regulator,540000.00,20,wixim-avr-3phase.webp,"Three phase, full-automatic compensated type. Size: 65x80x137 cm. Weight: 480 kg.",yes
